TransactionNo,Date,ProductNo,ProductName,Price,Quantity,CustomerNo,Country,Revenue
581482,12/9/2019,22485,Set Of 2 Wooden Market Crates,21.47,12,17490,United Kingdom,257.64
581475,12/9/2019,22596,Christmas Star Wish List Chalkboard,10.65,36,13069,United Kingdom,383.4
581475,12/9/2019,23235,Storage Tin Vintage Leaf,11.53,12,13069,United Kingdom,138.36
581475,12/9/2019,23272,Tree T-Light Holder Willie Winkie,10.65,12,13069,United Kingdom,127.8
581475,12/9/2019,23239,Set Of 4 Knick Knack Tins Poppies,11.94,6,13069,United Kingdom,71.64
581475,12/9/2019,21705,Bag 500g Swirly Marbles,10.65,24,13069,United Kingdom,255.6
581475,12/9/2019,22118,Joy Wooden Block Letters,11.53,18,13069,United Kingdom,207.54
581475,12/9/2019,22119,Peace Wooden Block Letters,12.25,12,13069,United Kingdom,147
581475,12/9/2019,22217,T-Light Holder Hanging Lace,10.65,12,13069,United Kingdom,127.8
581475,12/9/2019,22216,T-Light Holder White Lace,10.55,24,13069,United Kingdom,253.2
581475,12/9/2019,22380,Toy Tidy Spaceboy,11.06,20,13069,United Kingdom,221.2
581475,12/9/2019,22442,Grow Your Own Flowers Set Of 3,12.25,12,13069,United Kingdom,147
581475,12/9/2019,22664,Toy Tidy Dolly Girl Design,11.06,20,13069,United Kingdom,221.2
581475,12/9/2019,22721,Set Of 3 Cake Tins Sketchbook,12.25,12,13069,United Kingdom,147
581475,12/9/2019,22723,Set Of 6 Herb Tins Sketchbook,11.53,12,13069,United Kingdom,138.36
581475,12/9/2019,22785,Squarecushion Cover Pink Union Jack,11.53,12,13069,United Kingdom,138.36
581475,12/9/2019,22955,36 Foil Star Cake Cases,11.06,24,13069,United Kingdom,265.44
581475,12/9/2019,23141,Triple Wire Hook Pink Heart,11.06,12,13069,United Kingdom,132.72
581475,12/9/2019,22956,36 Foil Heart Cake Cases,11.06,24,13069,United Kingdom,265.44
581475,12/9/2019,22581,Wood Stocking Christmas Scandispot,10.55,48,13069,United Kingdom,506.4
581476,12/9/2019,23198,Pantry Magnetic Shopping List,11.53,48,12433,Norway,553.44
581476,12/9/2019,23197,Sketchbook Magnetic Shopping List,11.74,24,12433,Norway,281.76
581476,12/9/2019,23184,Bull Dog Bottle Opener,15.32,8,12433,Norway,122.56
581476,12/9/2019,23168,Classic Cafe Sugar Dispenser,11.53,12,12433,Norway,138.36
581476,12/9/2019,23167,Small Ceramic Top Storage Jar,10.96,96,12433,Norway,1052.16
581476,12/9/2019,23166,Medium Ceramic Top Storage Jar,11.32,48,12433,Norway,543.36
581476,12/9/2019,23165,Large Ceramic Top Storage Jar,11.74,48,12433,Norway,563.52
581476,12/9/2019,23004,Travel Card Wallet Pantry,10.68,48,12433,Norway,512.64
581476,12/9/2019,23002,Travel Card Wallet Skulls,10.68,24,12433,Norway,256.32
581476,12/9/2019,23000,Travel Card Wallet Transport,10.68,24,12433,Norway,256.32
581476,12/9/2019,22998,Travel Card Wallet Keep Calm,10.68,72,12433,Norway,768.96
581476,12/9/2019,22994,Travel Card Wallet Retrospot,10.68,48,12433,Norway,512.64
581476,12/9/2019,22835,Hot Water Bottle I Am So Poorly,15.32,8,12433,Norway,122.56
581476,12/9/2019,22730,Alarm Clock Bakelike Ivory,14.09,4,12433,Norway,56.36
581476,12/9/2019,22728,Alarm Clock Bakelike Pink,14.09,8,12433,Norway,112.72
581476,12/9/2019,22727,Alarm Clock Bakelike Red,14.09,8,12433,Norway,112.72
581476,12/9/2019,22726,Alarm Clock Bakelike Green,14.09,4,12433,Norway,56.36
581476,12/9/2019,22720,Set Of 3 Cake Tins Pantry Design,14.61,16,12433,Norway,233.76
581476,12/9/2019,22693,Grow A Flytrap Or Sunflower In Tin,11.34,192,12433,Norway,2177.28
581476,12/9/2019,22670,French Wc Sign Blue Metal,11.53,24,12433,Norway,276.72
581476,12/9/2019,22667,Recipe Box Retrospot,12.86,24,12433,Norway,308.64
581476,12/9/2019,22666,Recipe Box Pantry Yellow Design,12.86,24,12433,Norway,308.64
581476,12/9/2019,22631,Circus Parade Lunch Box,12.25,12,12433,Norway,147
581476,12/9/2019,22628,Picnic Boxes Set Of 3 Retrospot,15.32,16,12433,Norway,245.12
581476,12/9/2019,22467,Gumball Coat Rack,12.86,6,12433,Norway,77.16
581476,12/9/2019,22197,Popcorn Holder,10.99,100,12433,Norway,1099
581476,12/9/2019,22114,Hot Water Bottle Tea And Sympathy,14.61,8,12433,Norway,116.88
581476,12/9/2019,22112,Chocolate Hot Water Bottle,15.32,9,12433,Norway,137.88
581476,12/9/2019,21908,Chocolate This Way Metal Sign,12.4,36,12433,Norway,446.4
581476,12/9/2019,21874,Gin And Tonic Mug,11.74,36,12433,Norway,422.64
581476,12/9/2019,21872,Glamorous Mug,11.53,12,12433,Norway,138.36
581476,12/9/2019,21871,Save The Planet Mug,11.74,36,12433,Norway,422.64
581476,12/9/2019,21533,Retrospot Large Milk Jug,15.32,6,12433,Norway,91.92
581476,12/9/2019,21481,Fawn Blue Hot Water Bottle,14.09,12,12433,Norway,169.08
581476,12/9/2019,21479,White Skull Hot Water Bottle,14.61,4,12433,Norway,58.44
581476,12/9/2019,21248,Door Hanger Mum + Dads Room,11.74,12,12433,Norway,140.88
581476,12/9/2019,21216,Set 3 Retrospot Tea/Coffee/Sugar,14.61,24,12433,Norway,350.64
581476,12/9/2019,21181,Please One Person Metal Sign,12.15,48,12433,Norway,583.2
581476,12/9/2019,21175,Gin And Tonic Diet Metal Sign,12.38,48,12433,Norway,594.24
581476,12/9/2019,21169,You're Confusing Me Metal Sign,11.74,48,12433,Norway,563.52
581476,12/9/2019,21162,Toxic Area Door Hanger,10.65,24,12433,Norway,255.6
581476,12/9/2019,21159,Moody Boy Door Hanger,10.65,24,12433,Norway,255.6
581476,12/9/2019,21158,Moody Girl Door Hanger,10.65,24,12433,Norway,255.6
581476,12/9/2019,21154,Red Retrospot Oven Glove,11.53,10,12433,Norway,115.3
581476,12/9/2019,16016,Large Chinese Style Scissor,11.12,40,12433,Norway,444.8
581476,12/9/2019,16014,Small Chinese Style Scissor,10.68,60,12433,Norway,640.8
581476,12/9/2019,16008,Small Folding Scissor(Pointed Edge),10.37,240,12433,Norway,2488.8
581476,12/9/2019,85152,Hand Over The Chocolate Sign,12.15,48,12433,Norway,583.2
581476,12/9/2019,84596F,Small Marshmallows Pink Bowl,10.68,32,12433,Norway,341.76
581476,12/9/2019,84596B,Small Dolly Mix Design Orange Bowl,10.68,16,12433,Norway,170.88
581476,12/9/2019,84510A,Set Of 4 English Rose Coasters,11.53,20,12433,Norway,230.6
581476,12/9/2019,82600,N0 Singing Metal Sign,12.15,48,12433,Norway,583.2
581476,12/9/2019,82581,Toilet Metal Sign,10.81,48,12433,Norway,518.88
581476,12/9/2019,72232,Feng Shui Pillar Candle,10.44,144,12433,Norway,1503.36
581476,12/9/2019,47559B,Tea Time Oven Glove,11.53,10,12433,Norway,115.3
581476,12/9/2019,47504H,English Rose Spirit Level,11.06,36,12433,Norway,398.16
581476,12/9/2019,23493,Vintage Doily Travel Sewing Kit,12.25,30,12433,Norway,367.5
581476,12/9/2019,23430,Blue Retro Kitchen Wall Clock,18.6,2,12433,Norway,37.2
581476,12/9/2019,23429,Red Retro Kitchen Wall Clock,18.6,2,12433,Norway,37.2
581476,12/9/2019,23428,Ivory Retro Kitchen Wall Clock,18.6,2,12433,Norway,37.2
581476,12/9/2019,23358,Hot Stuff Hot Water Bottle,11.53,18,12433,Norway,207.54
581476,12/9/2019,23293,Set Of 12 Fairy Cake Baking Cases,11.1,32,12433,Norway,355.2
581476,12/9/2019,23243,Set Of Tea Coffee Sugar Tins Pantry,15.32,12,12433,Norway,183.84
581476,12/9/2019,23240,Set Of 4 Knick Knack Tins Doily,14.5,6,12433,Norway,87
581477,12/9/2019,48111,Doormat 3 Smiley Cats,17.51,10,13426,United Kingdom,175.1
581477,12/9/2019,22464,Hanging Metal Heart Lantern,11.06,12,13426,United Kingdom,132.72
581477,12/9/2019,20982,12 Pencils Tall Tube Skulls,11.12,12,13426,United Kingdom,133.44
581477,12/9/2019,20981,12 Pencils Tall Tube Woodland,11.12,12,13426,United Kingdom,133.44
581477,12/9/2019,23424,Gingham Recipe Book Box,15.32,8,13426,United Kingdom,122.56
581477,12/9/2019,23338,Egg Frying Pan Red,12.15,48,13426,United Kingdom,583.2
581477,12/9/2019,84970L,Single Heart Zinc T-Light Holder,11.53,12,13426,United Kingdom,138.36
581477,12/9/2019,22457,Natural Slate Heart Chalkboard,13.27,6,13426,United Kingdom,79.62
581477,12/9/2019,22469,Heart Of Wicker Small,11.94,12,13426,United Kingdom,143.28
581477,12/9/2019,22909,Set Of 20 Vintage Christmas Napkins,11.12,12,13426,United Kingdom,133.44
581478,12/9/2019,84947,Antique Silver Tea Glass Engraved,11.53,24,17364,United Kingdom,276.72
581478,12/9/2019,23503,Playing Cards Keep Calm & Carry On,11.53,12,17364,United Kingdom,138.36
581478,12/9/2019,23445,Ice Cream Bubbles,11.1,20,17364,United Kingdom,222
581478,12/9/2019,23530,Wall Art Only One Person,15.32,12,17364,United Kingdom,183.84
581478,12/9/2019,84997C,Childrens Cutlery Polkadot Blue,14.5,4,17364,United Kingdom,58
581478,12/9/2019,84997D,Childrens Cutlery Polkadot Pink,14.5,4,17364,United Kingdom,58
581478,12/9/2019,84077,World War 2 Gliders Asstd Designs,10.55,48,17364,United Kingdom,506.4
581478,12/9/2019,22749,Feltcraft Princess Charlotte Doll,14.09,4,17364,United Kingdom,56.36
581478,12/9/2019,23127,Feltcraft Girl Nicole Kit,15.32,4,17364,United Kingdom,61.28
581478,12/9/2019,23126,Feltcraft Girl Amelie Kit,15.32,4,17364,United Kingdom,61.28
581478,12/9/2019,22747,Poppy's Playhouse Bathroom,12.4,6,17364,United Kingdom,74.4
581478,12/9/2019,22078,Ribbon Reel Lace Design,12.4,10,17364,United Kingdom,124
581478,12/9/2019,84946,Antique Silver T-Light Glass,11.53,12,17364,United Kingdom,138.36
581478,12/9/2019,22791,T-Light Glass Fluted Antique,11.53,12,17364,United Kingdom,138.36
581478,12/9/2019,21326,Aged Glass Silver T-Light Holder,10.92,12,17364,United Kingdom,131.04
581478,12/9/2019,22170,Picture Frame Wood Triple Portrait,17.17,8,17364,United Kingdom,137.36
581478,12/9/2019,23082,Set 6 Paper Table Lantern Hearts,14.09,6,17364,United Kingdom,84.54
581478,12/9/2019,22909,Set Of 20 Vintage Christmas Napkins,11.12,24,17364,United Kingdom,266.88
581479,12/9/2019,22087,Paper Bunting White Lace,13.27,10,17364,United Kingdom,132.7
581480,12/9/2019,23464,Vintage Zinc Watering Can Small,15.32,4,14441,United Kingdom,61.28
581480,12/9/2019,22411,Jumbo Shopper Vintage Red Paisley,12.38,10,14441,United Kingdom,123.8
581480,12/9/2019,84029E,Red Woolly Hottie White Heart,14.61,8,14441,United Kingdom,116.88
581480,12/9/2019,22633,Hand Warmer Union Jack,12.4,12,14441,United Kingdom,148.8
581480,12/9/2019,23355,Hot Water Bottle Keep Calm,15.32,12,14441,United Kingdom,183.84
581480,12/9/2019,84029G,Knitted Union Flag Hot Water Bottle,14.61,12,14441,United Kingdom,175.32
581480,12/9/2019,22112,Chocolate Hot Water Bottle,15.32,6,14441,United Kingdom,91.92
581480,12/9/2019,84347,Rotating Silver Angels T-Light Hldr,12.86,18,14441,United Kingdom,231.48
581481,12/9/2019,21115,Rose Caravan Doorstop,12.25,8,17490,United Kingdom,98
581481,12/9/2019,22059,Ceramic Strawberry Design Mug,10.65,24,17490,United Kingdom,255.6
581481,12/9/2019,22072,Red Retrospot Tea Cup And Saucer,11.53,24,17490,United Kingdom,276.72
581481,12/9/2019,22123,Ping Microwave Apron,11.06,24,17490,United Kingdom,265.44
581481,12/9/2019,22476,Empire Union Jack Tv Dinner Tray,12.25,8,17490,United Kingdom,98
581481,12/9/2019,22495,Set Of 2 Round Tins Camembert,11.06,12,17490,United Kingdom,132.72
581481,12/9/2019,22496,Set Of 2 Round Tins Dutch Cheese,11.06,12,17490,United Kingdom,132.72
581481,12/9/2019,22513,Doorstop Football Design,11.06,8,17490,United Kingdom,88.48
581481,12/9/2019,22500,Set Of 2 Tins Jardin De Provence,11.53,12,17490,United Kingdom,138.36
581481,12/9/2019,22664,Toy Tidy Dolly Girl Design,11.06,20,17490,United Kingdom,221.2
581481,12/9/2019,22721,Set Of 3 Cake Tins Sketchbook,12.25,12,17490,United Kingdom,147
581481,12/9/2019,22785,Squarecushion Cover Pink Union Jack,11.53,12,17490,United Kingdom,138.36
581481,12/9/2019,23178,Jam Clock Magnet,11.53,12,17490,United Kingdom,138.36
581481,12/9/2019,23302,Kneeling Mat Housework Design,11.06,24,17490,United Kingdom,265.44
581481,12/9/2019,23533,Wall Art Garden Haven,12.25,6,17490,United Kingdom,73.5
581481,12/9/2019,84819,Danish Rose Round Sewing Box,11.06,16,17490,United Kingdom,176.96
581482,12/9/2019,22371,Airline Bag Vintage Tokyo 78,14.3,12,17490,United Kingdom,171.6
581482,12/9/2019,21875,Kings Choice Mug,11.34,36,17490,United Kingdom,408.24
581482,12/9/2019,23251,Vintage Red Enamel Trim Mug,11.32,96,17490,United Kingdom,1086.72
581482,12/9/2019,23300,Gardeners Kneeling Pad Cup Of Tea,11.74,48,17490,United Kingdom,563.52
581482,12/9/2019,22138,Baking Set 9 Piece Retrospot,14.61,24,17490,United Kingdom,350.64
581483,12/9/2019,23843,Paper Craft Little Birdie,12.38,80995,16446,United Kingdom,1002718.1
581485,12/9/2019,22617,Baking Set Spaceboy Design,15.32,18,17389,United Kingdom,275.76
581485,12/9/2019,20749,Assorted Colour Mini Cases,16.76,84,17389,United Kingdom,1407.84
581486,12/9/2019,22910,Paper Chain Kit Vintage Christmas,13.27,12,17001,United Kingdom,159.24
581486,12/9/2019,22086,Paper Chain Kit 50'S Christmas,13.27,12,17001,United Kingdom,159.24
581486,12/9/2019,23351,Roll Wrap 50'S Christmas,6.19,12,17001,United Kingdom,74.28
581486,12/9/2019,23352,Roll Wrap 50'S Red Christmas,6.19,12,17001,United Kingdom,74.28
581486,12/9/2019,22727,Alarm Clock Bakelike Red,6.19,8,17001,United Kingdom,49.52
581486,12/9/2019,22730,Alarm Clock Bakelike Ivory,6.19,4,17001,United Kingdom,24.76
581486,12/9/2019,22491,Pack Of 12 Coloured Pencils,6.04,12,17001,United Kingdom,72.48
581486,12/9/2019,22561,Wooden School Colouring Set,6.04,12,17001,United Kingdom,72.48
581486,12/9/2019,22489,Pack Of 12 Traditional Crayons,6.04,24,17001,United Kingdom,144.96
581486,12/9/2019,22560,Traditional Modelling Clay,6.04,24,17001,United Kingdom,144.96
581486,12/9/2019,22139,Retrospot Tea Set Ceramic 11 Pc,6.04,6,17001,United Kingdom,36.24
581486,12/9/2019,23344,Jumbo Bag 50'S Christmas,6.19,20,17001,United Kingdom,123.8
581486,12/9/2019,23203,Jumbo Bag Vintage Doily,6.19,20,17001,United Kingdom,123.8
581486,12/9/2019,85099B,Jumbo Bag Red Retrospot,6.19,10,17001,United Kingdom,61.9
581486,12/9/2019,23201,Jumbo Bag Alphabet,6.19,20,17001,United Kingdom,123.8
581486,12/9/2019,23207,Lunch Bag Alphabet Design,6.19,10,17001,United Kingdom,61.9
581487,12/9/2019,21137,Black Record Cover Frame,6.04,120,15694,United Kingdom,724.8
581488,12/9/2019,23118,Parisienne Jewellery Drawer,6.04,16,17428,United Kingdom,96.64
581488,12/9/2019,23111,Parisienne Sewing Box,6.04,16,17428,United Kingdom,96.64
581488,12/9/2019,22179,Set 10 Night Owl Lights,6.04,24,17428,United Kingdom,144.96
581489,12/9/2019,22061,Large Cake Stand Hanging Strawbery,7.24,48,16954,United Kingdom,347.52
581489,12/9/2019,22182,Cake Stand Victorian Filigree Small,7.24,24,16954,United Kingdom,173.76
581491,12/9/2019,23571,Traditional Naughts & Crosses,7.24,12,12433,Norway,86.88
581492,12/9/2019,23369,Set 36 Colour Pencils Love London,6.19,2,15492,United Kingdom,12.38
581492,12/9/2019,23370,Set 36 Colouring Pencils Doily,6.19,2,15492,United Kingdom,12.38
581492,12/9/2019,23371,Set 36 Colour Pencils Spaceboy,6.19,3,15492,United Kingdom,18.57
581492,12/9/2019,23372,Set 36 Colour Pencils Dolly Girl,6.19,1,15492,United Kingdom,6.19
581492,12/9/2019,23376,Pack Of 12 Vintage Christmas Tissue,6.19,3,15492,United Kingdom,18.57
581492,12/9/2019,23377,Pack Of 12 Dolly Girl Tissues,6.19,6,15492,United Kingdom,37.14
581492,12/9/2019,23378,Pack Of 12 50'S Christmas Tissues,6.19,9,15492,United Kingdom,55.71
581492,12/9/2019,23379,Pack Of 12 Red Apple Tissues,6.19,4,15492,United Kingdom,24.76
581492,12/9/2019,23380,Pack Of 12 Vintage Doily Tissues,6.19,3,15492,United Kingdom,18.57
581492,12/9/2019,23381,Pack Of 12 Vintage Leaf Tissues,6.19,1,15492,United Kingdom,6.19
581492,12/9/2019,23382,Box Of 6 Christmas Cake Decorations,6.19,4,15492,United Kingdom,24.76
581492,12/9/2019,23391,I Love London Mini Backpack,6.19,2,15492,United Kingdom,12.38
581492,12/9/2019,23392,Spaceboy Rocket Lolly Makers,6.19,2,15492,United Kingdom,12.38
581492,12/9/2019,23399,Home Sweet Home Hanging Heart,6.19,4,15492,United Kingdom,24.76
581492,12/9/2019,23405,Home Sweet Home 2 Drawer Cabinet,6.19,3,15492,United Kingdom,18.57
581492,12/9/2019,23418,Lavender Toilette Bottle,6.19,1,15492,United Kingdom,6.19
581492,12/9/2019,23426,Metal Sign Drop Your Pants,6.19,1,15492,United Kingdom,6.19
581492,12/9/2019,23434,3 Raffia Ribbons 50'S Christmas,6.19,9,15492,United Kingdom,55.71
581492,12/9/2019,23435,3 Raffia Ribbons Vintage Christmas,6.04,3,15492,United Kingdom,18.12
581492,12/9/2019,23439,Hand Warmer Red Love Heart,6.19,1,15492,United Kingdom,6.19
581492,12/9/2019,23451,Square Mini Portrait Frame,6.19,1,15492,United Kingdom,6.19
581492,12/9/2019,23467,Vintage Zinc Planter,6.19,1,15492,United Kingdom,6.19
581492,12/9/2019,23469,Card Holder Love Bird Small,6.19,3,15492,United Kingdom,18.57
581492,12/9/2019,23480,Mini Lights Woodland Mushrooms,6.19,2,15492,United Kingdom,12.38
581492,12/9/2019,23493,Vintage Doily Travel Sewing Kit,6.19,3,15492,United Kingdom,18.57
581492,12/9/2019,23494,Vintage Doily Deluxe Sewing Kit,6.19,1,15492,United Kingdom,6.19
581492,12/9/2019,23495,Set Of 3 Pantry Wooden Spoons,6.19,1,15492,United Kingdom,6.19
581492,12/9/2019,23497,Classic Chrome Bicycle Bell,6.19,4,15492,United Kingdom,24.76
581492,12/9/2019,23498,Classic Bicycle Clips,6.19,2,15492,United Kingdom,12.38
581492,12/9/2019,23501,Key Ring Baseball Boot Union Jack,6.19,3,15492,United Kingdom,18.57
581492,12/9/2019,23506,Mini Playing Cards Spaceboy,6.04,1,15492,United Kingdom,6.04
581492,12/9/2019,23508,Mini Playing Cards Dolly Girl,6.04,2,15492,United Kingdom,12.08
581492,12/9/2019,23510,Mini Playing Cards Gymkhana,6.04,1,15492,United Kingdom,6.04
581492,12/9/2019,23521,Wall Art Cat And Bird,6.04,1,15492,United Kingdom,6.04
581492,12/9/2019,23526,Wall Art Dog Licence,6.04,4,15492,United Kingdom,24.16
581492,12/9/2019,23530,Wall Art Only One Person,6.04,2,15492,United Kingdom,12.08
581492,12/9/2019,23534,Wall Art Stop For Tea,6.19,6,15492,United Kingdom,37.14
581492,12/9/2019,23535,Wall Art Bicycle Safety,6.19,4,15492,United Kingdom,24.76
581492,12/9/2019,23536,Wall Art Village Show,6.19,1,15492,United Kingdom,6.19
581492,12/9/2019,23538,Wall Art Vintage Heart,6.19,1,15492,United Kingdom,6.19
581492,12/9/2019,23551,Pack Of 12 Paisley Park Tissues,6.19,1,15492,United Kingdom,6.19
581492,12/9/2019,23552,Bicycle Puncture Repair Kit,6.19,12,15492,United Kingdom,74.28
581492,12/9/2019,23555,Landmark Frame Notting Hill,6.19,1,15492,United Kingdom,6.19
581492,12/9/2019,23559,Woodland Bunnies Lolly Makers,6.19,5,15492,United Kingdom,30.95
581492,12/9/2019,23561,Set Of 6 Ribbons Party,6.19,1,15492,United Kingdom,6.19
581492,12/9/2019,23564,Egg Cup Milkmaid Ingrid,6.19,2,15492,United Kingdom,12.38
581492,12/9/2019,23565,Egg Cup Milkmaid Helga,6.19,2,15492,United Kingdom,12.38
581492,12/9/2019,23567,Egg Cup Henrietta Hen Pink,6.19,1,15492,United Kingdom,6.19
581492,12/9/2019,23569,Tradtional Alphabet Stamp Set,6.19,2,15492,United Kingdom,12.38
581492,12/9/2019,23570,Traditional Pick Up Sticks Game,6.19,7,15492,United Kingdom,43.33
581492,12/9/2019,23571,Traditional Naughts & Crosses,6.19,2,15492,United Kingdom,12.38
581492,12/9/2019,23575,Snack Tray Paisley Park,6.19,3,15492,United Kingdom,18.57
581492,12/9/2019,23579,Snack Tray I Love London,6.19,1,15492,United Kingdom,6.19
581492,12/9/2019,23611,Set 10 Cards Red Riding Hood 17214,6.19,3,15492,United Kingdom,18.57
581492,12/9/2019,23616,Set 10 Cards Jingle Bells 17217,6.19,1,15492,United Kingdom,6.19
581492,12/9/2019,23621,Set 10 Cards David's Madonna 17074,6.19,3,15492,United Kingdom,18.57
581492,12/9/2019,23635,Set 10 Cards Christmas Holly 17259,6.19,1,15492,United Kingdom,6.19
581492,12/9/2019,23644,Set 10 Cards Christmas Tree 16955,6.19,1,15492,United Kingdom,6.19
581492,12/9/2019,23660,Henrietta Hen Mug,6.19,1,15492,United Kingdom,6.19
581492,12/9/2019,23661,Milk Maids Mug,6.19,1,15492,United Kingdom,6.19
581492,12/9/2019,35095A,Blue Victorian Fabric Oval Box,6.19,1,15492,United Kingdom,6.19
581492,12/9/2019,35095B,Red Victorian Fabric Oval Box,6.19,1,15492,United Kingdom,6.19
581492,12/9/2019,35646,Vintage Bead Pink Evening Bag,6.19,1,15492,United Kingdom,6.19
581492,12/9/2019,35648,Vintage Bead Pink Purse,6.19,2,15492,United Kingdom,12.38
581492,12/9/2019,35953,Folkart Star Christmas Decorations,6.19,12,15492,United Kingdom,74.28
581492,12/9/2019,35964,Folkart Clip On Stars,6.19,4,15492,United Kingdom,24.76
581492,12/9/2019,35970,Zinc Folkart Sleigh Bells,6.04,1,15492,United Kingdom,6.04
581492,12/9/2019,46118,Funky Monkey Cushion Cover,6.19,1,15492,United Kingdom,6.19
581492,12/9/2019,46776A,Woven Bubble Gum Cushion Cover,7.24,2,15492,United Kingdom,14.48
581492,12/9/2019,46776B,Woven Berries Cushion Cover,7.24,3,15492,United Kingdom,21.72
581492,12/9/2019,46776C,Woven Frost Cushion Cover,7.24,1,15492,United Kingdom,7.24
581492,12/9/2019,46776D,Woven Sunset Cushion Cover,7.24,2,15492,United Kingdom,14.48
581492,12/9/2019,46776E,Woven Candy Cushion Cover,7.24,5,15492,United Kingdom,36.2
581492,12/9/2019,46776F,Woven Rose Garden Cushion Cover,7.24,6,15492,United Kingdom,43.44
581492,12/9/2019,47310M,Small Pop Box Funky Monkey,6.19,1,15492,United Kingdom,6.19
581492,12/9/2019,47480,Hanging Photo Clip Rope Ladder,6.19,3,15492,United Kingdom,18.57
581492,12/9/2019,47504H,English Rose Spirit Level,7.24,1,15492,United Kingdom,7.24
581492,12/9/2019,47559B,Tea Time Oven Glove,7.24,3,15492,United Kingdom,21.72
581492,12/9/2019,47563A,Retro Longboard Ironing Board Cover,7.24,2,15492,United Kingdom,14.48
581492,12/9/2019,47566,Party Bunting,7.24,2,15492,United Kingdom,14.48
581492,12/9/2019,47590B,Pink Happy Birthday Bunting,7.24,1,15492,United Kingdom,7.24
581492,12/9/2019,51014A,Feather Pen Hot Pink,7.24,2,15492,United Kingdom,14.48
581492,12/9/2019,51014L,Feather Pen Light Pink,7.24,1,15492,United Kingdom,7.24
581492,12/9/2019,71270,Photo Clip Line,7.24,1,15492,United Kingdom,7.24
581492,12/9/2019,72349B,Set/6 Purple Butterfly T-Lights,6.39,1,15492,United Kingdom,6.39
581492,12/9/2019,72741,Grand Chocolatecandle,7.24,3,15492,United Kingdom,21.72
581492,12/9/2019,72800E,4 Ivory Dinner Candles Silver Flock,7.24,3,15492,United Kingdom,21.72
581492,12/9/2019,79321,Chilli Lights,6.19,1,15492,United Kingdom,6.19
581492,12/9/2019,82484,Wood Black Board Ant White Finish,6.19,2,15492,United Kingdom,12.38
581492,12/9/2019,82567,Airline Lounge Metal Sign,6.19,2,15492,United Kingdom,12.38
581492,12/9/2019,82582,Area Patrolled Metal Sign,6.19,1,15492,United Kingdom,6.19
581492,12/9/2019,82600,N0 Singing Metal Sign,6.19,1,15492,United Kingdom,6.19
581492,12/9/2019,84031A,Charlie+Lola Red Hot Water Bottle,6.19,4,15492,United Kingdom,24.76
581492,12/9/2019,84077,World War 2 Gliders Asstd Designs,6.19,1,15492,United Kingdom,6.19
581492,12/9/2019,84249A,Greeting Card Square Doughnuts,6.19,1,15492,United Kingdom,6.19
581492,12/9/2019,84347,Rotating Silver Angels T-Light Hldr,6.19,2,15492,United Kingdom,12.38
581492,12/9/2019,84375,Set Of 20 Kids Cookie Cutters,6.19,1,15492,United Kingdom,6.19
581492,12/9/2019,84378,Set Of 3 Heart Cookie Cutters,6.19,4,15492,United Kingdom,24.76
581492,12/9/2019,84519B,Carrot Charlie+Lola Coaster Set,6.19,1,15492,United Kingdom,6.19
581492,12/9/2019,84559A,3d Sheet Of Dog Stickers,6.19,2,15492,United Kingdom,12.38
581492,12/9/2019,84568,Girls Alphabet Iron On Patches,6.19,31,15492,United Kingdom,191.89
581492,12/9/2019,84569D,Pack 6 Heart/Ice-Cream Patches,6.19,1,15492,United Kingdom,6.19
581492,12/9/2019,84596B,Small Dolly Mix Design Orange Bowl,6.19,4,15492,United Kingdom,24.76
581492,12/9/2019,84596F,Small Marshmallows Pink Bowl,6.19,4,15492,United Kingdom,24.76
581492,12/9/2019,84598,Boys Alphabet Iron On Patches,6.19,5,15492,United Kingdom,30.95
581492,12/9/2019,84692,Box Of 24 Cocktail Parasols,6.19,1,15492,United Kingdom,6.19
581492,12/9/2019,84755,Colour Glass T-Light Holder Hanging,6.19,4,15492,United Kingdom,24.76
581492,12/9/2019,84828,Jungle Popsicles Ice Lolly Moulds,6.19,1,15492,United Kingdom,6.19
581492,12/9/2019,84879,Assorted Colour Bird Ornament,6.19,16,15492,United Kingdom,99.04
581492,12/9/2019,84923,Pink Butterfly Handbag W Bobbles,6.04,3,15492,United Kingdom,18.12
581492,12/9/2019,84946,Antique Silver T-Light Glass,6.04,18,15492,United Kingdom,108.72
581492,12/9/2019,84970S,Hanging Heart Zinc T-Light Holder,6.04,3,15492,United Kingdom,18.12
581492,12/9/2019,84978,Hanging Heart Jar T-Light Holder,6.04,4,15492,United Kingdom,24.16
581492,12/9/2019,84991,60 Teatime Fairy Cake Cases,6.04,1,15492,United Kingdom,6.04
581492,12/9/2019,84997A,Childrens Cutlery Polkadot Green,6.04,1,15492,United Kingdom,6.04
581492,12/9/2019,84997B,Childrens Cutlery Retrospot Red,6.04,1,15492,United Kingdom,6.04
581492,12/9/2019,20733,Gold Mini Tape Measure,6.04,3,15492,United Kingdom,18.12
581492,12/9/2019,20777,Chrysanthemum Notebook,6.19,2,15492,United Kingdom,12.38
581492,12/9/2019,20782,Camouflage Ear Muff Headphones,6.19,1,15492,United Kingdom,6.19
581492,12/9/2019,20914,Set/5 Red Retrospot Lid Glass Bowls,6.19,2,15492,United Kingdom,12.38
581492,12/9/2019,20931,Blue Pot Plant Candle,6.19,1,15492,United Kingdom,6.19
581492,12/9/2019,20970,Pink Floral Feltcraft Shoulder Bag,6.19,1,15492,United Kingdom,6.19
581492,12/9/2019,20971,Pink Blue Felt Craft Trinket Box,6.19,2,15492,United Kingdom,12.38
581492,12/9/2019,20972,Pink Cream Felt Craft Trinket Box,6.19,3,15492,United Kingdom,18.57
581492,12/9/2019,20973,12 Pencil Small Tube Woodland,6.19,4,15492,United Kingdom,24.76
581492,12/9/2019,20978,36 Pencils Tube Skulls,6.19,1,15492,United Kingdom,6.19
581492,12/9/2019,20979,36 Pencils Tube Red Retrospot,6.19,3,15492,United Kingdom,18.57
581492,12/9/2019,20982,12 Pencils Tall Tube Skulls,6.19,2,15492,United Kingdom,12.38
581492,12/9/2019,20983,12 Pencils Tall Tube Red Retrospot,6.19,4,15492,United Kingdom,24.76
581492,12/9/2019,20985,Heart Calculator,6.19,1,15492,United Kingdom,6.19
581492,12/9/2019,20986,Blue Calculator Ruler,6.19,1,15492,United Kingdom,6.19
581492,12/9/2019,21000,Rose Du Sud Cosmetics Bag,6.19,1,15492,United Kingdom,6.19
581492,12/9/2019,21012,Antique All Glass Candlestick,6.19,3,15492,United Kingdom,18.57
581492,12/9/2019,21015,Dark Bird House Tree Decoration,6.19,8,15492,United Kingdom,49.52
581492,12/9/2019,21026,Space Owl,6.19,1,15492,United Kingdom,6.19
581492,12/9/2019,21035,Set/2 Red Retrospot Tea Towels,6.19,1,15492,United Kingdom,6.19
581492,12/9/2019,21064,Boom Box Speaker Boys,6.19,4,15492,United Kingdom,24.76
581492,12/9/2019,21065,Boom Box Speaker Girls,6.19,2,15492,United Kingdom,12.38
581492,12/9/2019,21098,Christmas Toilet Roll,6.19,1,15492,United Kingdom,6.19
581492,12/9/2019,21123,Set/10 Ivory Polkadot Party Candles,6.19,1,15492,United Kingdom,6.19
581492,12/9/2019,21125,Set 6 Football Celebration Candles,6.19,1,15492,United Kingdom,6.19
581492,12/9/2019,21126,Set Of 6 Girls Celebration Candles,6.19,1,15492,United Kingdom,6.19
581492,12/9/2019,21137,Black Record Cover Frame,6.19,17,15492,United Kingdom,105.23
581492,12/9/2019,21154,Red Retrospot Oven Glove,6.19,2,15492,United Kingdom,12.38
581492,12/9/2019,21158,Moody Girl Door Hanger,6.19,1,15492,United Kingdom,6.19
581492,12/9/2019,21162,Toxic Area Door Hanger,6.19,1,15492,United Kingdom,6.19
581492,12/9/2019,21166,Cook With Wine Metal Sign,6.19,2,15492,United Kingdom,12.38
581492,12/9/2019,21172,Party Metal Sign,6.19,1,15492,United Kingdom,6.19
581492,12/9/2019,21174,Pottering In The Shed Metal Sign,6.19,2,15492,United Kingdom,12.38
581492,12/9/2019,21175,Gin And Tonic Diet Metal Sign,6.19,2,15492,United Kingdom,12.38
581492,12/9/2019,21200,Multicolour Honeycomb Paper Garland,6.04,6,15492,United Kingdom,36.24
581492,12/9/2019,21201,Tropical Honeycomb Paper Garland,6.04,4,15492,United Kingdom,24.16
581492,12/9/2019,21212,Pack Of 72 Retrospot Cake Cases,6.04,2,15492,United Kingdom,12.08
581492,12/9/2019,21213,Pack Of 72 Skull Cake Cases,6.04,2,15492,United Kingdom,12.08
581492,12/9/2019,21220,Set/4 Badges Dogs,6.19,2,15492,United Kingdom,12.38
581492,12/9/2019,21224,Set/4 Skull Badges,6.19,1,15492,United Kingdom,6.19
581492,12/9/2019,21232,Strawberry Ceramic Trinket Pot,6.19,1,15492,United Kingdom,6.19
581492,12/9/2019,21257,Victorian Sewing Box Medium,6.19,2,15492,United Kingdom,12.38
581492,12/9/2019,21258,Victorian Sewing Box Large,6.19,1,15492,United Kingdom,6.19
581492,12/9/2019,21259,Victorian Sewing Box Small,6.19,1,15492,United Kingdom,6.19
581492,12/9/2019,21313,Glass Heart T-Light Holder,6.19,1,15492,United Kingdom,6.19
581492,12/9/2019,21314,Small Glass Heart Trinket Pot,6.19,2,15492,United Kingdom,12.38
581492,12/9/2019,21328,Balloons Writing Set,6.19,2,15492,United Kingdom,12.38
581492,12/9/2019,21329,Dinosaurs Writing Set,6.19,2,15492,United Kingdom,12.38
581492,12/9/2019,21356,Toast Its - Fairy Flower,6.19,16,15492,United Kingdom,99.04
581492,12/9/2019,21378,Small Tall Camphor Wood Toadstool,6.19,2,15492,United Kingdom,12.38
581492,12/9/2019,21379,Camphor Wood Portobello Mushroom,6.19,1,15492,United Kingdom,6.19
581492,12/9/2019,21383,Pack Of 12 Sticky Bunnies,6.19,1,15492,United Kingdom,6.19
581492,12/9/2019,21402,Red Egg Spoon,6.19,1,15492,United Kingdom,6.19
581492,12/9/2019,21408,Spotty Pink Duck Doorstop,6.19,2,15492,United Kingdom,12.38
581492,12/9/2019,21411,Gingham Heart Doorstop Red,6.19,1,15492,United Kingdom,6.19
581492,12/9/2019,21467,Cherry Crochet Food Cover,6.19,1,15492,United Kingdom,6.19
581492,12/9/2019,21471,Strawberry Raffia Food Cover,6.19,2,15492,United Kingdom,12.38
581492,12/9/2019,21479,White Skull Hot Water Bottle,6.19,2,15492,United Kingdom,12.38
581492,12/9/2019,21481,Fawn Blue Hot Water Bottle,6.19,3,15492,United Kingdom,18.57
581492,12/9/2019,21484,Chick Grey Hot Water Bottle,6.19,1,15492,United Kingdom,6.19
581492,12/9/2019,21485,Retrospot Heart Hot Water Bottle,6.19,1,15492,United Kingdom,6.19
581492,12/9/2019,21494,Rotating Leaves T-Light Holder,6.19,11,15492,United Kingdom,68.09
581492,12/9/2019,21506,Fancy Font Birthday Card,6.19,3,15492,United Kingdom,18.57
581492,12/9/2019,21507,Elephant Birthday Card,7.24,1,15492,United Kingdom,7.24
581492,12/9/2019,21508,Vintage Kid Dolly Card,7.24,1,15492,United Kingdom,7.24
581492,12/9/2019,21509,Cowboys And Indians Birthday Card,7.24,2,15492,United Kingdom,14.48
581492,12/9/2019,21528,Dairy Maid Traditional Teapot,7.24,1,15492,United Kingdom,7.24
581492,12/9/2019,21544,Skulls Water Transfer Tattoos,7.24,2,15492,United Kingdom,14.48
581492,12/9/2019,21558,Skull Lunch Box With Cutlery,6.39,1,15492,United Kingdom,6.39
581492,12/9/2019,21559,Strawberry Lunch Box With Cutlery,7.24,1,15492,United Kingdom,7.24
581492,12/9/2019,21615,4 Lavender Botanical Dinner Candles,7.24,2,15492,United Kingdom,14.48
581492,12/9/2019,21616,4 Pear Botanical Dinner Candles,7.24,6,15492,United Kingdom,43.44
581492,12/9/2019,21620,Set Of 4 Rose Botanical Candles,7.24,5,15492,United Kingdom,36.2
581492,12/9/2019,21642,Assorted Tutti Frutti Pen,7.24,4,15492,United Kingdom,28.96
581492,12/9/2019,21648,Assorted Tutti Frutti Small Purse,7.24,2,15492,United Kingdom,14.48
581492,12/9/2019,21650,Assorted Tutti Frutti Bracelet,7.24,14,15492,United Kingdom,101.36
581492,12/9/2019,21675,Butterflies Stickers,6.19,2,15492,United Kingdom,12.38
581492,12/9/2019,21677,Hearts Stickers,6.19,1,15492,United Kingdom,6.19
581492,12/9/2019,21678,Paisley Pattern Stickers,6.19,2,15492,United Kingdom,12.38
581492,12/9/2019,21680,Woodland Stickers,6.19,1,15492,United Kingdom,6.19
581492,12/9/2019,21703,Bag 125g Swirly Marbles,6.19,1,15492,United Kingdom,6.19
581492,12/9/2019,21704,Bag 250g Swirly Marbles,6.19,1,15492,United Kingdom,6.19
581492,12/9/2019,21716,Boys Vintage Tin Seaside Bucket,6.19,1,15492,United Kingdom,6.19
581492,12/9/2019,21718,Red Metal Beach Spade,6.19,1,15492,United Kingdom,6.19
581492,12/9/2019,21724,Panda And Bunnies Sticker Sheet,6.19,1,15492,United Kingdom,6.19
581492,12/9/2019,21731,Red Toadstool Led Night Light,6.19,6,15492,United Kingdom,37.14
581492,12/9/2019,21739,Cosy Slipper Shoes Small Green,6.19,2,15492,United Kingdom,12.38
581492,12/9/2019,21774,Decorative Cats Bathroom Bottle,6.19,1,15492,United Kingdom,6.19
581492,12/9/2019,21786,Polkadot Rain Hat,6.19,3,15492,United Kingdom,18.57
581492,12/9/2019,21787,Rain Poncho Retrospot,6.19,2,15492,United Kingdom,12.38
581492,12/9/2019,21790,Vintage Snap Cards,6.19,5,15492,United Kingdom,30.95
581492,12/9/2019,21791,Vintage Heads And Tails Card Game,6.19,1,15492,United Kingdom,6.19
581492,12/9/2019,21808,Christmas Garland Stars Trees,6.19,3,15492,United Kingdom,18.57
581492,12/9/2019,21810,Christmas Hanging Star With Bell,6.19,25,15492,United Kingdom,154.75
581492,12/9/2019,21812,Garland With Hearts And Bells,6.19,7,15492,United Kingdom,43.33
581492,12/9/2019,21813,Garland With Stars And Bells,6.19,3,15492,United Kingdom,18.57
581492,12/9/2019,21822,Glitter Christmas Tree With Bells,6.19,12,15492,United Kingdom,74.28
581492,12/9/2019,21828,Eight Piece Snake Set,6.19,1,15492,United Kingdom,6.19
581492,12/9/2019,21832,Chocolate Calculator,6.19,1,15492,United Kingdom,6.19
581492,12/9/2019,21833,Camouflage Led Torch,6.04,2,15492,United Kingdom,12.08
581492,12/9/2019,21871,Save The Planet Mug,6.19,1,15492,United Kingdom,6.19
581492,12/9/2019,21874,Gin And Tonic Mug,6.19,2,15492,United Kingdom,12.38
581492,12/9/2019,21876,Pottering Mug,6.19,4,15492,United Kingdom,24.76
581492,12/9/2019,21879,Hearts Gift Tape,6.19,1,15492,United Kingdom,6.19
581492,12/9/2019,21889,Wooden Box Of Dominoes,6.19,3,15492,United Kingdom,18.57
581492,12/9/2019,21890,S/6 Wooden Skittles In Cotton Bag,6.19,1,15492,United Kingdom,6.19
581492,12/9/2019,21892,Traditional Wooden Catch Cup Game,6.19,1,15492,United Kingdom,6.19
581492,12/9/2019,21900,Key Fob Shed,6.19,4,15492,United Kingdom,24.76
581492,12/9/2019,21901,Key Fob Back Door,6.19,2,15492,United Kingdom,12.38
581492,12/9/2019,21902,Key Fob Front Door,6.19,1,15492,United Kingdom,6.19
581492,12/9/2019,21905,More Butter Metal Sign,6.19,1,15492,United Kingdom,6.19
581492,12/9/2019,21906,Pharmacie First Aid Tin,6.19,1,15492,United Kingdom,6.19
581492,12/9/2019,21914,Blue Harmonica In Box,6.19,2,15492,United Kingdom,12.38
581492,12/9/2019,21916,Set 12 Retro White Chalk Sticks,6.19,2,15492,United Kingdom,12.38
581492,12/9/2019,21930,Jumbo Storage Bag Skulls,6.19,1,15492,United Kingdom,6.19
581492,12/9/2019,21931,Jumbo Storage Bag Suki,6.19,1,15492,United Kingdom,6.19
581492,12/9/2019,21932,Scandinavian Paisley Picnic Bag,6.19,1,15492,United Kingdom,6.19
581492,12/9/2019,21934,Skull Shoulder Bag,6.19,3,15492,United Kingdom,18.57
581492,12/9/2019,21935,Suki Shoulder Bag,6.19,9,15492,United Kingdom,55.71
581492,12/9/2019,21936,Red Retrospot Picnic Bag,6.19,1,15492,United Kingdom,6.19
581492,12/9/2019,21942,Skulls Design Flannel,6.19,2,15492,United Kingdom,12.38
581492,12/9/2019,21945,Strawberries Design Flannel,6.19,2,15492,United Kingdom,12.38
581492,12/9/2019,21947,Set Of 6 Heart Chopsticks,6.19,1,15492,United Kingdom,6.19
581492,12/9/2019,21949,Set Of 6 Strawberry Chopsticks,6.19,2,15492,United Kingdom,12.38
581492,12/9/2019,21967,Pack Of 12 Skull Tissues,6.19,1,15492,United Kingdom,6.19
581492,12/9/2019,21976,Pack Of 60 Mushroom Cake Cases,6.19,3,15492,United Kingdom,18.57
581492,12/9/2019,21977,Pack Of 60 Pink Paisley Cake Cases,6.19,2,15492,United Kingdom,12.38
581492,12/9/2019,21980,Pack Of 12 Red Retrospot Tissues,6.19,2,15492,United Kingdom,12.38
581492,12/9/2019,21981,Pack Of 12 Woodland Tissues,6.19,4,15492,United Kingdom,24.76
581492,12/9/2019,21982,Pack Of 12 Suki Tissues,6.19,2,15492,United Kingdom,12.38
581492,12/9/2019,21983,Pack Of 12 Blue Paisley Tissues,6.19,1,15492,United Kingdom,6.19
581492,12/9/2019,21984,Pack Of 12 Pink Paisley Tissues,6.19,1,15492,United Kingdom,6.19
581492,12/9/2019,21986,Pack Of 12 Pink Polkadot Tissues,6.19,3,15492,United Kingdom,18.57
581492,12/9/2019,21989,Pack Of 20 Skull Paper Napkins,6.19,2,15492,United Kingdom,12.38
581492,12/9/2019,21990,Modern Floral Stationery Set,6.19,8,15492,United Kingdom,49.52
581492,12/9/2019,21993,Floral Folk Stationery Set,6.19,8,15492,United Kingdom,49.52
581492,12/9/2019,22024,Rainy Ladies Birthday Card,6.19,3,15492,United Kingdom,18.57
581492,12/9/2019,22025,Ring Of Roses Birthday Card,6.19,3,15492,United Kingdom,18.57
581492,12/9/2019,22026,Banquet Birthday Card,6.19,4,15492,United Kingdom,24.76
581492,12/9/2019,22027,Tea Party Birthday Card,6.19,2,15492,United Kingdom,12.38
581492,12/9/2019,22028,Penny Farthing Birthday Card,6.19,1,15492,United Kingdom,6.19
581492,12/9/2019,22029,Spaceboy Birthday Card,6.19,4,15492,United Kingdom,24.76
581492,12/9/2019,22031,Botanical Lavender Birthday Card,6.19,1,15492,United Kingdom,6.19
581492,12/9/2019,22037,Robot Birthday Card,6.19,4,15492,United Kingdom,24.76
581492,12/9/2019,22064,Pink Doughnut Trinket Pot,6.19,1,15492,United Kingdom,6.19
581492,12/9/2019,22065,Christmas Pudding Trinket Pot,6.19,2,15492,United Kingdom,12.38
581492,12/9/2019,22068,Black Pirate Treasure Chest,6.19,1,15492,United Kingdom,6.19
581492,12/9/2019,22070,Small Red Retrospot Mug In Box,6.19,3,15492,United Kingdom,18.57
581492,12/9/2019,22071,Small White Retrospot Mug In Box,6.19,1,15492,United Kingdom,6.19
581492,12/9/2019,22074,6 Ribbons Shimmering Pinks,6.19,1,15492,United Kingdom,6.19
581492,12/9/2019,22075,6 Ribbons Elegant Christmas,6.19,8,15492,United Kingdom,49.52
581492,12/9/2019,22076,6 Ribbons Empire,6.19,4,15492,United Kingdom,24.76
581492,12/9/2019,22083,Paper Chain Kit Retrospot,6.19,1,15492,United Kingdom,6.19
581492,12/9/2019,22085,Paper Chain Kit Skulls,6.19,1,15492,United Kingdom,6.19
581492,12/9/2019,22086,Paper Chain Kit 50'S Christmas,6.19,38,15492,United Kingdom,235.22
581492,12/9/2019,22091,Empire Tissue Box,6.19,1,15492,United Kingdom,6.19
581492,12/9/2019,22099,Caravan Square Tissue Box,6.19,3,15492,United Kingdom,18.57
581492,12/9/2019,22104,Mirror Mosaic Candle Plate,6.19,4,15492,United Kingdom,24.76
581492,12/9/2019,22106,Mirror Mosaic Hurricane Lamp,6.19,1,15492,United Kingdom,6.19
581492,12/9/2019,22107,Pizza Plate In Box,6.19,10,15492,United Kingdom,61.9
581492,12/9/2019,22108,Ping! Microwave Plate,6.04,2,15492,United Kingdom,12.08
581492,12/9/2019,22109,Full English Breakfast Plate,6.04,2,15492,United Kingdom,12.08
581492,12/9/2019,22110,Bird House Hot Water Bottle,6.04,3,15492,United Kingdom,18.12
581492,12/9/2019,22111,Scottie Dog Hot Water Bottle,6.19,1,15492,United Kingdom,6.19
581492,12/9/2019,22112,Chocolate Hot Water Bottle,6.19,1,15492,United Kingdom,6.19
581492,12/9/2019,22114,Hot Water Bottle Tea And Sympathy,6.19,4,15492,United Kingdom,24.76
581492,12/9/2019,22116,Metal Sign His Dinner Is Served,6.19,2,15492,United Kingdom,12.38
581492,12/9/2019,22121,Noel Wooden Block Letters,6.19,1,15492,United Kingdom,6.19
581492,12/9/2019,22123,Ping Microwave Apron,6.19,1,15492,United Kingdom,6.19
581492,12/9/2019,22124,Set Of 2 Tea Towels Ping Microwave,6.19,1,15492,United Kingdom,6.19
581492,12/9/2019,22129,Party Cones Candy Decoration,6.19,3,15492,United Kingdom,18.57
581492,12/9/2019,22134,Mini Ladle Love Heart Red,6.19,1,15492,United Kingdom,6.19
581492,12/9/2019,15036,Assorted Colours Silk Fan,6.19,1,15492,United Kingdom,6.19
581492,12/9/2019,15039,Sandalwood Fan,6.19,1,15492,United Kingdom,6.19
581492,12/9/2019,15058C,Ice Cream Design Garden Parasol,6.19,1,15492,United Kingdom,6.19
581492,12/9/2019,16218,Cartoon Pencil Sharpeners,6.19,5,15492,United Kingdom,30.95
581492,12/9/2019,16225,Rattle Snake Eggs,6.19,1,15492,United Kingdom,6.19
581492,12/9/2019,16235,Recycled Pencil With Rabbit Eraser,6.19,3,15492,United Kingdom,18.57
581492,12/9/2019,16237,Sleeping Cat Erasers,6.19,1,15492,United Kingdom,6.19
581492,12/9/2019,17038,Porcelain Budah Incense Holder,6.19,1,15492,United Kingdom,6.19
581492,12/9/2019,17084N,Fairy Dreams Incense,6.19,1,15492,United Kingdom,6.19
581492,12/9/2019,20659,Economy Luggage Tag,6.19,7,15492,United Kingdom,43.33
581492,12/9/2019,20665,Red Retrospot Purse,6.19,2,15492,United Kingdom,12.38
581492,12/9/2019,20668,Disco Ball Christmas Decoration,6.19,1,15492,United Kingdom,6.19
581492,12/9/2019,20718,Red Retrospot Shopper Bag,6.19,1,15492,United Kingdom,6.19
581492,12/9/2019,20719,Woodland Charlotte Bag,6.19,7,15492,United Kingdom,43.33
581492,12/9/2019,20723,Strawberry Charlotte Bag,6.19,2,15492,United Kingdom,12.38
581492,12/9/2019,20724,Red Retrospot Charlotte Bag,6.19,4,15492,United Kingdom,24.76
581492,12/9/2019,22135,Mini Ladle Love Heart Pink,6.19,6,15492,United Kingdom,37.14
581492,12/9/2019,22138,Baking Set 9 Piece Retrospot,6.19,1,15492,United Kingdom,6.19
581492,12/9/2019,22141,Christmas Craft Tree Top Angel,6.19,2,15492,United Kingdom,12.38
581492,12/9/2019,22150,3 Stripey Mice Feltcraft,7.24,2,15492,United Kingdom,14.48
581492,12/9/2019,22153,Angel Decoration Stars On Dress,7.24,2,15492,United Kingdom,14.48
581492,12/9/2019,22154,Angel Decoration 3 Buttons,7.24,3,15492,United Kingdom,21.72
581492,12/9/2019,22155,Star Decoration Rustic,7.24,7,15492,United Kingdom,50.68
581492,12/9/2019,22156,Heart Decoration With Pearls,7.24,4,15492,United Kingdom,28.96
581492,12/9/2019,22163,Heart String Memo Holder Hanging,7.24,9,15492,United Kingdom,65.16
581492,12/9/2019,22165,Diamante Heart Shaped Wall Mirror,7.24,1,15492,United Kingdom,7.24
581492,12/9/2019,22167,Oval Wall Mirror Diamante,7.24,1,15492,United Kingdom,7.24
581492,12/9/2019,22170,Picture Frame Wood Triple Portrait,7.24,1,15492,United Kingdom,7.24
581492,12/9/2019,22173,Metal 4 Hook Hanger French Chateau,7.24,2,15492,United Kingdom,14.48
581492,12/9/2019,22174,Photo Cube,6.19,7,15492,United Kingdom,43.33
581492,12/9/2019,22178,Victorian Glass Hanging T-Light,6.19,5,15492,United Kingdom,30.95
581492,12/9/2019,22186,Red Star Card Holder,7.24,2,15492,United Kingdom,14.48
581492,12/9/2019,22190,Local Cafe Mug,7.24,3,15492,United Kingdom,21.72
581492,12/9/2019,22193,Red Diner Wall Clock,7.24,1,15492,United Kingdom,7.24
581492,12/9/2019,22195,Large Heart Measuring Spoons,7.24,1,15492,United Kingdom,7.24
581492,12/9/2019,22196,Small Heart Measuring Spoons,7.24,11,15492,United Kingdom,79.64
581492,12/9/2019,22197,Popcorn Holder,7.24,34,15492,United Kingdom,246.16
581492,12/9/2019,22199,Frying Pan Red Retrospot,7.24,1,15492,United Kingdom,7.24
581492,12/9/2019,22209,Wood Stamp Set Happy Birthday,7.24,1,15492,United Kingdom,7.24
581492,12/9/2019,22212,Four Hook White Lovebirds,7.24,1,15492,United Kingdom,7.24
581492,12/9/2019,22219,Lovebird Hanging Decoration White,7.24,4,15492,United Kingdom,28.96
581492,12/9/2019,22224,White Lovebird Lantern,7.24,4,15492,United Kingdom,28.96
581492,12/9/2019,22227,Hanging Heart Mirror Decoration,7.24,1,15492,United Kingdom,7.24
581492,12/9/2019,22260,Felt Egg Cosy Blue Rabbit,6.39,2,15492,United Kingdom,12.78
581492,12/9/2019,22261,Felt Egg Cosy White Rabbit,7.24,1,15492,United Kingdom,7.24
581492,12/9/2019,22264,Felt Farm Animal White Bunny,7.24,1,15492,United Kingdom,7.24
581492,12/9/2019,22273,Feltcraft Doll Molly,7.24,2,15492,United Kingdom,14.48
581492,12/9/2019,22277,Cosmetic Bag Vintage Rose Paisley,7.24,1,15492,United Kingdom,7.24
581492,12/9/2019,22279,Pocket Bag Blue Paisley Red Spot,7.24,5,15492,United Kingdom,36.2
581492,12/9/2019,22280,Pocket Bag Pink Paisely Brown Spot,7.24,4,15492,United Kingdom,28.96
581492,12/9/2019,22300,Coffee Mug Dog + Ball Design,7.24,1,15492,United Kingdom,7.24
581492,12/9/2019,22301,Coffee Mug Cat + Bird Design,7.24,1,15492,United Kingdom,7.24
581492,12/9/2019,22307,Gold Mug Bone China Tree Of Life,7.24,1,15492,United Kingdom,7.24
581492,12/9/2019,22308,Tea Cosy Blue Stripe,7.24,2,15492,United Kingdom,14.48
581492,12/9/2019,22309,Tea Cosy Red Stripe,7.24,2,15492,United Kingdom,14.48
581492,12/9/2019,22324,Blue Polkadot Kids Bag,7.24,2,15492,United Kingdom,14.48
581492,12/9/2019,22326,Round Snack Boxes Set Of4 Woodland,7.24,3,15492,United Kingdom,21.72
581492,12/9/2019,22327,Round Snack Boxes Set Of 4 Skulls,7.24,2,15492,United Kingdom,14.48
581492,12/9/2019,22329,Round Container Set Of 5 Retrospot,6.19,2,15492,United Kingdom,12.38
581492,12/9/2019,22338,Star Decoration Painted Zinc,6.19,4,15492,United Kingdom,24.76
581492,12/9/2019,22340,Noel Garland Painted Zinc,6.19,17,15492,United Kingdom,105.23
581492,12/9/2019,22342,Home Garland Painted Zinc,6.19,7,15492,United Kingdom,43.33
581492,12/9/2019,22348,Tea Bag Plate Red Retrospot,6.19,3,15492,United Kingdom,18.57
581492,12/9/2019,22355,Charlotte Bag Suki Design,6.19,3,15492,United Kingdom,18.57
581492,12/9/2019,22356,Charlotte Bag Pink Polkadot,6.19,1,15492,United Kingdom,6.19
581492,12/9/2019,22357,Kings Choice Biscuit Tin,6.19,2,15492,United Kingdom,12.38
581492,12/9/2019,22358,Kings Choice Tea Caddy,6.19,1,15492,United Kingdom,6.19
581492,12/9/2019,22361,Glass Jar Daisy Fresh Cotton Wool,6.19,2,15492,United Kingdom,12.38
581492,12/9/2019,22362,Glass Jar Peacock Bath Salts,6.19,2,15492,United Kingdom,12.38
581492,12/9/2019,22367,Childrens Apron Spaceboy Design,6.19,1,15492,United Kingdom,6.19
581492,12/9/2019,22372,Airline Bag Vintage World Champion,6.19,1,15492,United Kingdom,6.19
581492,12/9/2019,22374,Airline Bag Vintage Jet Set Red,6.19,1,15492,United Kingdom,6.19
581492,12/9/2019,85014B,Red Retrospot Umbrella,6.19,1,15492,United Kingdom,6.19
581492,12/9/2019,85032C,Curious Images Gift Wrap Set,6.19,1,15492,United Kingdom,6.19
581492,12/9/2019,85038,6 Chocolate Love Heart T-Lights,6.19,1,15492,United Kingdom,6.19
581492,12/9/2019,85039A,Set/4 Red Mini Rose Candle In Bowl,6.19,5,15492,United Kingdom,30.95
581492,12/9/2019,85039B,S/4 Ivory Mini Rose Candle In Bowl,6.19,4,15492,United Kingdom,24.76
581492,12/9/2019,85040A,S/4 Pink Flower Candles In Bowl,6.19,1,15492,United Kingdom,6.19
581492,12/9/2019,85048,15cm Christmas Glass Ball 20 Lights,6.19,2,15492,United Kingdom,12.38
581492,12/9/2019,85049C,Romantic Pinks Ribbons,6.19,1,15492,United Kingdom,6.19
581492,12/9/2019,85049G,Chocolate Box Ribbons,6.19,1,15492,United Kingdom,6.19
581492,12/9/2019,85049H,Urban Black Ribbons,6.19,2,15492,United Kingdom,12.38
581492,12/9/2019,85053,French Enamel Candleholder,6.19,1,15492,United Kingdom,6.19
581492,12/9/2019,85059,French Enamel Water Basin,6.19,1,15492,United Kingdom,6.19
581492,12/9/2019,85066,Cream Sweetheart Mini Chest,6.19,1,15492,United Kingdom,6.19
581492,12/9/2019,85094,Candy Spot Egg Warmer Rabbit,6.19,2,15492,United Kingdom,12.38
581492,12/9/2019,85114C,Red Enchanted Forest Placemat,6.19,1,15492,United Kingdom,6.19
581492,12/9/2019,85123A,Cream Hanging Heart T-Light Holder,6.19,3,15492,United Kingdom,18.57
581492,12/9/2019,85131B,Beaded Crystal Heart Green On Stick,6.19,1,15492,United Kingdom,6.19
581492,12/9/2019,85131D,Beaded Crystal Heart Pink On Stick,6.19,2,15492,United Kingdom,12.38
581492,12/9/2019,85152,Hand Over The Chocolate Sign,6.19,1,15492,United Kingdom,6.19
581492,12/9/2019,85168B,Black Baroque Carriage Clock,6.19,3,15492,United Kingdom,18.57
581492,12/9/2019,85169C,Eau De Nil Love Bird Candle,6.19,1,15492,United Kingdom,6.19
581492,12/9/2019,85170C,Set/6 Eau De Nil Bird T-Lights,6.19,1,15492,United Kingdom,6.19
581492,12/9/2019,85173,Set/6 Frog Prince T-Light Candles,6.19,1,15492,United Kingdom,6.19
581492,12/9/2019,85177,Basket Of Flowers Sewing Kit,6.19,1,15492,United Kingdom,6.19
581492,12/9/2019,85178,Victorian Sewing Kit,6.19,1,15492,United Kingdom,6.19
581492,12/9/2019,85179A,Green Bitty Light Chain,6.19,4,15492,United Kingdom,24.76
581492,12/9/2019,85199S,Small Hanging Ivory/Red Wood Bird,6.19,9,15492,United Kingdom,55.71
581492,12/9/2019,85227,Set Of 6 3d Kit Cards For Kids,6.19,3,15492,United Kingdom,18.57
581492,12/9/2019,90003C,Midnight Blue Pair Heart Hair Slide,6.19,1,15492,United Kingdom,6.19
581492,12/9/2019,90003E,Green Pair Heart Hair Slides,6.19,2,15492,United Kingdom,12.38
581492,12/9/2019,90010A,Midnight Blue Glass/Silver Bracelet,6.04,1,15492,United Kingdom,6.04
581492,12/9/2019,90013A,Midnight Blue Vintage Earrings,6.19,3,15492,United Kingdom,18.57
581492,12/9/2019,90013C,Green Vintage Earrings,6.19,2,15492,United Kingdom,12.38
581492,12/9/2019,90014A,Silver Mop Orbit Necklace,6.19,1,15492,United Kingdom,6.19
581492,12/9/2019,90016B,Gold/Mop Pendant Orbit Necklace,6.19,1,15492,United Kingdom,6.19
581492,12/9/2019,90018B,Gold Mop Orbit Drop Earrings,6.19,1,15492,United Kingdom,6.19
581492,12/9/2019,90019B,Gold Mop Orbit Bracelet,6.19,1,15492,United Kingdom,6.19
581492,12/9/2019,90027D,Glass Bead Hoop Earrings Amethyst,6.19,1,15492,United Kingdom,6.19
581492,12/9/2019,90030B,Red Kukui Coconut Seed Necklace,6.19,1,15492,United Kingdom,6.19
581492,12/9/2019,90055,Cracked Glaze Earrings Brown,6.19,1,15492,United Kingdom,6.19
581492,12/9/2019,90059A,Diamante Hair Grip Pack/2 Crystal,6.19,1,15492,United Kingdom,6.19
581492,12/9/2019,90059D,Diamante Hair Grip Pack/2 Peridot,6.19,2,15492,United Kingdom,12.38
581492,12/9/2019,90059E,Diamante Hair Grip Pack/2 Ruby,6.04,1,15492,United Kingdom,6.04
581492,12/9/2019,90059F,Diamante Hair Grip Pack/2 Lt Rose,6.19,1,15492,United Kingdom,6.19
581492,12/9/2019,90072,Ruby Drop Chandelier Earrings,6.19,1,15492,United Kingdom,6.19
581492,12/9/2019,90086,Crystal Frog Phone Charm,6.19,1,15492,United Kingdom,6.19
581492,12/9/2019,90120B,Blue Murano Twist Bracelet,6.19,2,15492,United Kingdom,12.38
581492,12/9/2019,90120C,Green Murano Twist Bracelet,6.19,1,15492,United Kingdom,6.19
581492,12/9/2019,90130B,Turq Stone/Crystal Earrings,6.19,1,15492,United Kingdom,6.19
581492,12/9/2019,90130C,Green Stone/Crystal Earrings,6.19,1,15492,United Kingdom,6.19
581492,12/9/2019,90134,Old Rose Combo Bead Necklace,6.19,1,15492,United Kingdom,6.19
581492,12/9/2019,90138,White/Pink Mini Crystals Necklace,6.19,1,15492,United Kingdom,6.19
581492,12/9/2019,90141B,Ivory Pendant Triple Shell Necklace,6.19,1,15492,United Kingdom,6.19
581492,12/9/2019,90145,Silver Hoop Earrings With Flower,6.19,1,15492,United Kingdom,6.19
581492,12/9/2019,90155,Resin Necklace W Pastel Beads,6.19,1,15492,United Kingdom,6.19
581492,12/9/2019,90161D,Ant Copper Pink Boudicca Bracelet,6.19,1,15492,United Kingdom,6.19
581492,12/9/2019,90163A,Pink Rosebud & Pearl Necklace,6.19,2,15492,United Kingdom,12.38
581492,12/9/2019,90165B,White Rosebud Pearl Earrings,6.19,1,15492,United Kingdom,6.19
581492,12/9/2019,90168,2 Daisies Hair Comb,6.19,1,15492,United Kingdom,6.19
581492,12/9/2019,90169,Daisy Hair Comb,6.19,1,15492,United Kingdom,6.19
581492,12/9/2019,90170,Daisy Hair Band,6.19,1,15492,United Kingdom,6.19
581492,12/9/2019,90174,Butterfly Hair Band,6.19,2,15492,United Kingdom,12.38
581492,12/9/2019,90175A,White Glass Chunky Charm Bracelet,6.19,2,15492,United Kingdom,12.38
581492,12/9/2019,90175D,Tigris Eye Chunky Charm Bracelet,6.19,1,15492,United Kingdom,6.19
581492,12/9/2019,90177A,Classic Diamante Earrings Jet,6.19,1,15492,United Kingdom,6.19
581492,12/9/2019,90177C,Drop Diamante Earrings Crystal,6.19,1,15492,United Kingdom,6.19
581492,12/9/2019,90181B,Amethyst Glass/Shell/Pearl Necklace,6.04,1,15492,United Kingdom,6.04
581492,12/9/2019,90182C,Black 3 Bead Drop Earrings,6.19,1,15492,United Kingdom,6.19
581492,12/9/2019,90183A,Amber Drop Earrings W Long Beads,6.19,2,15492,United Kingdom,12.38
581492,12/9/2019,90183C,Black Drop Earrings W Long Beads,6.19,1,15492,United Kingdom,6.19
581492,12/9/2019,90184C,Black Chunky Bead Bracelet W Strap,6.19,1,15492,United Kingdom,6.19
581492,12/9/2019,90185B,Amethyst Diamante Expandable Ring,6.19,1,15492,United Kingdom,6.19
581492,12/9/2019,90188,Drop Earrings W Flower & Leaf,6.19,2,15492,United Kingdom,12.38
581492,12/9/2019,90191,Silver Lariat 40cm,6.19,2,15492,United Kingdom,12.38
581492,12/9/2019,90192,Jade Drop Earrings W Filigree,6.19,1,15492,United Kingdom,6.19
581492,12/9/2019,90198A,Vintage Rose Bead Bracelet Raspberr,6.19,2,15492,United Kingdom,12.38
581492,12/9/2019,90200A,Purple Sweetheart Bracelet,6.19,1,15492,United Kingdom,6.19
581492,12/9/2019,90201A,Purple Enamel Flower Ring,6.19,2,15492,United Kingdom,12.38
581492,12/9/2019,90201B,Black Enamel Flower Ring,6.19,1,15492,United Kingdom,6.19
581492,12/9/2019,90201C,Red Enamel Flower Ring,6.19,1,15492,United Kingdom,6.19
581492,12/9/2019,90201D,Green Enamel Flower Ring,6.19,1,15492,United Kingdom,6.19
581492,12/9/2019,90202C,Green Enamel Flower Hair Tie,6.19,1,15492,United Kingdom,6.19
581492,12/9/2019,90202D,Pink Enamel Flower Hair Tie,6.19,1,15492,United Kingdom,6.19
581492,12/9/2019,90206C,Crystal Diamante Star Brooch,6.19,1,15492,United Kingdom,6.19
581492,12/9/2019,90208,Pair Of Pink Flower Cluster Slide,6.19,1,15492,United Kingdom,6.19
581492,12/9/2019,90210A,Grey Acrylic Faceted Bangle,6.19,1,15492,United Kingdom,6.19
581492,12/9/2019,22378,Wall Tidy Retrospot,6.19,2,15492,United Kingdom,12.38
581492,12/9/2019,22379,Recycling Bag Retrospot,6.19,1,15492,United Kingdom,6.19
581492,12/9/2019,22380,Toy Tidy Spaceboy,6.19,2,15492,United Kingdom,12.38
581492,12/9/2019,22396,Magnets Pack Of 4 Retro Photo,6.19,1,15492,United Kingdom,6.19
581492,12/9/2019,22411,Jumbo Shopper Vintage Red Paisley,6.19,1,15492,United Kingdom,6.19
581492,12/9/2019,22418,10 Colour Spaceboy Pen,6.19,3,15492,United Kingdom,18.57
581492,12/9/2019,22419,Lipstick Pen Red,6.19,3,15492,United Kingdom,18.57
581492,12/9/2019,22420,Lipstick Pen Baby Pink,6.19,1,15492,United Kingdom,6.19
581492,12/9/2019,22421,Lipstick Pen Fuschia,6.19,2,15492,United Kingdom,12.38
581492,12/9/2019,22422,Toothpaste Tube Pen,6.19,4,15492,United Kingdom,24.76
581492,12/9/2019,22437,Set Of 9 Black Skull Balloons,7.24,1,15492,United Kingdom,7.24
581492,12/9/2019,22441,Grow Your Own Basil In Enamel Mug,7.24,1,15492,United Kingdom,7.24
581492,12/9/2019,22446,Pin Cushion Babushka Pink,7.24,7,15492,United Kingdom,50.68
581492,12/9/2019,22457,Natural Slate Heart Chalkboard,7.24,1,15492,United Kingdom,7.24
581492,12/9/2019,22464,Hanging Metal Heart Lantern,7.24,1,15492,United Kingdom,7.24
581492,12/9/2019,22466,Fairy Tale Cottage Night Light,7.24,1,15492,United Kingdom,7.24
581492,12/9/2019,22467,Gumball Coat Rack,7.24,1,15492,United Kingdom,7.24
581492,12/9/2019,22478,Birdhouse Garden Marker,7.24,1,15492,United Kingdom,7.24
581492,12/9/2019,22486,Plasmatronic Lamp,7.24,1,15492,United Kingdom,7.24
581492,12/9/2019,22488,Natural Slate Rectangle Chalkboard,7.24,1,15492,United Kingdom,7.24
581492,12/9/2019,22489,Pack Of 12 Traditional Crayons,7.24,5,15492,United Kingdom,36.2
581492,12/9/2019,22495,Set Of 2 Round Tins Camembert,7.24,1,15492,United Kingdom,7.24
581492,12/9/2019,22540,Mini Jigsaw Circus Parade,7.24,1,15492,United Kingdom,7.24
581492,12/9/2019,22544,Mini Jigsaw Spaceboy,7.24,1,15492,United Kingdom,7.24
581492,12/9/2019,22549,Picture Dominoes,7.24,3,15492,United Kingdom,21.72
581492,12/9/2019,22551,Plasters In Tin Spaceboy,7.24,2,15492,United Kingdom,14.48
581492,12/9/2019,22553,Plasters In Tin Skulls,7.24,2,15492,United Kingdom,14.48
581492,12/9/2019,22554,Plasters In Tin Woodland Animals,7.24,3,15492,United Kingdom,21.72
581492,12/9/2019,22555,Plasters In Tin Strongman,7.24,3,15492,United Kingdom,21.72
581492,12/9/2019,22557,Plasters In Tin Vintage Paisley,7.24,2,15492,United Kingdom,14.48
581492,12/9/2019,22558,Clothes Pegs Retrospot Pack 24,7.24,3,15492,United Kingdom,21.72
581492,12/9/2019,22560,Traditional Modelling Clay,7.24,5,15492,United Kingdom,36.2
581492,12/9/2019,22565,Feltcraft Hairbands Pink And White,7.24,4,15492,United Kingdom,28.96
581492,12/9/2019,22566,Feltcraft Hairband Pink And Purple,7.24,3,15492,United Kingdom,21.72
581492,12/9/2019,22571,Rocking Horse Red Christmas,7.24,4,15492,United Kingdom,28.96
581492,12/9/2019,22573,Star Wooden Christmas Decoration,6.39,2,15492,United Kingdom,12.78
581492,12/9/2019,22574,Heart Wooden Christmas Decoration,7.24,5,15492,United Kingdom,36.2
581492,12/9/2019,22576,Swallow Wooden Christmas Decoration,7.24,3,15492,United Kingdom,21.72
581492,12/9/2019,22577,Wooden Heart Christmas Scandinavian,7.24,4,15492,United Kingdom,28.96
581492,12/9/2019,22578,Wooden Star Christmas Scandinavian,7.24,19,15492,United Kingdom,137.56
581492,12/9/2019,22580,Advent Calendar Gingham Sack,7.24,9,15492,United Kingdom,65.16
581492,12/9/2019,22581,Wood Stocking Christmas Scandispot,7.24,11,15492,United Kingdom,79.64
581492,12/9/2019,22585,Pack Of 6 Birdy Gift Tags,7.24,2,15492,United Kingdom,14.48
581492,12/9/2019,22586,Feltcraft Hairband Pink And Blue,7.24,2,15492,United Kingdom,14.48
581492,12/9/2019,22589,Cardholder Gingham Star,7.24,6,15492,United Kingdom,43.44
581492,12/9/2019,22591,Cardholder Gingham Christmas Tree,7.24,1,15492,United Kingdom,7.24
581492,12/9/2019,22592,Cardholder Holly Wreath Metal,7.24,3,15492,United Kingdom,21.72
581492,12/9/2019,22593,Christmas Gingham Star,6.39,2,15492,United Kingdom,12.78
581492,12/9/2019,22594,Christmas Gingham Tree,7.24,3,15492,United Kingdom,21.72
581492,12/9/2019,22597,Musical Zinc Heart Decoration,7.24,9,15492,United Kingdom,65.16
581492,12/9/2019,22598,Christmas Musical Zinc Tree,7.24,4,15492,United Kingdom,28.96
581492,12/9/2019,22599,Christmas Musical Zinc Star,6.19,5,15492,United Kingdom,30.95
581492,12/9/2019,22600,Christmas Retrospot Star Wood,6.19,2,15492,United Kingdom,12.38
581492,12/9/2019,22601,Christmas Retrospot Angel Wood,6.19,3,15492,United Kingdom,18.57
581492,12/9/2019,22602,Retrospot Wooden Heart Decoration,6.19,3,15492,United Kingdom,18.57
581492,12/9/2019,22608,Pens Assorted Funky Jeweled,6.19,3,15492,United Kingdom,18.57
581492,12/9/2019,22614,Pack Of 12 Spaceboy Tissues,6.19,1,15492,United Kingdom,6.19
581492,12/9/2019,22615,Pack Of 12 Circus Parade Tissues,6.19,4,15492,United Kingdom,24.76
581492,12/9/2019,22616,Pack Of 12 London Tissues,6.19,1,15492,United Kingdom,6.19
581492,12/9/2019,22619,Set Of 6 Soldier Skittles,6.19,4,15492,United Kingdom,24.76
581492,12/9/2019,22620,4 Traditional Spinning Tops,6.19,3,15492,United Kingdom,18.57
581492,12/9/2019,22621,Traditional Knitting Nancy,6.19,2,15492,United Kingdom,12.38
581492,12/9/2019,22629,Spaceboy Lunch Box,6.19,1,15492,United Kingdom,6.19
581492,12/9/2019,22630,Dolly Girl Lunch Box,6.19,1,15492,United Kingdom,6.19
581492,12/9/2019,22632,Hand Warmer Red Retrospot,6.19,1,15492,United Kingdom,6.19
581492,12/9/2019,22633,Hand Warmer Union Jack,6.19,1,15492,United Kingdom,6.19
581492,12/9/2019,22634,Childs Breakfast Set Spaceboy,6.19,1,15492,United Kingdom,6.19
581492,12/9/2019,22650,Ceramic Pirate Chest Money Bank,6.19,2,15492,United Kingdom,12.38
581492,12/9/2019,22651,Gentleman Shirt Repair Kit,6.19,1,15492,United Kingdom,6.19
581492,12/9/2019,22653,Button Box,6.19,16,15492,United Kingdom,99.04
581492,12/9/2019,22654,Deluxe Sewing Kit,6.19,2,15492,United Kingdom,12.38
581492,12/9/2019,22659,Lunch Box I Love London,6.19,1,15492,United Kingdom,6.19
581492,12/9/2019,22666,Recipe Box Pantry Yellow Design,6.19,5,15492,United Kingdom,30.95
581492,12/9/2019,22693,Grow A Flytrap Or Sunflower In Tin,6.19,3,15492,United Kingdom,18.57
581492,12/9/2019,22694,Wicker Star,6.19,1,15492,United Kingdom,6.19
581492,12/9/2019,22697,Green Regency Teacup And Saucer,6.19,1,15492,United Kingdom,6.19
581492,12/9/2019,22699,Roses Regency Teacup And Saucer,6.19,2,15492,United Kingdom,12.38
581492,12/9/2019,22701,Pink Dog Bowl,6.19,5,15492,United Kingdom,30.95
581492,12/9/2019,22703,Pink Cat Bowl,6.19,6,15492,United Kingdom,37.14
581492,12/9/2019,22712,Card Dolly Girl,6.19,1,15492,United Kingdom,6.19
581492,12/9/2019,22713,Card I Love London,6.19,1,15492,United Kingdom,6.19
581492,12/9/2019,22714,Card Birthday Cowboy,6.19,2,15492,United Kingdom,12.38
581492,12/9/2019,22716,Card Circus Parade,6.19,3,15492,United Kingdom,18.57
581492,12/9/2019,22717,Card Dog And Ball,6.19,1,15492,United Kingdom,6.19
581492,12/9/2019,22720,Set Of 3 Cake Tins Pantry Design,6.19,2,15492,United Kingdom,12.38
581492,12/9/2019,22725,Alarm Clock Bakelike Chocolate,6.19,1,15492,United Kingdom,6.19
581492,12/9/2019,22726,Alarm Clock Bakelike Green,6.19,4,15492,United Kingdom,24.76
581492,12/9/2019,22727,Alarm Clock Bakelike Red,6.19,4,15492,United Kingdom,24.76
581492,12/9/2019,22730,Alarm Clock Bakelike Ivory,6.19,1,15492,United Kingdom,6.19
581492,12/9/2019,22741,Funky Diva Pen,6.19,4,15492,United Kingdom,24.76
581492,12/9/2019,22745,Poppy's Playhouse Bedroom,6.19,2,15492,United Kingdom,12.38
581492,12/9/2019,22748,Poppy's Playhouse Kitchen,6.19,1,15492,United Kingdom,6.19
581492,12/9/2019,22749,Feltcraft Princess Charlotte Doll,6.19,1,15492,United Kingdom,6.19
581492,12/9/2019,22751,Feltcraft Princess Olivia Doll,6.19,2,15492,United Kingdom,12.38
581492,12/9/2019,22753,Small Yellow Babushka Notebook,6.19,1,15492,United Kingdom,6.19
581492,12/9/2019,22754,Small Red Babushka Notebook,6.19,1,15492,United Kingdom,6.19
581492,12/9/2019,22757,Large Red Babushka Notebook,6.19,3,15492,United Kingdom,18.57
581492,12/9/2019,22758,Large Purple Babushka Notebook,6.19,2,15492,United Kingdom,12.38
581492,12/9/2019,22763,Key Cabinet Ma Campagne,6.19,1,15492,United Kingdom,6.19
581492,12/9/2019,22768,Family Photo Frame Cornice,6.19,2,15492,United Kingdom,12.38
581492,12/9/2019,22776,Sweetheart 3 Tier Cake Stand,6.19,1,15492,United Kingdom,6.19
581492,12/9/2019,22795,Sweetheart Recipe Book Stand,6.19,1,15492,United Kingdom,6.19
581492,12/9/2019,22798,Antique Glass Dressing Table Pot,6.19,3,15492,United Kingdom,18.57
581492,12/9/2019,22800,Antique Tall Swirlglass Trinket Pot,6.19,3,15492,United Kingdom,18.57
581492,12/9/2019,22809,Set Of 6 T-Lights Santa,6.19,1,15492,United Kingdom,6.19
581492,12/9/2019,22811,Set Of 6 T-Lights Cacti,6.19,1,15492,United Kingdom,6.19
581492,12/9/2019,22814,Card Party Games,6.19,9,15492,United Kingdom,55.71
581492,12/9/2019,22815,Card Psychedelic Apples,6.19,18,15492,United Kingdom,111.42
581492,12/9/2019,22816,Card Motorbike Santa,6.19,2,15492,United Kingdom,12.38
581492,12/9/2019,22817,Card Suki Birthday,6.19,5,15492,United Kingdom,30.95
581492,12/9/2019,22818,Card Christmas Village,7.24,6,15492,United Kingdom,43.44
581492,12/9/2019,22819,Birthday Card Retro Spot,7.24,3,15492,United Kingdom,21.72
581492,12/9/2019,22835,Hot Water Bottle I Am So Poorly,7.24,3,15492,United Kingdom,21.72
581492,12/9/2019,22865,Hand Warmer Owl Design,7.24,2,15492,United Kingdom,14.48
581492,12/9/2019,22866,Hand Warmer Scotty Dog Design,7.24,3,15492,United Kingdom,21.72
581492,12/9/2019,22867,Hand Warmer Bird Design,7.24,4,15492,United Kingdom,28.96
581492,12/9/2019,22881,Number Tile Vintage Font 2,7.24,1,15492,United Kingdom,7.24
581492,12/9/2019,22885,Number Tile Vintage Font 6,7.24,1,15492,United Kingdom,7.24
581492,12/9/2019,22888,Number Tile Vintage Font 9,7.24,1,15492,United Kingdom,7.24
581492,12/9/2019,22890,Novelty Biscuits Cake Stand 3 Tier,7.24,1,15492,United Kingdom,7.24
581492,12/9/2019,22898,Childrens Apron Apples Design,7.24,1,15492,United Kingdom,7.24
581492,12/9/2019,22899,Children's Apron Dolly Girl,7.24,2,15492,United Kingdom,14.48
581492,12/9/2019,22900,Set 2 Tea Towels I Love London,7.24,3,15492,United Kingdom,21.72
581492,12/9/2019,22905,Calendar In Season Design,7.24,1,15492,United Kingdom,7.24
581492,12/9/2019,22907,Pack Of 20 Napkins Pantry Design,6.39,1,15492,United Kingdom,6.39
581492,12/9/2019,22909,Set Of 20 Vintage Christmas Napkins,7.24,5,15492,United Kingdom,36.2
581492,12/9/2019,22910,Paper Chain Kit Vintage Christmas,7.24,7,15492,United Kingdom,50.68
581492,12/9/2019,22914,Blue Coat Rack Paris Fashion,7.24,1,15492,United Kingdom,7.24
581492,12/9/2019,22922,Fridge Magnets Us Diner Assorted,7.24,6,15492,United Kingdom,43.44
581492,12/9/2019,22924,Fridge Magnets La Vie En Rose,7.24,6,15492,United Kingdom,43.44
581492,12/9/2019,22928,Yellow Giant Garden Thermometer,7.24,1,15492,United Kingdom,7.24
581492,12/9/2019,22940,Feltcraft Christmas Fairy,6.19,1,15492,United Kingdom,6.19
581492,12/9/2019,22941,Christmas Lights 10 Reindeer,6.19,2,15492,United Kingdom,12.38
581492,12/9/2019,22943,Christmas Lights 10 Vintage Baubles,6.19,1,15492,United Kingdom,6.19
581492,12/9/2019,22948,Metal Decoration Naughty Children,6.19,4,15492,United Kingdom,24.76
581492,12/9/2019,22951,60 Cake Cases Dolly Girl Design,6.19,2,15492,United Kingdom,12.38
581492,12/9/2019,22952,60 Cake Cases Vintage Christmas,6.19,2,15492,United Kingdom,12.38
581492,12/9/2019,22955,36 Foil Star Cake Cases,6.19,1,15492,United Kingdom,6.19
581492,12/9/2019,22960,Jam Making Set With Jars,6.19,2,15492,United Kingdom,12.38
581492,12/9/2019,22961,Jam Making Set Printed,6.19,9,15492,United Kingdom,55.71
581492,12/9/2019,22962,Jam Jar With Pink Lid,6.19,3,15492,United Kingdom,18.57
581492,12/9/2019,22963,Jam Jar With Green Lid,6.19,3,15492,United Kingdom,18.57
581492,12/9/2019,22964,3 Piece Spaceboy Cookie Cutter Set,6.19,1,15492,United Kingdom,6.19
581492,12/9/2019,22965,3 Traditional Biscuit Cutters Set,6.19,1,15492,United Kingdom,6.19
581492,12/9/2019,22966,Gingerbread Man Cookie Cutter,6.19,4,15492,United Kingdom,24.76
581492,12/9/2019,22969,Homemade Jam Scented Candles,6.19,6,15492,United Kingdom,37.14
581492,12/9/2019,22975,Spaceboy Childrens Egg Cup,6.19,2,15492,United Kingdom,12.38
581492,12/9/2019,22976,Circus Parade Childrens Egg Cup,6.19,1,15492,United Kingdom,6.19
581492,12/9/2019,22977,Dolly Girl Childrens Egg Cup,6.19,1,15492,United Kingdom,6.19
581492,12/9/2019,22979,Pantry Washing Up Brush,6.19,2,15492,United Kingdom,12.38
581492,12/9/2019,22980,Pantry Scrubbing Brush,6.19,1,15492,United Kingdom,6.19
581492,12/9/2019,22982,Pantry Pastry Brush,6.19,3,15492,United Kingdom,18.57
581492,12/9/2019,22983,Card Billboard Font,6.19,1,15492,United Kingdom,6.19
581492,12/9/2019,22984,Card Gingham Rose,6.19,1,15492,United Kingdom,6.19
581492,12/9/2019,22988,Soldiers Egg Cup,6.19,1,15492,United Kingdom,6.19
581492,12/9/2019,22989,Set 2 Pantry Design Tea Towels,6.19,2,15492,United Kingdom,12.38
581492,12/9/2019,22992,Revolver Wooden Ruler,6.19,3,15492,United Kingdom,18.57
581492,12/9/2019,22993,Set Of 4 Pantry Jelly Moulds,6.19,3,15492,United Kingdom,18.57
581492,12/9/2019,22995,Travel Card Wallet Suki,6.19,4,15492,United Kingdom,24.76
581492,12/9/2019,22996,Travel Card Wallet Vintage Ticket,6.19,5,15492,United Kingdom,30.95
581492,12/9/2019,22997,Travel Card Wallet Union Jack,6.19,1,15492,United Kingdom,6.19
581492,12/9/2019,22998,Travel Card Wallet Keep Calm,6.19,4,15492,United Kingdom,24.76
581492,12/9/2019,22999,Travel Card Wallet Vintage Leaf,6.19,1,15492,United Kingdom,6.19
581492,12/9/2019,23005,Travel Card Wallet I Love London,6.19,4,15492,United Kingdom,24.76
581492,12/9/2019,23007,Spaceboy Baby Gift Set,6.19,1,15492,United Kingdom,6.19
581492,12/9/2019,23009,I Love London Baby Gift Set,6.19,2,15492,United Kingdom,12.38
581492,12/9/2019,23012,Glass Apothecary Bottle Perfume,6.19,1,15492,United Kingdom,6.19
581492,12/9/2019,23013,Glass Apothecary Bottle Tonic,6.19,2,15492,United Kingdom,12.38
581492,12/9/2019,23014,Glass Apothecary Bottle Elixir,6.19,1,15492,United Kingdom,6.19
581492,12/9/2019,23050,Recycled Acapulco Mat Green,6.19,1,15492,United Kingdom,6.19
581492,12/9/2019,23051,Recycled Acapulco Mat Blue,6.19,1,15492,United Kingdom,6.19
581492,12/9/2019,23052,Recycled Acapulco Mat Turquoise,6.19,5,15492,United Kingdom,30.95
581492,12/9/2019,23053,Recycled Acapulco Mat Pink,6.19,1,15492,United Kingdom,6.19
581492,12/9/2019,23054,Recycled Acapulco Mat Lavender,6.19,1,15492,United Kingdom,6.19
581492,12/9/2019,23074,Embossed Heart Trinket Box,6.19,1,15492,United Kingdom,6.19
581492,12/9/2019,23076,Ice Cream Sundae Lip Gloss,6.19,3,15492,United Kingdom,18.57
581492,12/9/2019,23077,Doughnut Lip Gloss,6.19,3,15492,United Kingdom,18.57
581492,12/9/2019,23082,Set 6 Paper Table Lantern Hearts,6.19,1,15492,United Kingdom,6.19
581492,12/9/2019,23083,Set 6 Paper Table Lantern Stars,6.19,1,15492,United Kingdom,6.19
581492,12/9/2019,23084,Rabbit Night Light,6.19,57,15492,United Kingdom,352.83
581492,12/9/2019,23088,Zinc Heart Flower T-Light Holder,6.19,1,15492,United Kingdom,6.19
581492,12/9/2019,23089,Glass Bon Bon Jar,6.19,4,15492,United Kingdom,24.76
581492,12/9/2019,23093,Small Parisienne Heart Photo Frame,6.19,3,15492,United Kingdom,18.57
581492,12/9/2019,23103,Jingle Bell Heart Decoration,6.19,2,15492,United Kingdom,12.38
581492,12/9/2019,23110,Parisienne Key Cabinet,6.19,1,15492,United Kingdom,6.19
581492,12/9/2019,23111,Parisienne Sewing Box,6.19,1,15492,United Kingdom,6.19
581492,12/9/2019,23112,Parisienne Curio Cabinet,6.19,1,15492,United Kingdom,6.19
581492,12/9/2019,23118,Parisienne Jewellery Drawer,6.19,1,15492,United Kingdom,6.19
581492,12/9/2019,23158,Set Of 5 Lucky Cat Magnets,6.19,1,15492,United Kingdom,6.19
581492,12/9/2019,23165,Large Ceramic Top Storage Jar,6.19,2,15492,United Kingdom,12.38
581492,12/9/2019,23166,Medium Ceramic Top Storage Jar,6.19,2,15492,United Kingdom,12.38
581492,12/9/2019,23168,Classic Cafe Sugar Dispenser,6.19,2,15492,United Kingdom,12.38
581492,12/9/2019,23171,Regency Tea Plate Green,6.19,1,15492,United Kingdom,6.19
581492,12/9/2019,23172,Regency Tea Plate Pink,6.19,1,15492,United Kingdom,6.19
581492,12/9/2019,23173,Regency Teapot Roses,6.19,1,15492,United Kingdom,6.19
581492,12/9/2019,23175,Regency Milk Jug Pink,6.19,1,15492,United Kingdom,6.19
581492,12/9/2019,23177,Treasure Island Book Box,6.19,1,15492,United Kingdom,6.19
581492,12/9/2019,23183,Mother's Kitchen Spoon Rest,6.19,3,15492,United Kingdom,18.57
581492,12/9/2019,23184,Bull Dog Bottle Opener,6.19,2,15492,United Kingdom,12.38
581492,12/9/2019,23188,Vintage 2 Metre Folding Ruler,6.19,1,15492,United Kingdom,6.19
581492,12/9/2019,23191,Bundle Of 3 Retro Note Books,6.19,1,15492,United Kingdom,6.19
581492,12/9/2019,23194,Gymkhana Treasure Book Box,6.19,1,15492,United Kingdom,6.19
581492,12/9/2019,23196,Vintage Leaf Magnetic Notepad,6.19,1,15492,United Kingdom,6.19
581492,12/9/2019,23197,Sketchbook Magnetic Shopping List,6.19,2,15492,United Kingdom,12.38
581492,12/9/2019,23198,Pantry Magnetic Shopping List,6.19,2,15492,United Kingdom,12.38
581492,12/9/2019,23204,Charlotte Bag Apples Design,6.19,6,15492,United Kingdom,37.14
581492,12/9/2019,23205,Charlotte Bag Vintage Alphabet,6.19,3,15492,United Kingdom,18.57
581492,12/9/2019,23212,Heart Wreath Decoration With Bell,6.19,7,15492,United Kingdom,43.33
581492,12/9/2019,23213,Star Wreath Decoration With Bell,6.19,7,15492,United Kingdom,43.33
581492,12/9/2019,23220,Reindeer Heart Decoration Gold,6.19,2,15492,United Kingdom,12.38
581492,12/9/2019,23224,Cherub Heart Decoration Gold,6.19,1,15492,United Kingdom,6.19
581492,12/9/2019,23229,Vintage Donkey Tail Game,6.19,2,15492,United Kingdom,12.38
581492,12/9/2019,23234,Biscuit Tin Vintage Christmas,6.19,4,15492,United Kingdom,24.76
581492,12/9/2019,23241,Treasure Tin Gymkhana Design,6.19,3,15492,United Kingdom,18.57
581492,12/9/2019,23243,Set Of Tea Coffee Sugar Tins Pantry,6.19,1,15492,United Kingdom,6.19
581492,12/9/2019,23245,Set Of 3 Regency Cake Tins,6.19,7,15492,United Kingdom,43.33
581492,12/9/2019,23247,Biscuit Tin 50'S Christmas,6.19,3,15492,United Kingdom,18.57
581492,12/9/2019,23264,Set Of 3 Wooden Sleigh Decorations,6.19,3,15492,United Kingdom,18.57
581492,12/9/2019,23265,Set Of 3 Wooden Tree Decorations,6.19,3,15492,United Kingdom,18.57
581492,12/9/2019,23266,Set Of 3 Wooden Stocking Decoration,6.19,2,15492,United Kingdom,12.38
581492,12/9/2019,23274,Star T-Light Holder Willie Winkie,6.19,3,15492,United Kingdom,18.57
581492,12/9/2019,23275,Set Of 3 Hanging Owls Ollie Beak,6.19,2,15492,United Kingdom,12.38
581492,12/9/2019,23280,Folding Butterfly Mirror Hot Pink,6.19,2,15492,United Kingdom,12.38
581492,12/9/2019,23284,Doormat Keep Calm And Come In,6.19,1,15492,United Kingdom,6.19
581492,12/9/2019,23285,Pink Vintage Spot Beaker,6.19,1,15492,United Kingdom,6.19
581492,12/9/2019,23287,Red Vintage Spot Beaker,6.19,1,15492,United Kingdom,6.19
581492,12/9/2019,23290,Spaceboy Childrens Bowl,6.19,1,15492,United Kingdom,6.19
581492,12/9/2019,23292,Spaceboy Childrens Cup,6.19,1,15492,United Kingdom,6.19
581492,12/9/2019,23293,Set Of 12 Fairy Cake Baking Cases,6.19,3,15492,United Kingdom,18.57
581492,12/9/2019,23294,Set Of 6 Snack Loaf Baking Cases,6.19,1,15492,United Kingdom,6.19
581492,12/9/2019,23295,Set Of 12 Mini Loaf Baking Cases,6.19,4,15492,United Kingdom,24.76
581492,12/9/2019,23298,Spotty Bunting,6.19,2,15492,United Kingdom,12.38
581492,12/9/2019,23299,Food Cover With Beads Set 2,6.19,1,15492,United Kingdom,6.19
581492,12/9/2019,23300,Gardeners Kneeling Pad Cup Of Tea,6.19,3,15492,United Kingdom,18.57
581492,12/9/2019,23301,Gardeners Kneeling Pad Keep Calm,6.19,6,15492,United Kingdom,37.14
581492,12/9/2019,23307,Set Of 60 Pantry Design Cake Cases,6.19,7,15492,United Kingdom,43.33
581492,12/9/2019,23308,Set Of 60 Vintage Leaf Cake Cases,6.19,1,15492,United Kingdom,6.19
581492,12/9/2019,23309,Set Of 60 I Love London Cake Cases,6.19,2,15492,United Kingdom,12.38
581492,12/9/2019,23310,Bubblegum Ring Assorted,6.19,4,15492,United Kingdom,24.76
581492,12/9/2019,23311,Vintage Christmas Stocking,6.19,1,15492,United Kingdom,6.19
581492,12/9/2019,23312,Vintage Christmas Gift Sack,6.19,6,15492,United Kingdom,37.14
581492,12/9/2019,23313,Vintage Christmas Bunting,6.19,4,15492,United Kingdom,24.76
581492,12/9/2019,23314,Vintage Christmas Tablecloth,6.19,1,15492,United Kingdom,6.19
581492,12/9/2019,23319,Box Of 6 Mini 50'S Crackers,6.19,3,15492,United Kingdom,18.57
581492,12/9/2019,23322,Large White Heart Of Wicker,6.19,1,15492,United Kingdom,6.19
581492,12/9/2019,23323,White Wicker Star,6.19,6,15492,United Kingdom,37.14
581492,12/9/2019,23328,Set 6 School Milk Bottles In Crate,6.19,5,15492,United Kingdom,30.95
581492,12/9/2019,23332,Ivory Wicker Heart Large,6.19,1,15492,United Kingdom,6.19
581492,12/9/2019,23334,Ivory Wicker Heart Small,6.19,1,15492,United Kingdom,6.19
581492,12/9/2019,23336,Egg Frying Pan Pink,6.19,1,15492,United Kingdom,6.19
581492,12/9/2019,23340,Vintage Christmas Cake Frill,6.19,3,15492,United Kingdom,18.57
581492,12/9/2019,23345,Dolly Girl Beaker,6.19,1,15492,United Kingdom,6.19
581492,12/9/2019,23347,I Love London Beaker,6.19,1,15492,United Kingdom,6.19
581492,12/9/2019,23349,Roll Wrap Vintage Christmas,6.19,2,15492,United Kingdom,12.38
581492,12/9/2019,23351,Roll Wrap 50'S Christmas,6.19,5,15492,United Kingdom,30.95
581492,12/9/2019,23352,Roll Wrap 50'S Red Christmas,6.19,1,15492,United Kingdom,6.19
581492,12/9/2019,23353,6 Gift Tags Vintage Christmas,6.19,3,15492,United Kingdom,18.57
581492,12/9/2019,23354,6 Gift Tags 50'S Christmas,6.19,4,15492,United Kingdom,24.76
581492,12/9/2019,23357,Hot Water Bottle Sex Bomb,6.19,1,15492,United Kingdom,6.19
581492,12/9/2019,23358,Hot Stuff Hot Water Bottle,6.19,1,15492,United Kingdom,6.19
581492,12/9/2019,23365,Set 12 Colour Pencils Love London,6.19,1,15492,United Kingdom,6.19
581492,12/9/2019,23366,Set 12 Colouring Pencils Doily,6.04,5,15492,United Kingdom,30.2
581492,12/9/2019,23367,Set 12 Colour Pencils Spaceboy,6.04,10,15492,United Kingdom,60.4
581492,12/9/2019,23368,Set 12 Colour Pencils Dolly Girl,6.19,2,15492,United Kingdom,12.38
581492,12/9/2019,23581,Jumbo Bag Paisley Park,6.19,3,15492,United Kingdom,18.57
581492,12/9/2019,21928,Jumbo Bag Scandinavian Blue Paisley,6.19,2,15492,United Kingdom,12.38
581492,12/9/2019,21929,Jumbo Bag Pink Vintage Paisley,6.19,1,15492,United Kingdom,6.19
581492,12/9/2019,85099C,Jumbo Bag Baroque Black White,6.19,7,15492,United Kingdom,43.33
581492,12/9/2019,23199,Jumbo Bag Apples,6.19,2,15492,United Kingdom,12.38
581492,12/9/2019,23200,Jumbo Bag Pears,6.19,1,15492,United Kingdom,6.19
581492,12/9/2019,23202,Jumbo Bag Vintage Leaf,6.19,2,15492,United Kingdom,12.38
581492,12/9/2019,23343,Jumbo Bag Vintage Christmas,6.19,4,15492,United Kingdom,24.76
581492,12/9/2019,23344,Jumbo Bag 50'S Christmas,6.19,5,15492,United Kingdom,30.95
581492,12/9/2019,23583,Lunch Bag Paisley Park,6.19,2,15492,United Kingdom,12.38
581492,12/9/2019,20727,Lunch Bag Black Skull,6.04,2,15492,United Kingdom,12.08
581492,12/9/2019,20728,Lunch Bag Cars Blue,6.04,1,15492,United Kingdom,6.04
581492,12/9/2019,20725,Lunch Bag Red Retrospot,6.19,1,15492,United Kingdom,6.19
581492,12/9/2019,20726,Lunch Bag Woodland,6.19,1,15492,United Kingdom,6.19
581492,12/9/2019,22662,Lunch Bag Dolly Girl Design,6.19,1,15492,United Kingdom,6.19
581492,12/9/2019,23206,Lunch Bag Apple Design,6.19,3,15492,United Kingdom,18.57
581492,12/9/2019,23208,Lunch Bag Vintage Leaf Design,6.19,3,15492,United Kingdom,18.57
581492,12/9/2019,23375,50'S Christmas Paper Gift Bag,6.19,1,15492,United Kingdom,6.19
581492,12/9/2019,23437,50'S Christmas Gift Bag Large,6.19,1,15492,United Kingdom,6.19
581492,12/9/2019,22821,Gift Bag Psychedelic Apples,7.24,3,15492,United Kingdom,21.72
581493,12/9/2019,79190B,Retro Plastic Polka Tray,7.24,15,12423,Belgium,108.6
581493,12/9/2019,79190A,Retro Plastic 70'S Tray,7.24,15,12423,Belgium,108.6
581493,12/9/2019,22915,Assorted Bottle Top Magnets,7.24,12,12423,Belgium,86.88
581493,12/9/2019,22151,Place Setting White Heart,7.24,24,12423,Belgium,173.76
581493,12/9/2019,22632,Hand Warmer Red Retrospot,7.24,12,12423,Belgium,86.88
581493,12/9/2019,22865,Hand Warmer Owl Design,7.24,12,12423,Belgium,86.88
581493,12/9/2019,20718,Red Retrospot Shopper Bag,7.24,10,12423,Belgium,72.4
581493,12/9/2019,79190B,Retro Plastic Polka Tray,7.24,12,12423,Belgium,86.88
581493,12/9/2019,71459,Hanging Jam Jar T-Light Holders,7.24,12,12423,Belgium,86.88
581493,12/9/2019,84945,Multi Colour Silver T-Light Holder,7.24,12,12423,Belgium,86.88
581493,12/9/2019,22356,Charlotte Bag Pink Polkadot,7.24,10,12423,Belgium,72.4
581493,12/9/2019,20724,Red Retrospot Charlotte Bag,7.24,10,12423,Belgium,72.4
581493,12/9/2019,23204,Charlotte Bag Apples Design,7.24,10,12423,Belgium,72.4
581493,12/9/2019,21108,Fairy Cake Flannel Assorted Colour,7.24,18,12423,Belgium,130.32
581493,12/9/2019,22252,Birdcage Decoration Tealight Holder,7.24,12,12423,Belgium,86.88
581493,12/9/2019,22807,Set Of 6 T-Lights Toadstools,6.19,6,12423,Belgium,37.14
581494,12/9/2019,23084,Rabbit Night Light,6.19,24,12518,Germany,148.56
581494,12/9/2019,21559,Strawberry Lunch Box With Cutlery,6.19,6,12518,Germany,37.14
581494,12/9/2019,21506,Fancy Font Birthday Card,6.19,12,12518,Germany,74.28
581494,12/9/2019,22716,Card Circus Parade,6.19,12,12518,Germany,74.28
581494,12/9/2019,22556,Plasters In Tin Circus Parade,6.19,12,12518,Germany,74.28
581494,12/9/2019,22328,Round Snack Boxes Set Of 4 Fruits,6.19,6,12518,Germany,37.14
581494,12/9/2019,22730,Alarm Clock Bakelike Ivory,6.19,4,12518,Germany,24.76
581494,12/9/2019,22633,Hand Warmer Union Jack,6.19,12,12518,Germany,74.28
581494,12/9/2019,22326,Round Snack Boxes Set Of4 Woodland,6.19,6,12518,Germany,37.14
581494,12/9/2019,10125,Mini Funky Design Tapes,6.19,20,12518,Germany,123.8
581494,12/9/2019,23367,Set 12 Colour Pencils Spaceboy,6.19,24,12518,Germany,148.56
581494,12/9/2019,22551,Plasters In Tin Spaceboy,6.04,12,12518,Germany,72.48
581494,12/9/2019,22554,Plasters In Tin Woodland Animals,6.04,12,12518,Germany,72.48
581494,12/9/2019,22549,Picture Dominoes,6.19,12,12518,Germany,74.28
581494,12/9/2019,23388,Woodland Mini Backpack,6.19,4,12518,Germany,24.76
581494,12/9/2019,23390,Dolly Girl Mini Backpack,6.19,4,12518,Germany,24.76
581494,12/9/2019,23389,Spaceboy Mini Backpack,6.19,4,12518,Germany,24.76
581495,12/9/2019,23535,Wall Art Bicycle Safety,6.19,12,14051,United Kingdom,74.28
581495,12/9/2019,22699,Roses Regency Teacup And Saucer,6.19,12,14051,United Kingdom,74.28
581495,12/9/2019,22698,Pink Regency Teacup And Saucer,6.19,12,14051,United Kingdom,74.28
581495,12/9/2019,22697,Green Regency Teacup And Saucer,6.19,12,14051,United Kingdom,74.28
581495,12/9/2019,22633,Hand Warmer Union Jack,6.04,18,14051,United Kingdom,108.72
581495,12/9/2019,15056N,Edwardian Parasol Natural,6.19,36,14051,United Kingdom,222.84
581495,12/9/2019,23439,Hand Warmer Red Love Heart,6.19,36,14051,United Kingdom,222.84
581495,12/9/2019,48138,Doormat Union Flag,6.19,10,14051,United Kingdom,61.9
581495,12/9/2019,21523,Doormat Fancy Font Home Sweet Home,6.19,10,14051,United Kingdom,61.9
581495,12/9/2019,21877,Home Sweet Home Mug,6.19,12,14051,United Kingdom,74.28
581495,12/9/2019,21871,Save The Planet Mug,6.19,18,14051,United Kingdom,111.42
581495,12/9/2019,22798,Antique Glass Dressing Table Pot,6.19,36,14051,United Kingdom,222.84
581495,12/9/2019,23173,Regency Teapot Roses,6.19,6,14051,United Kingdom,37.14
581495,12/9/2019,22423,Regency Cakestand 3 Tier,6.19,10,14051,United Kingdom,61.9
581496,12/9/2019,22664,Toy Tidy Dolly Girl Design,6.19,20,16558,United Kingdom,123.8
581496,12/9/2019,22721,Set Of 3 Cake Tins Sketchbook,6.19,12,16558,United Kingdom,74.28
581496,12/9/2019,72800E,4 Ivory Dinner Candles Silver Flock,6.19,12,16558,United Kingdom,74.28
581496,12/9/2019,23313,Vintage Christmas Bunting,6.19,10,16558,United Kingdom,61.9
581496,12/9/2019,22952,60 Cake Cases Vintage Christmas,6.19,24,16558,United Kingdom,148.56
581496,12/9/2019,22909,Set Of 20 Vintage Christmas Napkins,6.04,12,16558,United Kingdom,72.48
581496,12/9/2019,23298,Spotty Bunting,6.19,3,16558,United Kingdom,18.57
581496,12/9/2019,23598,Paper Bunting Vintage Party,6.19,6,16558,United Kingdom,37.14
581496,12/9/2019,16169E,Wrap 50'S Christmas,6.19,25,16558,United Kingdom,154.75
581496,12/9/2019,23351,Roll Wrap 50'S Christmas,6.19,12,16558,United Kingdom,74.28
581496,12/9/2019,23350,Roll Wrap Vintage Spot,6.19,24,16558,United Kingdom,148.56
581496,12/9/2019,22865,Hand Warmer Owl Design,6.19,24,16558,United Kingdom,148.56
581496,12/9/2019,22632,Hand Warmer Red Retrospot,6.19,12,16558,United Kingdom,74.28
581496,12/9/2019,22835,Hot Water Bottle I Am So Poorly,6.19,4,16558,United Kingdom,24.76
581496,12/9/2019,22112,Chocolate Hot Water Bottle,6.19,6,16558,United Kingdom,37.14
581496,12/9/2019,23355,Hot Water Bottle Keep Calm,6.19,4,16558,United Kingdom,24.76
581496,12/9/2019,22314,Office Mug Warmer Choc+Blue,6.19,24,16558,United Kingdom,148.56
581496,12/9/2019,22313,Office Mug Warmer Pink,6.19,12,16558,United Kingdom,74.28
581496,12/9/2019,23084,Rabbit Night Light,6.19,18,16558,United Kingdom,111.42
581496,12/9/2019,20831,Gold Photo Frame,6.19,12,16558,United Kingdom,74.28
581496,12/9/2019,21115,Rose Caravan Doorstop,6.19,8,16558,United Kingdom,49.52
581496,12/9/2019,21462,Nursery A B C Painted Letters,7.24,8,16558,United Kingdom,57.92
581496,12/9/2019,22076,6 Ribbons Empire,7.24,24,16558,United Kingdom,173.76
581496,12/9/2019,22190,Local Cafe Mug,7.24,24,16558,United Kingdom,173.76
581496,12/9/2019,22215,Cake Stand White Two Tier Lace,7.24,6,16558,United Kingdom,43.44
581496,12/9/2019,22220,Cake Stand Lovebird 2 Tier White,7.24,6,16558,United Kingdom,43.44
581496,12/9/2019,22464,Hanging Metal Heart Lantern,7.24,12,16558,United Kingdom,86.88
581496,12/9/2019,22465,Hanging Metal Star Lantern,7.24,12,16558,United Kingdom,86.88
581496,12/9/2019,22539,Mini Jigsaw Dolly Girl,7.24,48,16558,United Kingdom,347.52
581496,12/9/2019,22544,Mini Jigsaw Spaceboy,7.24,48,16558,United Kingdom,347.52
581496,12/9/2019,23438,Red Spot Gift Bag Large,6.19,12,16558,United Kingdom,74.28
581496,12/9/2019,23437,50'S Christmas Gift Bag Large,6.19,12,16558,United Kingdom,74.28
581497,12/9/2019,20719,Woodland Charlotte Bag,6.19,33,17497,United Kingdom,204.27
581497,12/9/2019,20723,Strawberry Charlotte Bag,6.19,42,17497,United Kingdom,259.98
581497,12/9/2019,20724,Red Retrospot Charlotte Bag,6.19,55,17497,United Kingdom,340.45
581497,12/9/2019,21212,Pack Of 72 Retrospot Cake Cases,7.24,7,17497,United Kingdom,50.68
581497,12/9/2019,21238,Red Retrospot Cup,7.24,8,17497,United Kingdom,57.92
581497,12/9/2019,21242,Red Retrospot Plate,7.24,2,17497,United Kingdom,14.48
581497,12/9/2019,21479,White Skull Hot Water Bottle,7.24,25,17497,United Kingdom,181
581497,12/9/2019,21481,Fawn Blue Hot Water Bottle,7.24,1,17497,United Kingdom,7.24
581497,12/9/2019,21481,Fawn Blue Hot Water Bottle,7.24,1,17497,United Kingdom,7.24
581497,12/9/2019,21484,Chick Grey Hot Water Bottle,7.24,1,17497,United Kingdom,7.24
581497,12/9/2019,21668,Red Stripe Ceramic Drawer Knob,7.24,1,17497,United Kingdom,7.24
581497,12/9/2019,21670,Blue Spot Ceramic Drawer Knob,7.24,1,17497,United Kingdom,7.24
581497,12/9/2019,21671,Red Spot Ceramic Drawer Knob,7.24,1,17497,United Kingdom,7.24
581497,12/9/2019,21672,White Spot Red Ceramic Drawer Knob,7.24,6,17497,United Kingdom,43.44
581497,12/9/2019,21673,White Spot Blue Ceramic Drawer Knob,7.24,1,17497,United Kingdom,7.24
581497,12/9/2019,21714,Citronella Candle Garden Pot,7.24,2,17497,United Kingdom,14.48
581497,12/9/2019,22110,Bird House Hot Water Bottle,7.24,7,17497,United Kingdom,50.68
581497,12/9/2019,22111,Scottie Dog Hot Water Bottle,7.24,5,17497,United Kingdom,36.2
581497,12/9/2019,22112,Chocolate Hot Water Bottle,7.24,13,17497,United Kingdom,94.12
581497,12/9/2019,22114,Hot Water Bottle Tea And Sympathy,7.24,48,17497,United Kingdom,347.52
581497,12/9/2019,22197,Popcorn Holder,7.24,68,17497,United Kingdom,492.32
581497,12/9/2019,22355,Charlotte Bag Suki Design,7.24,110,17497,United Kingdom,796.4
581497,12/9/2019,22356,Charlotte Bag Pink Polkadot,7.24,25,17497,United Kingdom,181
581497,12/9/2019,22356,Charlotte Bag Pink Polkadot,7.24,1,17497,United Kingdom,7.24
581497,12/9/2019,22423,Regency Cakestand 3 Tier,7.24,8,17497,United Kingdom,57.92
581497,12/9/2019,22725,Alarm Clock Bakelike Chocolate,7.24,3,17497,United Kingdom,21.72
581497,12/9/2019,22726,Alarm Clock Bakelike Green,7.24,1,17497,United Kingdom,7.24
581497,12/9/2019,22727,Alarm Clock Bakelike Red,7.24,10,17497,United Kingdom,72.4
581497,12/9/2019,22730,Alarm Clock Bakelike Ivory,7.24,5,17497,United Kingdom,36.2
581497,12/9/2019,22735,Ribbon Reel Socks And Mittens,7.24,2,17497,United Kingdom,14.48
581497,12/9/2019,22736,Ribbon Reel Making Snowmen,7.24,3,17497,United Kingdom,21.72
581497,12/9/2019,22738,Ribbon Reel Snowy Village,7.24,1,17497,United Kingdom,7.24
581497,12/9/2019,22805,Blue Drawer Knob Acrylic Edwardian,7.24,1,17497,United Kingdom,7.24
581497,12/9/2019,22835,Hot Water Bottle I Am So Poorly,7.24,4,17497,United Kingdom,28.96
581497,12/9/2019,22895,Set Of 2 Tea Towels Apple And Pears,7.24,1,17497,United Kingdom,7.24
581497,12/9/2019,22896,Peg Bag Apples Design,7.24,2,17497,United Kingdom,14.48
581497,12/9/2019,22898,Childrens Apron Apples Design,7.24,2,17497,United Kingdom,14.48
581497,12/9/2019,22943,Christmas Lights 10 Vintage Baubles,7.24,1,17497,United Kingdom,7.24
581497,12/9/2019,23084,Rabbit Night Light,6.19,37,17497,United Kingdom,229.03
581497,12/9/2019,23168,Classic Cafe Sugar Dispenser,6.19,1,17497,United Kingdom,6.19
581497,12/9/2019,23204,Charlotte Bag Apples Design,6.04,13,17497,United Kingdom,78.52
581497,12/9/2019,23205,Charlotte Bag Vintage Alphabet,6.04,8,17497,United Kingdom,48.32
581497,12/9/2019,23301,Gardeners Kneeling Pad Keep Calm,6.19,1,17497,United Kingdom,6.19
581497,12/9/2019,23355,Hot Water Bottle Keep Calm,6.19,36,17497,United Kingdom,222.84
581497,12/9/2019,23356,Love Hot Water Bottle,6.19,1,17497,United Kingdom,6.19
581497,12/9/2019,23357,Hot Water Bottle Sex Bomb,6.19,2,17497,United Kingdom,12.38
581497,12/9/2019,23358,Hot Stuff Hot Water Bottle,6.19,2,17497,United Kingdom,12.38
581497,12/9/2019,35970,Zinc Folkart Sleigh Bells,6.19,2,17497,United Kingdom,12.38
581497,12/9/2019,47566,Party Bunting,6.19,5,17497,United Kingdom,30.95
581497,12/9/2019,82583,Hot Baths Metal Sign,6.19,4,17497,United Kingdom,24.76
581497,12/9/2019,84029G,Knitted Union Flag Hot Water Bottle,6.19,11,17497,United Kingdom,68.09
581497,12/9/2019,84997C,Childrens Cutlery Polkadot Blue,6.19,3,17497,United Kingdom,18.57
581497,12/9/2019,85049G,Chocolate Box Ribbons,6.19,2,17497,United Kingdom,12.38
581497,12/9/2019,20727,Lunch Bag Black Skull,6.19,8,17497,United Kingdom,49.52
581497,12/9/2019,22383,Lunch Bag Suki Design,7.24,2,17497,United Kingdom,14.48
581497,12/9/2019,23206,Lunch Bag Apple Design,6.04,3,17497,United Kingdom,18.12
581497,12/9/2019,23206,Lunch Bag Apple Design,6.04,1,17497,United Kingdom,6.04
581497,12/9/2019,23207,Lunch Bag Alphabet Design,6.19,1,17497,United Kingdom,6.19
581497,12/9/2019,23208,Lunch Bag Vintage Leaf Design,6.19,3,17497,United Kingdom,18.57
581498,12/9/2019,20669,Red Heart Luggage Tag,6.19,3,14498,United Kingdom,18.57
581498,12/9/2019,20679,Edwardian Parasol Red,6.19,5,14498,United Kingdom,30.95
581498,12/9/2019,20717,Strawberry Shopper Bag,6.19,1,14498,United Kingdom,6.19
581498,12/9/2019,20718,Red Retrospot Shopper Bag,6.19,1,14498,United Kingdom,6.19
581498,12/9/2019,20750,Red Retrospot Mini Cases,6.19,1,14498,United Kingdom,6.19
581498,12/9/2019,20961,Strawberry Bath Sponge,6.19,1,14498,United Kingdom,6.19
581498,12/9/2019,20963,Apple Bath Sponge,6.19,1,14498,United Kingdom,6.19
581498,12/9/2019,21115,Rose Caravan Doorstop,6.19,1,14498,United Kingdom,6.19
581498,12/9/2019,21125,Set 6 Football Celebration Candles,6.19,3,14498,United Kingdom,18.57
581498,12/9/2019,21137,Black Record Cover Frame,6.19,4,14498,United Kingdom,24.76
581498,12/9/2019,21155,Red Retrospot Peg Bag,6.19,4,14498,United Kingdom,24.76
581498,12/9/2019,21166,Cook With Wine Metal Sign,6.19,3,14498,United Kingdom,18.57
581498,12/9/2019,21169,You're Confusing Me Metal Sign,6.19,2,14498,United Kingdom,12.38
581498,12/9/2019,21174,Pottering In The Shed Metal Sign,6.19,2,14498,United Kingdom,12.38
581498,12/9/2019,21181,Please One Person Metal Sign,6.19,6,14498,United Kingdom,37.14
581498,12/9/2019,21216,Set 3 Retrospot Tea/Coffee/Sugar,6.19,2,14498,United Kingdom,12.38
581498,12/9/2019,21217,Red Retrospot Round Cake Tins,6.19,3,14498,United Kingdom,18.57
581498,12/9/2019,21218,Red Spotty Biscuit Tin,6.19,4,14498,United Kingdom,24.76
581498,12/9/2019,21232,Strawberry Ceramic Trinket Pot,6.19,13,14498,United Kingdom,80.47
581498,12/9/2019,21239,Pink Polkadot Cup,6.19,1,14498,United Kingdom,6.19
581498,12/9/2019,21257,Victorian Sewing Box Medium,6.19,3,14498,United Kingdom,18.57
581498,12/9/2019,21327,Skulls Writing Set,6.19,1,14498,United Kingdom,6.19
581498,12/9/2019,21328,Balloons Writing Set,6.19,1,14498,United Kingdom,6.19
581498,12/9/2019,21329,Dinosaurs Writing Set,6.19,1,14498,United Kingdom,6.19
581498,12/9/2019,21411,Gingham Heart Doorstop Red,6.19,1,14498,United Kingdom,6.19
581498,12/9/2019,21430,Set/3 Red Gingham Rose Storage Box,6.19,3,14498,United Kingdom,18.57
581498,12/9/2019,21494,Rotating Leaves T-Light Holder,6.19,7,14498,United Kingdom,43.33
581498,12/9/2019,21523,Doormat Fancy Font Home Sweet Home,6.19,1,14498,United Kingdom,6.19
581498,12/9/2019,21557,Set Of 6 Funky Beakers,6.19,1,14498,United Kingdom,6.19
581498,12/9/2019,21558,Skull Lunch Box With Cutlery,6.19,1,14498,United Kingdom,6.19
581498,12/9/2019,21731,Red Toadstool Led Night Light,6.19,9,14498,United Kingdom,55.71
581498,12/9/2019,21754,Home Building Block Word,6.19,2,14498,United Kingdom,12.38
581498,12/9/2019,21790,Vintage Snap Cards,6.19,1,14498,United Kingdom,6.19
581498,12/9/2019,21843,Red Retrospot Cake Stand,6.19,5,14498,United Kingdom,30.95
581498,12/9/2019,21864,Union Jack Flag Passport Cover,6.19,2,14498,United Kingdom,12.38
581498,12/9/2019,21874,Gin And Tonic Mug,6.19,2,14498,United Kingdom,12.38
581498,12/9/2019,21876,Pottering Mug,6.19,4,14498,United Kingdom,24.76
581498,12/9/2019,21890,S/6 Wooden Skittles In Cotton Bag,6.19,1,14498,United Kingdom,6.19
581498,12/9/2019,21912,Vintage Snakes & Ladders,6.19,1,14498,United Kingdom,6.19
581498,12/9/2019,21916,Set 12 Retro White Chalk Sticks,6.19,7,14498,United Kingdom,43.33
581498,12/9/2019,21930,Jumbo Storage Bag Skulls,6.19,2,14498,United Kingdom,12.38
581498,12/9/2019,21931,Jumbo Storage Bag Suki,6.19,6,14498,United Kingdom,37.14
581498,12/9/2019,21934,Skull Shoulder Bag,6.19,1,14498,United Kingdom,6.19
581498,12/9/2019,21935,Suki Shoulder Bag,6.19,7,14498,United Kingdom,43.33
581498,12/9/2019,21942,Skulls Design Flannel,6.19,1,14498,United Kingdom,6.19
581498,12/9/2019,21955,Doormat Union Jack Guns And Roses,6.19,1,14498,United Kingdom,6.19
581498,12/9/2019,21977,Pack Of 60 Pink Paisley Cake Cases,6.19,1,14498,United Kingdom,6.19
581498,12/9/2019,21983,Pack Of 12 Blue Paisley Tissues,6.19,1,14498,United Kingdom,6.19
581498,12/9/2019,21987,Pack Of 6 Skull Paper Cups,6.19,2,14498,United Kingdom,12.38
581498,12/9/2019,21989,Pack Of 20 Skull Paper Napkins,6.19,1,14498,United Kingdom,6.19
581498,12/9/2019,22041,"Record Frame 7"" Single Size",6.19,2,14498,United Kingdom,12.38
581498,12/9/2019,22059,Ceramic Strawberry Design Mug,6.19,1,14498,United Kingdom,6.19
581498,12/9/2019,22069,Brown Pirate Treasure Chest,6.19,3,14498,United Kingdom,18.57
581498,12/9/2019,22077,6 Ribbons Rustic Charm,6.19,2,14498,United Kingdom,12.38
581498,12/9/2019,22083,Paper Chain Kit Retrospot,6.19,2,14498,United Kingdom,12.38
581498,12/9/2019,22086,Paper Chain Kit 50'S Christmas,6.19,52,14498,United Kingdom,321.88
581498,12/9/2019,22099,Caravan Square Tissue Box,6.19,2,14498,United Kingdom,12.38
581498,12/9/2019,22114,Hot Water Bottle Tea And Sympathy,6.19,4,14498,United Kingdom,24.76
581498,12/9/2019,22139,Retrospot Tea Set Ceramic 11 Pc,6.19,2,14498,United Kingdom,12.38
581498,12/9/2019,22141,Christmas Craft Tree Top Angel,6.19,7,14498,United Kingdom,43.33
581498,12/9/2019,22142,Christmas Craft White Fairy,6.19,2,14498,United Kingdom,12.38
581498,12/9/2019,22144,Christmas Craft Little Friends,6.19,8,14498,United Kingdom,49.52
581498,12/9/2019,22161,Heart Decoration Rustic Hanging,6.19,2,14498,United Kingdom,12.38
581498,12/9/2019,22173,Metal 4 Hook Hanger French Chateau,6.19,3,14498,United Kingdom,18.57
581498,12/9/2019,22174,Photo Cube,6.19,3,14498,United Kingdom,18.57
581498,12/9/2019,22175,Pink Owl Soft Toy,6.19,1,14498,United Kingdom,6.19
581498,12/9/2019,22178,Victorian Glass Hanging T-Light,6.19,1,14498,United Kingdom,6.19
581498,12/9/2019,22179,Set 10 Night Owl Lights,6.19,1,14498,United Kingdom,6.19
581498,12/9/2019,22186,Red Star Card Holder,6.19,1,14498,United Kingdom,6.19
581498,12/9/2019,22187,Green Christmas Tree Card Holder,6.19,6,14498,United Kingdom,37.14
581498,12/9/2019,22193,Red Diner Wall Clock,6.19,1,14498,United Kingdom,6.19
581498,12/9/2019,22195,Large Heart Measuring Spoons,6.19,3,14498,United Kingdom,18.57
581498,12/9/2019,22196,Small Heart Measuring Spoons,6.19,2,14498,United Kingdom,12.38
581498,12/9/2019,22207,Frying Pan Union Flag,6.19,1,14498,United Kingdom,6.19
581498,12/9/2019,22278,Overnight Bag Vintage Rose Paisley,6.19,2,14498,United Kingdom,12.38
581498,12/9/2019,22301,Coffee Mug Cat + Bird Design,6.19,2,14498,United Kingdom,12.38
581498,12/9/2019,22302,Coffee Mug Pears Design,6.19,4,14498,United Kingdom,24.76
581498,12/9/2019,22303,Coffee Mug Apples Design,6.19,4,14498,United Kingdom,24.76
581498,12/9/2019,22304,Coffee Mug Blue Paisley Design,6.19,1,14498,United Kingdom,6.19
581498,12/9/2019,22308,Tea Cosy Blue Stripe,6.19,2,14498,United Kingdom,12.38
581498,12/9/2019,22327,Round Snack Boxes Set Of 4 Skulls,6.19,4,14498,United Kingdom,24.76
581498,12/9/2019,22328,Round Snack Boxes Set Of 4 Fruits,6.19,4,14498,United Kingdom,24.76
581498,12/9/2019,22352,Lunch Box With Cutlery Retrospot,6.19,6,14498,United Kingdom,37.14
581498,12/9/2019,22357,Kings Choice Biscuit Tin,6.19,1,14498,United Kingdom,6.19
581498,12/9/2019,22358,Kings Choice Tea Caddy,6.19,1,14498,United Kingdom,6.19
581498,12/9/2019,22367,Childrens Apron Spaceboy Design,6.19,7,14498,United Kingdom,43.33
581498,12/9/2019,22371,Airline Bag Vintage Tokyo 78,6.19,1,14498,United Kingdom,6.19
581498,12/9/2019,22374,Airline Bag Vintage Jet Set Red,6.19,1,14498,United Kingdom,6.19
581498,12/9/2019,22378,Wall Tidy Retrospot,7.24,2,14498,United Kingdom,14.48
581498,12/9/2019,22379,Recycling Bag Retrospot,7.24,4,14498,United Kingdom,28.96
581498,12/9/2019,22381,Toy Tidy Pink Polkadot,7.24,1,14498,United Kingdom,7.24
581498,12/9/2019,22411,Jumbo Shopper Vintage Red Paisley,7.24,2,14498,United Kingdom,14.48
581498,12/9/2019,22422,Toothpaste Tube Pen,7.24,1,14498,United Kingdom,7.24
581498,12/9/2019,22424,Enamel Bread Bin Cream,7.24,1,14498,United Kingdom,7.24
581498,12/9/2019,22429,Enamel Measuring Jug Cream,7.24,1,14498,United Kingdom,7.24
581498,12/9/2019,22456,Natural Slate Chalkboard Large,7.24,4,14498,United Kingdom,28.96
581498,12/9/2019,22457,Natural Slate Heart Chalkboard,7.24,2,14498,United Kingdom,14.48
581498,12/9/2019,22471,Tv Dinner Tray Air Hostess,7.24,1,14498,United Kingdom,7.24
581498,12/9/2019,22474,Spaceboy Tv Dinner Tray,7.24,1,14498,United Kingdom,7.24
581498,12/9/2019,22488,Natural Slate Rectangle Chalkboard,7.24,2,14498,United Kingdom,14.48
581498,12/9/2019,22498,Wooden Regatta Bunting,7.24,1,14498,United Kingdom,7.24
581498,12/9/2019,22507,Memo Board Retrospot Design,7.24,1,14498,United Kingdom,7.24
581498,12/9/2019,22526,Wheelbarrow For Children,7.24,1,14498,United Kingdom,7.24
581498,12/9/2019,22553,Plasters In Tin Skulls,7.24,1,14498,United Kingdom,7.24
581498,12/9/2019,22557,Plasters In Tin Vintage Paisley,7.24,1,14498,United Kingdom,7.24
581498,12/9/2019,22619,Set Of 6 Soldier Skittles,7.24,1,14498,United Kingdom,7.24
581498,12/9/2019,22622,Box Of Vintage Alphabet Blocks,7.24,1,14498,United Kingdom,7.24
581498,12/9/2019,22624,Ivory Kitchen Scales,7.24,1,14498,United Kingdom,7.24
581498,12/9/2019,22629,Spaceboy Lunch Box,7.24,2,14498,United Kingdom,14.48
581498,12/9/2019,22632,Hand Warmer Red Retrospot,7.24,1,14498,United Kingdom,7.24
581498,12/9/2019,22645,Ceramic Heart Fairy Cake Money Bank,7.24,4,14498,United Kingdom,28.96
581498,12/9/2019,22654,Deluxe Sewing Kit,6.19,2,14498,United Kingdom,12.38
581498,12/9/2019,22659,Lunch Box I Love London,6.19,1,14498,United Kingdom,6.19
581498,12/9/2019,22666,Recipe Box Pantry Yellow Design,6.19,11,14498,United Kingdom,68.09
581498,12/9/2019,22676,French Blue Metal Door Sign 1,6.04,1,14498,United Kingdom,6.04
581498,12/9/2019,22684,French Blue Metal Door Sign 9,6.04,1,14498,United Kingdom,6.04
581498,12/9/2019,22694,Wicker Star,6.04,1,14498,United Kingdom,6.04
581498,12/9/2019,22697,Green Regency Teacup And Saucer,6.04,6,14498,United Kingdom,36.24
581498,12/9/2019,22698,Pink Regency Teacup And Saucer,6.04,9,14498,United Kingdom,54.36
581498,12/9/2019,22699,Roses Regency Teacup And Saucer,6.19,6,14498,United Kingdom,37.14
581498,12/9/2019,22722,Set Of 6 Spice Tins Pantry Design,6.19,3,14498,United Kingdom,18.57
581498,12/9/2019,22733,3d Traditional Christmas Stickers,6.19,1,14498,United Kingdom,6.19
581498,12/9/2019,22734,Set Of 6 Ribbons Vintage Christmas,6.19,5,14498,United Kingdom,30.95
581498,12/9/2019,22776,Sweetheart 3 Tier Cake Stand,6.19,1,14498,United Kingdom,6.19
581498,12/9/2019,22795,Sweetheart Recipe Book Stand,6.19,1,14498,United Kingdom,6.19
581498,12/9/2019,22807,Set Of 6 T-Lights Toadstools,6.19,2,14498,United Kingdom,12.38
581498,12/9/2019,22813,Pack 3 Boxes Bird Panettone,6.19,4,14498,United Kingdom,24.76
581498,12/9/2019,22838,3 Tier Cake Tin Red And Cream,6.19,1,14498,United Kingdom,6.19
581498,12/9/2019,22844,Vintage Cream Dog Food Container,6.19,2,14498,United Kingdom,12.38
581498,12/9/2019,22845,Vintage Cream Cat Food Container,6.19,1,14498,United Kingdom,6.19
581498,12/9/2019,22865,Hand Warmer Owl Design,6.19,1,14498,United Kingdom,6.19
581498,12/9/2019,22866,Hand Warmer Scotty Dog Design,6.19,2,14498,United Kingdom,12.38
581498,12/9/2019,22891,Tea For One Polkadot,6.19,1,14498,United Kingdom,6.19
581498,12/9/2019,22900,Set 2 Tea Towels I Love London,6.19,2,14498,United Kingdom,12.38
581498,12/9/2019,22910,Paper Chain Kit Vintage Christmas,6.19,5,14498,United Kingdom,30.95
581498,12/9/2019,22952,60 Cake Cases Vintage Christmas,6.19,7,14498,United Kingdom,43.33
581498,12/9/2019,22960,Jam Making Set With Jars,6.19,5,14498,United Kingdom,30.95
581498,12/9/2019,22961,Jam Making Set Printed,6.19,4,14498,United Kingdom,24.76
581498,12/9/2019,22966,Gingerbread Man Cookie Cutter,6.19,2,14498,United Kingdom,12.38
581498,12/9/2019,22993,Set Of 4 Pantry Jelly Moulds,6.19,2,14498,United Kingdom,12.38
581498,12/9/2019,23012,Glass Apothecary Bottle Perfume,6.19,1,14498,United Kingdom,6.19
581498,12/9/2019,23013,Glass Apothecary Bottle Tonic,6.19,1,14498,United Kingdom,6.19
581498,12/9/2019,23014,Glass Apothecary Bottle Elixir,7.24,2,14498,United Kingdom,14.48
581498,12/9/2019,23080,Red Metal Box Top Secret,7.24,5,14498,United Kingdom,36.2
581498,12/9/2019,23170,Regency Tea Plate Roses,7.24,4,14498,United Kingdom,28.96
581498,12/9/2019,23171,Regency Tea Plate Green,7.24,5,14498,United Kingdom,36.2
581498,12/9/2019,23172,Regency Tea Plate Pink,6.19,4,14498,United Kingdom,24.76
581498,12/9/2019,23181,Bull Dog Bottle Top Wall Clock,6.19,1,14498,United Kingdom,6.19
581498,12/9/2019,23196,Vintage Leaf Magnetic Notepad,6.19,1,14498,United Kingdom,6.19
581498,12/9/2019,23198,Pantry Magnetic Shopping List,6.19,2,14498,United Kingdom,12.38
581498,12/9/2019,23245,Set Of 3 Regency Cake Tins,6.19,5,14498,United Kingdom,30.95
581498,12/9/2019,23295,Set Of 12 Mini Loaf Baking Cases,6.19,1,14498,United Kingdom,6.19
581498,12/9/2019,23298,Spotty Bunting,6.19,1,14498,United Kingdom,6.19
581498,12/9/2019,23300,Gardeners Kneeling Pad Cup Of Tea,6.19,9,14498,United Kingdom,55.71
581498,12/9/2019,23301,Gardeners Kneeling Pad Keep Calm,6.19,32,14498,United Kingdom,198.08
581498,12/9/2019,23311,Vintage Christmas Stocking,6.19,6,14498,United Kingdom,37.14
581498,12/9/2019,23312,Vintage Christmas Gift Sack,6.19,3,14498,United Kingdom,18.57
581498,12/9/2019,23328,Set 6 School Milk Bottles In Crate,6.19,6,14498,United Kingdom,37.14
581498,12/9/2019,23349,Roll Wrap Vintage Christmas,6.19,8,14498,United Kingdom,49.52
581498,12/9/2019,23351,Roll Wrap 50'S Christmas,6.19,22,14498,United Kingdom,136.18
581498,12/9/2019,23352,Roll Wrap 50'S Red Christmas,6.19,8,14498,United Kingdom,49.52
581498,12/9/2019,23353,6 Gift Tags Vintage Christmas,6.19,10,14498,United Kingdom,61.9
581498,12/9/2019,23354,6 Gift Tags 50'S Christmas,6.19,9,14498,United Kingdom,55.71
581498,12/9/2019,23368,Set 12 Colour Pencils Dolly Girl,6.19,3,14498,United Kingdom,18.57
581498,12/9/2019,23369,Set 36 Colour Pencils Love London,6.19,1,14498,United Kingdom,6.19
581498,12/9/2019,23370,Set 36 Colouring Pencils Doily,6.19,3,14498,United Kingdom,18.57
581498,12/9/2019,23382,Box Of 6 Christmas Cake Decorations,6.19,10,14498,United Kingdom,61.9
581498,12/9/2019,23388,Woodland Mini Backpack,6.19,1,14498,United Kingdom,6.19
581498,12/9/2019,23480,Mini Lights Woodland Mushrooms,7.24,1,14498,United Kingdom,7.24
581498,12/9/2019,23493,Vintage Doily Travel Sewing Kit,7.24,1,14498,United Kingdom,7.24
581498,12/9/2019,23494,Vintage Doily Deluxe Sewing Kit,7.24,1,14498,United Kingdom,7.24
581498,12/9/2019,23497,Classic Chrome Bicycle Bell,7.24,1,14498,United Kingdom,7.24
581498,12/9/2019,23501,Key Ring Baseball Boot Union Jack,7.24,1,14498,United Kingdom,7.24
581498,12/9/2019,23564,Egg Cup Milkmaid Ingrid,7.24,1,14498,United Kingdom,7.24
581498,12/9/2019,35970,Zinc Folkart Sleigh Bells,7.24,6,14498,United Kingdom,43.44
581498,12/9/2019,48138,Doormat Union Flag,7.24,1,14498,United Kingdom,7.24
581498,12/9/2019,71053,White Moroccan Metal Lantern,7.24,1,14498,United Kingdom,7.24
581498,12/9/2019,72349B,Set/6 Purple Butterfly T-Lights,7.24,2,14498,United Kingdom,14.48
581498,12/9/2019,79321,Chilli Lights,7.24,10,14498,United Kingdom,72.4
581498,12/9/2019,82001S,Silver Record Cover Frame,6.19,2,14498,United Kingdom,12.38
581498,12/9/2019,82482,Wooden Picture Frame White Finish,6.04,4,14498,United Kingdom,24.16
581498,12/9/2019,82552,Washroom Metal Sign,6.04,1,14498,United Kingdom,6.04
581498,12/9/2019,21171,Bathroom Metal Sign,6.19,1,14498,United Kingdom,6.19
581498,12/9/2019,82581,Toilet Metal Sign,6.19,1,14498,United Kingdom,6.19
581498,12/9/2019,82600,N0 Singing Metal Sign,6.19,4,14498,United Kingdom,24.76
581498,12/9/2019,84029E,Red Woolly Hottie White Heart,6.19,4,14498,United Kingdom,24.76
581498,12/9/2019,84032A,Charlie+Lola Pink Hot Water Bottle,6.19,4,14498,United Kingdom,24.76
581498,12/9/2019,84032B,Charlie + Lola Red Hot Water Bottle,6.19,3,14498,United Kingdom,18.57
581498,12/9/2019,84375,Set Of 20 Kids Cookie Cutters,6.19,3,14498,United Kingdom,18.57
581498,12/9/2019,84509A,Set Of 4 English Rose Placemats,6.19,1,14498,United Kingdom,6.19
581498,12/9/2019,84558A,3d Dog Picture Playing Cards,6.19,1,14498,United Kingdom,6.19
581498,12/9/2019,84832,Zinc Willie Winkie Candle Stick,6.19,26,14498,United Kingdom,160.94
581498,12/9/2019,84968E,Set Of 16 Vintage Black Cutlery,6.19,1,14498,United Kingdom,6.19
581498,12/9/2019,84970S,Hanging Heart Zinc T-Light Holder,6.19,1,14498,United Kingdom,6.19
581498,12/9/2019,84997A,Childrens Cutlery Polkadot Green,6.19,2,14498,United Kingdom,12.38
581498,12/9/2019,84997B,Childrens Cutlery Retrospot Red,6.19,3,14498,United Kingdom,18.57
581498,12/9/2019,84997D,Childrens Cutlery Polkadot Pink,6.19,1,14498,United Kingdom,6.19
581498,12/9/2019,85038,6 Chocolate Love Heart T-Lights,6.19,1,14498,United Kingdom,6.19
581498,12/9/2019,85048,15cm Christmas Glass Ball 20 Lights,6.19,1,14498,United Kingdom,6.19
581498,12/9/2019,85049A,Traditional Christmas Ribbons,6.17,5,14498,United Kingdom,30.85
581498,12/9/2019,85049E,Scandinavian Reds Ribbons,6.19,4,14498,United Kingdom,24.76
581498,12/9/2019,85150,Ladies & Gentlemen Metal Sign,6.19,1,14498,United Kingdom,6.19
581498,12/9/2019,85174,S/4 Cacti Candles,6.19,1,14498,United Kingdom,6.19
581498,12/9/2019,20712,Jumbo Bag Woodland Animals,6.19,3,14498,United Kingdom,18.57
581498,12/9/2019,20713,Jumbo Bag Owls,6.19,8,14498,United Kingdom,49.52
581498,12/9/2019,21928,Jumbo Bag Scandinavian Blue Paisley,6.19,2,14498,United Kingdom,12.38
581498,12/9/2019,22386,Jumbo Bag Pink Polkadot,7.24,1,14498,United Kingdom,7.24
581498,12/9/2019,22663,Jumbo Bag Dolly Girl Design,6.19,2,14498,United Kingdom,12.38
581498,12/9/2019,23199,Jumbo Bag Apples,6.19,6,14498,United Kingdom,37.14
581498,12/9/2019,23201,Jumbo Bag Alphabet,6.19,6,14498,United Kingdom,37.14
581498,12/9/2019,85099B,Jumbo Bag Red Retrospot,6.19,5,14498,United Kingdom,30.95
581498,12/9/2019,85099C,Jumbo Bag Baroque Black White,6.19,4,14498,United Kingdom,24.76
581498,12/9/2019,20726,Lunch Bag Woodland,6.19,3,14498,United Kingdom,18.57
581498,12/9/2019,20728,Lunch Bag Cars Blue,6.19,4,14498,United Kingdom,24.76
581498,12/9/2019,22384,Lunch Bag Pink Polkadot,7.24,1,14498,United Kingdom,7.24
581498,12/9/2019,23437,50'S Christmas Gift Bag Large,7.24,1,14498,United Kingdom,7.24
581500,12/9/2019,82486,3 Drawer Antique White Wood Cabinet,7.24,4,15344,United Kingdom,28.96
581500,12/9/2019,85066,Cream Sweetheart Mini Chest,7.24,4,15344,United Kingdom,28.96
581500,12/9/2019,48187,Doormat New England,7.24,2,15344,United Kingdom,14.48
581501,12/9/2019,22319,Hairclips Forties Fabric Assorted,7.24,180,12985,United Kingdom,1303.2
581501,12/9/2019,20704,Mr Robot Soft Toy,7.24,8,12985,United Kingdom,57.92
581501,12/9/2019,21564,Pink Heart Shape Love Bucket,6.19,24,12985,United Kingdom,148.56
581501,12/9/2019,21563,Red Heart Shape Love Bucket,7.24,24,12985,United Kingdom,173.76
581501,12/9/2019,22165,Diamante Heart Shaped Wall Mirror,7.24,12,12985,United Kingdom,86.88
581501,12/9/2019,22299,Pig Keyring With Light & Sound,7.24,48,12985,United Kingdom,347.52
581501,12/9/2019,22447,Pin Cushion Babushka Blue,7.24,12,12985,United Kingdom,86.88
581501,12/9/2019,22442,Grow Your Own Flowers Set Of 3,7.24,12,12985,United Kingdom,86.88
581501,12/9/2019,22495,Set Of 2 Round Tins Camembert,7.24,12,12985,United Kingdom,86.88
581501,12/9/2019,22544,Mini Jigsaw Spaceboy,7.24,96,12985,United Kingdom,695.04
581501,12/9/2019,22695,Wicker Wreath Small,7.24,24,12985,United Kingdom,173.76
581501,12/9/2019,22785,Squarecushion Cover Pink Union Jack,7.24,12,12985,United Kingdom,86.88
581501,12/9/2019,22811,Set Of 6 T-Lights Cacti,7.24,12,12985,United Kingdom,86.88
581501,12/9/2019,22807,Set Of 6 T-Lights Toadstools,7.24,12,12985,United Kingdom,86.88
581501,12/9/2019,22942,Christmas Lights 10 Santas,7.24,12,12985,United Kingdom,86.88
581501,12/9/2019,22808,Set Of 6 T-Lights Easter Chicks,6.19,12,12985,United Kingdom,74.28
581501,12/9/2019,23143,Zinc Wire Kitchen Organiser,7.24,4,12985,United Kingdom,28.96
581501,12/9/2019,23151,Zinc Sweetheart Soap Dish,7.24,12,12985,United Kingdom,86.88
581501,12/9/2019,23425,Storage Tin Home Sweet Home,7.24,12,12985,United Kingdom,86.88
581501,12/9/2019,84356,Pompom Curtain,7.24,12,12985,United Kingdom,86.88
581501,12/9/2019,85173,Set/6 Frog Prince T-Light Candles,7.24,12,12985,United Kingdom,86.88
581501,12/9/2019,21731,Red Toadstool Led Night Light,7.24,24,12985,United Kingdom,173.76
581501,12/9/2019,23480,Mini Lights Woodland Mushrooms,7.24,8,12985,United Kingdom,57.92
581501,12/9/2019,22545,Mini Jigsaw Bunnies,7.24,96,12985,United Kingdom,695.04
581502,12/9/2019,22087,Paper Bunting White Lace,7.24,6,15910,United Kingdom,43.44
581502,12/9/2019,21209,Multicolour Honeycomb Fan,7.24,5,15910,United Kingdom,36.2
581502,12/9/2019,20668,Disco Ball Christmas Decoration,7.24,24,15910,United Kingdom,173.76
581502,12/9/2019,21790,Vintage Snap Cards,7.24,6,15910,United Kingdom,43.44
581502,12/9/2019,23270,Set Of 2 Ceramic Painted Hearts,7.24,4,15910,United Kingdom,28.96
581502,12/9/2019,23103,Jingle Bell Heart Decoration,7.24,8,15910,United Kingdom,57.92
581502,12/9/2019,22576,Swallow Wooden Christmas Decoration,7.24,2,15910,United Kingdom,14.48
581502,12/9/2019,22153,Angel Decoration Stars On Dress,7.24,13,15910,United Kingdom,94.12
581502,12/9/2019,21810,Christmas Hanging Star With Bell,7.24,6,15910,United Kingdom,43.44
581502,12/9/2019,22155,Star Decoration Rustic,7.24,6,15910,United Kingdom,43.44
581502,12/9/2019,23210,White Rocking Horse Hand Painted,7.24,12,15910,United Kingdom,86.88
581502,12/9/2019,22573,Star Wooden Christmas Decoration,7.24,8,15910,United Kingdom,57.92
581502,12/9/2019,22075,6 Ribbons Elegant Christmas,7.24,4,15910,United Kingdom,28.96
581502,12/9/2019,85049A,Traditional Christmas Ribbons,7.24,4,15910,United Kingdom,28.96
581502,12/9/2019,22734,Set Of 6 Ribbons Vintage Christmas,7.24,4,15910,United Kingdom,28.96
581502,12/9/2019,23274,Star T-Light Holder Willie Winkie,7.24,8,15910,United Kingdom,57.92
581502,12/9/2019,22153,Angel Decoration Stars On Dress,7.24,1,15910,United Kingdom,7.24
581502,12/9/2019,22596,Christmas Star Wish List Chalkboard,7.24,24,15910,United Kingdom,173.76
581502,12/9/2019,22952,60 Cake Cases Vintage Christmas,7.24,10,15910,United Kingdom,72.4
581502,12/9/2019,22141,Christmas Craft Tree Top Angel,7.24,3,15910,United Kingdom,21.72
581514,12/9/2019,22753,Small Yellow Babushka Notebook,7.24,12,17754,United Kingdom,86.88
581514,12/9/2019,22755,Small Purple Babushka Notebook,7.24,12,17754,United Kingdom,86.88
581514,12/9/2019,22754,Small Red Babushka Notebook,6.19,12,17754,United Kingdom,74.28
581514,12/9/2019,22721,Set Of 3 Cake Tins Sketchbook,6.19,4,17754,United Kingdom,24.76
581514,12/9/2019,22059,Ceramic Strawberry Design Mug,6.19,12,17754,United Kingdom,74.28
581514,12/9/2019,22199,Frying Pan Red Retrospot,6.19,13,17754,United Kingdom,80.47
581514,12/9/2019,22200,Frying Pan Pink Polkadot,6.19,2,17754,United Kingdom,12.38
581514,12/9/2019,84032A,Charlie+Lola Pink Hot Water Bottle,6.19,9,17754,United Kingdom,55.71
581514,12/9/2019,84032B,Charlie + Lola Red Hot Water Bottle,6.19,9,17754,United Kingdom,55.71
581514,12/9/2019,84031A,Charlie+Lola Red Hot Water Bottle,6.19,10,17754,United Kingdom,61.9
581514,12/9/2019,84031B,Charlie Lola Blue Hot Water Bottle,6.19,14,17754,United Kingdom,86.66
581514,12/9/2019,22646,Ceramic Strawberry Cake Money Bank,6.19,4,17754,United Kingdom,24.76
581514,12/9/2019,22644,Ceramic Cherry Cake Money Bank,6.19,4,17754,United Kingdom,24.76
581514,12/9/2019,22645,Ceramic Heart Fairy Cake Money Bank,6.19,4,17754,United Kingdom,24.76
581514,12/9/2019,22394,Paperweight Kings Choice,6.04,12,17754,United Kingdom,72.48
581514,12/9/2019,17091J,Vanilla Incense In Tin,6.04,66,17754,United Kingdom,398.64
581514,12/9/2019,35471D,Set Of 3 Bird Light Pink Feather,6.04,12,17754,United Kingdom,72.48
581514,12/9/2019,22075,6 Ribbons Elegant Christmas,6.04,24,17754,United Kingdom,144.96
581514,12/9/2019,17091J,Vanilla Incense In Tin,6.19,24,17754,United Kingdom,148.56
581514,12/9/2019,22069,Brown Pirate Treasure Chest,6.19,20,17754,United Kingdom,123.8
581514,12/9/2019,22068,Black Pirate Treasure Chest,6.19,14,17754,United Kingdom,86.66
581514,12/9/2019,22500,Set Of 2 Tins Jardin De Provence,6.19,4,17754,United Kingdom,24.76
581514,12/9/2019,22075,6 Ribbons Elegant Christmas,6.19,24,17754,United Kingdom,148.56
581514,12/9/2019,21705,Bag 500g Swirly Marbles,6.19,84,17754,United Kingdom,519.96
581516,12/9/2019,21109,Large Cake Towel Chocolate Spots,6.19,12,14422,United Kingdom,74.28
581516,12/9/2019,21111,Swiss Roll Towel Chocolate Spots,6.19,24,14422,United Kingdom,148.56
581516,12/9/2019,21705,Bag 500g Swirly Marbles,6.19,24,14422,United Kingdom,148.56
581516,12/9/2019,22185,Slate Tile Natural Hanging,6.19,12,14422,United Kingdom,74.28
581516,12/9/2019,22442,Grow Your Own Flowers Set Of 3,6.19,12,14422,United Kingdom,74.28
581516,12/9/2019,21620,Set Of 4 Rose Botanical Candles,6.19,12,14422,United Kingdom,74.28
581516,12/9/2019,84029G,Knitted Union Flag Hot Water Bottle,6.19,8,14422,United Kingdom,49.52
581516,12/9/2019,21485,Retrospot Heart Hot Water Bottle,6.19,3,14422,United Kingdom,18.57
581516,12/9/2019,22111,Scottie Dog Hot Water Bottle,6.19,6,14422,United Kingdom,37.14
581516,12/9/2019,23355,Hot Water Bottle Keep Calm,6.19,8,14422,United Kingdom,49.52
581516,12/9/2019,22112,Chocolate Hot Water Bottle,6.19,6,14422,United Kingdom,37.14
581516,12/9/2019,23356,Love Hot Water Bottle,6.19,6,14422,United Kingdom,37.14
581516,12/9/2019,21108,Fairy Cake Flannel Assorted Colour,6.19,18,14422,United Kingdom,111.42
581516,12/9/2019,22171,3 Hook Photo Shelf Antique White,6.19,4,14422,United Kingdom,24.76
581516,12/9/2019,23301,Gardeners Kneeling Pad Keep Calm,6.19,24,14422,United Kingdom,148.56
581538,12/9/2019,23193,Buffalo Bill Treasure Book Box,6.19,6,14446,United Kingdom,37.14
581538,12/9/2019,23194,Gymkhana Treasure Book Box,6.19,1,14446,United Kingdom,6.19
581538,12/9/2019,23084,Rabbit Night Light,6.19,2,14446,United Kingdom,12.38
581538,12/9/2019,22068,Black Pirate Treasure Chest,6.19,1,14446,United Kingdom,6.19
581538,12/9/2019,22956,36 Foil Heart Cake Cases,6.19,1,14446,United Kingdom,6.19
581538,12/9/2019,20936,Forked Cactus Candle,6.19,1,14446,United Kingdom,6.19
581538,12/9/2019,23040,Paper Lantern 9 Point Snow Star,6.19,1,14446,United Kingdom,6.19
581538,12/9/2019,22909,Set Of 20 Vintage Christmas Napkins,6.19,1,14446,United Kingdom,6.19
581538,12/9/2019,21222,Set/4 Badges Beetles,6.19,1,14446,United Kingdom,6.19
581538,12/9/2019,21220,Set/4 Badges Dogs,6.19,1,14446,United Kingdom,6.19
581538,12/9/2019,21224,Set/4 Skull Badges,6.19,1,14446,United Kingdom,6.19
581538,12/9/2019,85123A,Cream Hanging Heart T-Light Holder,6.19,1,14446,United Kingdom,6.19
581538,12/9/2019,22992,Revolver Wooden Ruler,6.19,1,14446,United Kingdom,6.19
581538,12/9/2019,79066K,Retro Mod Tray,6.19,1,14446,United Kingdom,6.19
581538,12/9/2019,84380,Set Of 3 Butterfly Cookie Cutters,6.19,1,14446,United Kingdom,6.19
581538,12/9/2019,23371,Set 36 Colour Pencils Spaceboy,6.19,1,14446,United Kingdom,6.19
581538,12/9/2019,22694,Wicker Star,6.19,1,14446,United Kingdom,6.19
581538,12/9/2019,22095,Lads Only Tissue Box,6.19,1,14446,United Kingdom,6.19
581538,12/9/2019,23275,Set Of 3 Hanging Owls Ollie Beak,6.19,1,14446,United Kingdom,6.19
581538,12/9/2019,21673,White Spot Blue Ceramic Drawer Knob,6.19,1,14446,United Kingdom,6.19
581538,12/9/2019,21670,Blue Spot Ceramic Drawer Knob,6.19,1,14446,United Kingdom,6.19
581538,12/9/2019,85071C,"Charlie+Lola""Extremely Busy"" Sign",6.19,1,14446,United Kingdom,6.19
581538,12/9/2019,23349,Roll Wrap Vintage Christmas,6.19,3,14446,United Kingdom,18.57
581538,12/9/2019,23034,Drawer Knob Ceramic Black,6.19,1,14446,United Kingdom,6.19
581538,12/9/2019,21669,Blue Stripe Ceramic Drawer Knob,6.19,1,14446,United Kingdom,6.19
581538,12/9/2019,23033,Drawer Knob Ceramic Red,6.19,1,14446,United Kingdom,6.19
581538,12/9/2019,21668,Red Stripe Ceramic Drawer Knob,6.19,1,14446,United Kingdom,6.19
581538,12/9/2019,23275,Set Of 3 Hanging Owls Ollie Beak,6.19,1,14446,United Kingdom,6.19
581538,12/9/2019,23318,Box Of 6 Mini Vintage Crackers,6.19,1,14446,United Kingdom,6.19
581538,12/9/2019,23382,Box Of 6 Christmas Cake Decorations,6.19,1,14446,United Kingdom,6.19
581538,12/9/2019,22469,Heart Of Wicker Small,6.19,1,14446,United Kingdom,6.19
581538,12/9/2019,22899,Children's Apron Dolly Girl,6.19,2,14446,United Kingdom,12.38
581538,12/9/2019,22367,Childrens Apron Spaceboy Design,6.19,1,14446,United Kingdom,6.19
581538,12/9/2019,22899,Children's Apron Dolly Girl,6.19,3,14446,United Kingdom,18.57
581538,12/9/2019,23527,Wall Art Animals And Nature,6.19,1,14446,United Kingdom,6.19
581538,12/9/2019,23524,Wall Art Horse & Pony,6.19,1,14446,United Kingdom,6.19
581538,12/9/2019,23525,Wall Art Buffalo Bill,6.19,1,14446,United Kingdom,6.19
581538,12/9/2019,84380,Set Of 3 Butterfly Cookie Cutters,6.19,4,14446,United Kingdom,24.76
581538,12/9/2019,23122,Party Charms 50 Pieces,7.24,1,14446,United Kingdom,7.24
581538,12/9/2019,21990,Modern Floral Stationery Set,7.24,1,14446,United Kingdom,7.24
581538,12/9/2019,21329,Dinosaurs Writing Set,7.24,1,14446,United Kingdom,7.24
581538,12/9/2019,21328,Balloons Writing Set,7.24,1,14446,United Kingdom,7.24
581538,12/9/2019,22561,Wooden School Colouring Set,7.24,1,14446,United Kingdom,7.24
581538,12/9/2019,84519A,Tomato Charlie+Lola Coaster Set,7.24,1,14446,United Kingdom,7.24
581538,12/9/2019,84519B,Carrot Charlie+Lola Coaster Set,7.24,1,14446,United Kingdom,7.24
581538,12/9/2019,35004B,Set Of 3 Black Flying Ducks,7.24,2,14446,United Kingdom,14.48
581538,12/9/2019,22068,Black Pirate Treasure Chest,7.24,1,14446,United Kingdom,7.24
581538,12/9/2019,23353,6 Gift Tags Vintage Christmas,6.19,1,14446,United Kingdom,6.19
581538,12/9/2019,21591,Cosy Hour Cigar Box Matches,6.19,1,14446,United Kingdom,6.19
581538,12/9/2019,22197,Popcorn Holder,6.19,4,14446,United Kingdom,24.76
581538,12/9/2019,23320,Giant 50'S Christmas Cracker,6.19,1,14446,United Kingdom,6.19
581538,12/9/2019,23349,Roll Wrap Vintage Christmas,6.19,1,14446,United Kingdom,6.19
581538,12/9/2019,22985,Wrap Billboard Fonts Design,6.19,25,14446,United Kingdom,154.75
581538,12/9/2019,23040,Paper Lantern 9 Point Snow Star,6.19,2,14446,United Kingdom,12.38
581538,12/9/2019,23040,Paper Lantern 9 Point Snow Star,6.19,3,14446,United Kingdom,18.57
581538,12/9/2019,21194,Pink Honeycomb Paper Fan,6.19,2,14446,United Kingdom,12.38
581538,12/9/2019,21208,Pastel Colour Honeycomb Fan,6.19,1,14446,United Kingdom,6.19
581538,12/9/2019,79190D,Retro Plastic Daisy Tray,6.19,1,14446,United Kingdom,6.19
581538,12/9/2019,79190B,Retro Plastic Polka Tray,6.19,1,14446,United Kingdom,6.19
581538,12/9/2019,22909,Set Of 20 Vintage Christmas Napkins,6.02,2,14446,United Kingdom,12.04
581538,12/9/2019,23318,Box Of 6 Mini Vintage Crackers,6.02,1,14446,United Kingdom,6.02
581538,12/9/2019,23319,Box Of 6 Mini 50'S Crackers,6.02,1,14446,United Kingdom,6.02
581538,12/9/2019,23537,Wall Art I Love London,6.19,1,14446,United Kingdom,6.19
581538,12/9/2019,22992,Revolver Wooden Ruler,6.19,1,14446,United Kingdom,6.19
581538,12/9/2019,22991,Giraffe Wooden Ruler,6.19,1,14446,United Kingdom,6.19
581538,12/9/2019,23190,Bundle Of 3 School Exercise Books,6.19,1,14446,United Kingdom,6.19
581538,12/9/2019,21194,Pink Honeycomb Paper Fan,6.19,1,14446,United Kingdom,6.19
581538,12/9/2019,35004B,Set Of 3 Black Flying Ducks,6.19,1,14446,United Kingdom,6.19
581538,12/9/2019,22694,Wicker Star,6.19,1,14446,United Kingdom,6.19
581538,12/9/2019,21355,Toast Its - I Love You,6.19,1,14446,United Kingdom,6.19
581538,12/9/2019,23343,Jumbo Bag Vintage Christmas,6.19,1,14446,United Kingdom,6.19
581538,12/9/2019,23343,Jumbo Bag Vintage Christmas,6.19,1,14446,United Kingdom,6.19
581538,12/9/2019,20727,Lunch Bag Black Skull,6.19,1,14446,United Kingdom,6.19
581538,12/9/2019,20725,Lunch Bag Red Retrospot,6.19,1,14446,United Kingdom,6.19
581566,12/9/2019,23404,Home Sweet Home Blackboard,6.19,144,18102,United Kingdom,891.36
581567,12/9/2019,21417,Cockle Shell Dish,6.19,84,16626,United Kingdom,519.96
581567,12/9/2019,22464,Hanging Metal Heart Lantern,6.19,24,16626,United Kingdom,148.56
581567,12/9/2019,22465,Hanging Metal Star Lantern,6.19,24,16626,United Kingdom,148.56
581567,12/9/2019,84971S,Small Heart Flowers Hook,6.19,48,16626,United Kingdom,297.12
581567,12/9/2019,22624,Ivory Kitchen Scales,6.19,2,16626,United Kingdom,12.38
581567,12/9/2019,22627,Mint Kitchen Scales,6.19,2,16626,United Kingdom,12.38
581567,12/9/2019,22625,Red Kitchen Scales,6.19,2,16626,United Kingdom,12.38
581567,12/9/2019,23355,Hot Water Bottle Keep Calm,6.19,4,16626,United Kingdom,24.76
581567,12/9/2019,21326,Aged Glass Silver T-Light Holder,6.19,144,16626,United Kingdom,891.36
581567,12/9/2019,21479,White Skull Hot Water Bottle,6.19,4,16626,United Kingdom,24.76
581567,12/9/2019,23356,Love Hot Water Bottle,6.19,3,16626,United Kingdom,18.57
581567,12/9/2019,21137,Black Record Cover Frame,6.19,24,16626,United Kingdom,148.56
581570,12/9/2019,22141,Christmas Craft Tree Top Angel,6.19,6,12662,Germany,37.14
581570,12/9/2019,22175,Pink Owl Soft Toy,6.19,6,12662,Germany,37.14
581570,12/9/2019,21481,Fawn Blue Hot Water Bottle,6.19,4,12662,Germany,24.76
581570,12/9/2019,23570,Traditional Pick Up Sticks Game,6.19,12,12662,Germany,74.28
581570,12/9/2019,22326,Round Snack Boxes Set Of4 Woodland,6.19,6,12662,Germany,37.14
581570,12/9/2019,22331,Woodland Party Bag + Sticker Set,6.19,8,12662,Germany,49.52
581570,12/9/2019,22834,Hand Warmer Babushka Design,6.19,12,12662,Germany,74.28
581570,12/9/2019,21914,Blue Harmonica In Box,6.19,12,12662,Germany,74.28
581570,12/9/2019,22139,Retrospot Tea Set Ceramic 11 Pc,6.19,3,12662,Germany,18.57
581570,12/9/2019,23077,Doughnut Lip Gloss,6.19,20,12662,Germany,123.8
581570,12/9/2019,20750,Red Retrospot Mini Cases,6.19,2,12662,Germany,12.38
581570,12/9/2019,22505,Memo Board Cottage Design,6.19,4,12662,Germany,24.76
581571,12/9/2019,23326,Hanging Mini Coloured Bottles,6.19,6,15311,United Kingdom,37.14
581571,12/9/2019,21313,Glass Heart T-Light Holder,6.19,1,15311,United Kingdom,6.19
581571,12/9/2019,48187,Doormat New England,6.19,1,15311,United Kingdom,6.19
581571,12/9/2019,23317,Blue Refectory Clock,6.19,1,15311,United Kingdom,6.19
581571,12/9/2019,23197,Sketchbook Magnetic Shopping List,6.19,4,15311,United Kingdom,24.76
581571,12/9/2019,21012,Antique All Glass Candlestick,6.19,2,15311,United Kingdom,12.38
581571,12/9/2019,22227,Hanging Heart Mirror Decoration,6.19,10,15311,United Kingdom,61.9
581571,12/9/2019,22794,Sweetheart Wire Magazine Rack,6.19,1,15311,United Kingdom,6.19
581571,12/9/2019,23182,Toilet Sign Occupied Or Vacant,6.19,1,15311,United Kingdom,6.19
581571,12/9/2019,21755,Love Building Block Word,6.19,1,15311,United Kingdom,6.19
581571,12/9/2019,85053,French Enamel Candleholder,6.19,2,15311,United Kingdom,12.38
581571,12/9/2019,23110,Parisienne Key Cabinet,6.19,2,15311,United Kingdom,12.38
581571,12/9/2019,21169,You're Confusing Me Metal Sign,6.19,1,15311,United Kingdom,6.19
581571,12/9/2019,21258,Victorian Sewing Box Large,6.19,8,15311,United Kingdom,49.52
581571,12/9/2019,23168,Classic Cafe Sugar Dispenser,6.19,36,15311,United Kingdom,222.84
581571,12/9/2019,23167,Small Ceramic Top Storage Jar,6.19,96,15311,United Kingdom,594.24
581571,12/9/2019,21314,Small Glass Heart Trinket Pot,6.19,48,15311,United Kingdom,297.12
581571,12/9/2019,21137,Black Record Cover Frame,6.19,24,15311,United Kingdom,148.56
581571,12/9/2019,44234,Assorted Circular Mobile,6.19,1,15311,United Kingdom,6.19
581571,12/9/2019,84347,Rotating Silver Angels T-Light Hldr,6.19,24,15311,United Kingdom,148.56
581572,12/9/2019,23328,Set 6 School Milk Bottles In Crate,6.19,48,16705,United Kingdom,297.12
581572,12/9/2019,22627,Mint Kitchen Scales,6.19,4,16705,United Kingdom,24.76
581572,12/9/2019,22624,Ivory Kitchen Scales,6.19,4,16705,United Kingdom,24.76
581572,12/9/2019,23245,Set Of 3 Regency Cake Tins,6.19,4,16705,United Kingdom,24.76
581574,12/9/2019,22326,Round Snack Boxes Set Of4 Woodland,6.19,6,12526,Germany,37.14
581574,12/9/2019,22328,Round Snack Boxes Set Of 4 Fruits,6.19,6,12526,Germany,37.14
581574,12/9/2019,23238,Set Of 4 Knick Knack Tins London,6.19,6,12526,Germany,37.14
581574,12/9/2019,23237,Set Of 4 Knick Knack Tins Leaf,6.19,6,12526,Germany,37.14
581574,12/9/2019,21257,Victorian Sewing Box Medium,6.19,2,12526,Germany,12.38
581574,12/9/2019,21258,Victorian Sewing Box Large,6.19,2,12526,Germany,12.38
581574,12/9/2019,23111,Parisienne Sewing Box,6.19,2,12526,Germany,12.38
581574,12/9/2019,22077,6 Ribbons Rustic Charm,6.19,12,12526,Germany,74.28
581574,12/9/2019,22074,6 Ribbons Shimmering Pinks,6.19,12,12526,Germany,74.28
581574,12/9/2019,22621,Traditional Knitting Nancy,6.19,12,12526,Germany,74.28
581574,12/9/2019,23199,Jumbo Bag Apples,6.19,10,12526,Germany,61.9
581574,12/9/2019,23581,Jumbo Bag Paisley Park,6.19,10,12526,Germany,61.9
581578,12/9/2019,21124,Set/10 Blue Polkadot Party Candles,6.19,24,12713,Germany,148.56
581578,12/9/2019,21122,Set/10 Pink Polkadot Party Candles,6.19,24,12713,Germany,148.56
581578,12/9/2019,21121,Set/10 Red Polkadot Party Candles,6.19,24,12713,Germany,148.56
581578,12/9/2019,23389,Spaceboy Mini Backpack,6.04,4,12713,Germany,24.16
581578,12/9/2019,22556,Plasters In Tin Circus Parade,6.19,12,12713,Germany,74.28
581578,12/9/2019,22976,Circus Parade Childrens Egg Cup,6.19,12,12713,Germany,74.28
581578,12/9/2019,23255,Childrens Cutlery Circus Parade,7.24,12,12713,Germany,86.88
581578,12/9/2019,84997D,Childrens Cutlery Polkadot Pink,7.24,8,12713,Germany,57.92
581578,12/9/2019,84997B,Childrens Cutlery Retrospot Red,7.24,8,12713,Germany,57.92
581578,12/9/2019,84997C,Childrens Cutlery Polkadot Blue,7.24,8,12713,Germany,57.92
581578,12/9/2019,22555,Plasters In Tin Strongman,7.24,12,12713,Germany,86.88
581578,12/9/2019,21914,Blue Harmonica In Box,7.24,12,12713,Germany,86.88
581578,12/9/2019,22549,Picture Dominoes,7.24,24,12713,Germany,173.76
581578,12/9/2019,21918,Set 12 Kids Colour Chalk Sticks,7.24,24,12713,Germany,173.76
581578,12/9/2019,22992,Revolver Wooden Ruler,7.24,12,12713,Germany,86.88
581578,12/9/2019,22991,Giraffe Wooden Ruler,7.24,12,12713,Germany,86.88
581578,12/9/2019,23229,Vintage Donkey Tail Game,7.24,6,12713,Germany,43.44
581578,12/9/2019,22622,Box Of Vintage Alphabet Blocks,6.19,6,12713,Germany,37.14
581578,12/9/2019,21506,Fancy Font Birthday Card,6.19,12,12713,Germany,74.28
581578,12/9/2019,21507,Elephant Birthday Card,6.19,12,12713,Germany,74.28
581578,12/9/2019,23037,Candle Holder Silver Madeline,6.19,12,12713,Germany,74.28
581578,12/9/2019,23550,Wrap Alphabet Poster,6.19,25,12713,Germany,154.75
581578,12/9/2019,22711,Wrap Circus Parade,6.19,25,12713,Germany,154.75
581578,12/9/2019,21497,Fancy Fonts Birthday Wrap,6.19,25,12713,Germany,154.75
581578,12/9/2019,22704,Wrap Red Apples,6.19,25,12713,Germany,154.75
581578,12/9/2019,22585,Pack Of 6 Birdy Gift Tags,6.19,12,12713,Germany,74.28
581578,12/9/2019,23205,Charlotte Bag Vintage Alphabet,6.19,10,12713,Germany,61.9
581578,12/9/2019,23515,Embroidered Ribbon Reel Daisy,6.19,6,12713,Germany,37.14
581578,12/9/2019,22081,Ribbon Reel Flora + Fauna,6.19,10,12713,Germany,61.9
581578,12/9/2019,22080,Ribbon Reel Polkadots,6.19,10,12713,Germany,61.9
581578,12/9/2019,23298,Spotty Bunting,6.19,9,12713,Germany,55.71
581578,12/9/2019,22993,Set Of 4 Pantry Jelly Moulds,6.19,12,12713,Germany,74.28
581578,12/9/2019,22907,Pack Of 20 Napkins Pantry Design,6.19,12,12713,Germany,74.28
581578,12/9/2019,22908,Pack Of 20 Napkins Red Apples,6.19,12,12713,Germany,74.28
581578,12/9/2019,23215,Jingle Bell Heart Antique Silver,6.19,12,12713,Germany,74.28
581578,12/9/2019,22736,Ribbon Reel Making Snowmen,6.19,10,12713,Germany,61.9
581578,12/9/2019,23201,Jumbo Bag Alphabet,6.19,10,12713,Germany,61.9
581579,12/9/2019,22411,Jumbo Shopper Vintage Red Paisley,6.19,10,17581,United Kingdom,61.9
581579,12/9/2019,21931,Jumbo Storage Bag Suki,6.04,10,17581,United Kingdom,60.4
581579,12/9/2019,23353,6 Gift Tags Vintage Christmas,6.04,12,17581,United Kingdom,72.48
581579,12/9/2019,23350,Roll Wrap Vintage Spot,6.19,25,17581,United Kingdom,154.75
581579,12/9/2019,23319,Box Of 6 Mini 50'S Crackers,6.19,12,17581,United Kingdom,74.28
581579,12/9/2019,23318,Box Of 6 Mini Vintage Crackers,6.19,12,17581,United Kingdom,74.28
581579,12/9/2019,22910,Paper Chain Kit Vintage Christmas,6.19,12,17581,United Kingdom,74.28
581579,12/9/2019,22086,Paper Chain Kit 50'S Christmas,6.19,12,17581,United Kingdom,74.28
581579,12/9/2019,21121,Set/10 Red Polkadot Party Candles,6.19,24,17581,United Kingdom,148.56
581579,12/9/2019,23489,Vintage Bells Garland,6.19,6,17581,United Kingdom,37.14
581579,12/9/2019,23570,Traditional Pick Up Sticks Game,6.19,12,17581,United Kingdom,74.28
581579,12/9/2019,22993,Set Of 4 Pantry Jelly Moulds,6.19,12,17581,United Kingdom,74.28
581579,12/9/2019,23480,Mini Lights Woodland Mushrooms,6.19,8,17581,United Kingdom,49.52
581579,12/9/2019,23084,Rabbit Night Light,6.19,24,17581,United Kingdom,148.56
581579,12/9/2019,22197,Popcorn Holder,6.19,24,17581,United Kingdom,148.56
581579,12/9/2019,23293,Set Of 12 Fairy Cake Baking Cases,6.19,8,17581,United Kingdom,49.52
581579,12/9/2019,23313,Vintage Christmas Bunting,6.19,15,17581,United Kingdom,92.85
581579,12/9/2019,84347,Rotating Silver Angels T-Light Hldr,6.19,24,17581,United Kingdom,148.56
581579,12/9/2019,22083,Paper Chain Kit Retrospot,6.19,6,17581,United Kingdom,37.14
581579,12/9/2019,23376,Pack Of 12 Vintage Christmas Tissue,6.19,24,17581,United Kingdom,148.56
581579,12/9/2019,22941,Christmas Lights 10 Reindeer,7.24,4,17581,United Kingdom,28.96
581579,12/9/2019,22386,Jumbo Bag Pink Polkadot,6.19,10,17581,United Kingdom,61.9
581579,12/9/2019,21929,Jumbo Bag Pink Vintage Paisley,6.19,10,17581,United Kingdom,61.9
581579,12/9/2019,85099C,Jumbo Bag Baroque Black White,6.19,10,17581,United Kingdom,61.9
581579,12/9/2019,20713,Jumbo Bag Owls,6.19,10,17581,United Kingdom,61.9
581579,12/9/2019,23199,Jumbo Bag Apples,6.04,30,17581,United Kingdom,181.2
581579,12/9/2019,23201,Jumbo Bag Alphabet,7.24,20,17581,United Kingdom,144.8
581579,12/9/2019,23343,Jumbo Bag Vintage Christmas,7.24,30,17581,United Kingdom,217.2
581579,12/9/2019,23344,Jumbo Bag 50'S Christmas,7.24,20,17581,United Kingdom,144.8
581579,12/9/2019,23581,Jumbo Bag Paisley Park,7.24,40,17581,United Kingdom,289.6
581580,12/9/2019,23334,Ivory Wicker Heart Small,7.24,4,12748,United Kingdom,28.96
581580,12/9/2019,21790,Vintage Snap Cards,7.24,1,12748,United Kingdom,7.24
581580,12/9/2019,84993A,75 Green Petit Four Cases,7.24,2,12748,United Kingdom,14.48
581580,12/9/2019,22906,12 Message Cards With Envelopes,7.24,1,12748,United Kingdom,7.24
581580,12/9/2019,21803,Christmas Tree Star Decoration,7.24,2,12748,United Kingdom,14.48
581580,12/9/2019,21809,Christmas Hanging Tree With Bell,7.24,2,12748,United Kingdom,14.48
581580,12/9/2019,20974,12 Pencils Small Tube Skull,7.24,1,12748,United Kingdom,7.24
581580,12/9/2019,23338,Egg Frying Pan Red,7.24,1,12748,United Kingdom,7.24
581580,12/9/2019,85049A,Traditional Christmas Ribbons,7.24,1,12748,United Kingdom,7.24
581580,12/9/2019,23126,Feltcraft Girl Amelie Kit,7.24,1,12748,United Kingdom,7.24
581580,12/9/2019,22695,Wicker Wreath Small,7.24,1,12748,United Kingdom,7.24
581580,12/9/2019,22144,Christmas Craft Little Friends,7.24,1,12748,United Kingdom,7.24
581580,12/9/2019,22908,Pack Of 20 Napkins Red Apples,7.24,2,12748,United Kingdom,14.48
581580,12/9/2019,22894,Tablecloth Red Apples Design,7.24,2,12748,United Kingdom,14.48
581580,12/9/2019,22704,Wrap Red Apples,7.24,25,12748,United Kingdom,181
581580,12/9/2019,22721,Set Of 3 Cake Tins Sketchbook,7.24,1,12748,United Kingdom,7.24
581580,12/9/2019,22816,Card Motorbike Santa,7.24,24,12748,United Kingdom,173.76
581580,12/9/2019,85049E,Scandinavian Reds Ribbons,7.24,2,12748,United Kingdom,14.48
581580,12/9/2019,22075,6 Ribbons Elegant Christmas,7.24,2,12748,United Kingdom,14.48
581580,12/9/2019,21351,Cinammon & Orange Wreath,7.24,1,12748,United Kingdom,7.24
581580,12/9/2019,22698,Pink Regency Teacup And Saucer,7.24,1,12748,United Kingdom,7.24
581580,12/9/2019,22567,20 Dolly Pegs Retrospot,7.24,1,12748,United Kingdom,7.24
581580,12/9/2019,79321,Chilli Lights,7.24,2,12748,United Kingdom,14.48
581580,12/9/2019,37500,Tea Time Teapot In Gift Box,7.24,1,12748,United Kingdom,7.24
581581,12/9/2019,23562,Set Of 6 Ribbons Perfectly Pretty,7.24,6,17581,United Kingdom,43.44
581581,12/9/2019,23561,Set Of 6 Ribbons Party,7.24,6,17581,United Kingdom,43.44
581581,12/9/2019,23681,Lunch Bag Red Vintage Doily,7.24,10,17581,United Kingdom,72.4
581582,12/9/2019,23552,Bicycle Puncture Repair Kit,6.39,6,17581,United Kingdom,38.34
581582,12/9/2019,23498,Classic Bicycle Clips,7.24,12,17581,United Kingdom,86.88
581583,12/9/2019,85038,6 Chocolate Love Heart T-Lights,7.24,36,13777,United Kingdom,260.64
581583,12/9/2019,20725,Lunch Bag Red Retrospot,7.24,40,13777,United Kingdom,289.6
581584,12/9/2019,20832,Red Flock Love Heart Photo Frame,7.24,72,13777,United Kingdom,521.28
581584,12/9/2019,85038,6 Chocolate Love Heart T-Lights,7.24,48,13777,United Kingdom,347.52
581585,12/9/2019,22481,Black Tea Towel Classic Design,7.24,12,15804,United Kingdom,86.88
581585,12/9/2019,22915,Assorted Bottle Top Magnets,7.24,24,15804,United Kingdom,173.76
581585,12/9/2019,22178,Victorian Glass Hanging T-Light,7.24,12,15804,United Kingdom,86.88
581585,12/9/2019,22460,Embossed Glass Tealight Holder,7.24,12,15804,United Kingdom,86.88
581585,12/9/2019,84832,Zinc Willie Winkie Candle Stick,7.24,24,15804,United Kingdom,173.76
581585,12/9/2019,23084,Rabbit Night Light,7.24,12,15804,United Kingdom,86.88
581585,12/9/2019,84879,Assorted Colour Bird Ornament,7.24,16,15804,United Kingdom,115.84
581585,12/9/2019,84945,Multi Colour Silver T-Light Holder,6.39,24,15804,United Kingdom,153.36
581585,12/9/2019,22113,Grey Heart Hot Water Bottle,7.24,4,15804,United Kingdom,28.96
581585,12/9/2019,23356,Love Hot Water Bottle,7.24,3,15804,United Kingdom,21.72
581585,12/9/2019,22726,Alarm Clock Bakelike Green,7.24,8,15804,United Kingdom,57.92
581585,12/9/2019,22727,Alarm Clock Bakelike Red,7.24,4,15804,United Kingdom,28.96
581585,12/9/2019,16016,Large Chinese Style Scissor,6.19,10,15804,United Kingdom,61.9
581585,12/9/2019,21916,Set 12 Retro White Chalk Sticks,6.19,24,15804,United Kingdom,148.56
581585,12/9/2019,84692,Box Of 24 Cocktail Parasols,6.19,25,15804,United Kingdom,154.75
581585,12/9/2019,84946,Antique Silver T-Light Glass,6.19,12,15804,United Kingdom,74.28
581585,12/9/2019,21684,Small Medina Stamped Metal Bowl,6.19,12,15804,United Kingdom,74.28
581585,12/9/2019,22398,Magnets Pack Of 4 Swallows,6.19,12,15804,United Kingdom,74.28
581585,12/9/2019,23328,Set 6 School Milk Bottles In Crate,6.19,4,15804,United Kingdom,24.76
581585,12/9/2019,23145,Zinc T-Light Holder Star Large,6.19,12,15804,United Kingdom,74.28
581585,12/9/2019,22466,Fairy Tale Cottage Night Light,6.19,12,15804,United Kingdom,74.28
581586,12/9/2019,22061,Large Cake Stand Hanging Strawbery,6.19,8,13113,United Kingdom,49.52
581586,12/9/2019,23275,Set Of 3 Hanging Owls Ollie Beak,6.19,24,13113,United Kingdom,148.56
581586,12/9/2019,21217,Red Retrospot Round Cake Tins,6.19,24,13113,United Kingdom,148.56
581586,12/9/2019,20685,Doormat Red Retrospot,6.19,10,13113,United Kingdom,61.9
581587,12/9/2019,22631,Circus Parade Lunch Box,6.19,12,12680,France,74.28
581587,12/9/2019,22556,Plasters In Tin Circus Parade,6.19,12,12680,France,74.28
581587,12/9/2019,22555,Plasters In Tin Strongman,6.19,12,12680,France,74.28
581587,12/9/2019,22728,Alarm Clock Bakelike Pink,6.19,4,12680,France,24.76
581587,12/9/2019,22727,Alarm Clock Bakelike Red,6.19,4,12680,France,24.76
581587,12/9/2019,22726,Alarm Clock Bakelike Green,6.19,4,12680,France,24.76
581587,12/9/2019,22730,Alarm Clock Bakelike Ivory,6.19,4,12680,France,24.76
581587,12/9/2019,22367,Childrens Apron Spaceboy Design,6.19,8,12680,France,49.52
581587,12/9/2019,22629,Spaceboy Lunch Box,6.19,12,12680,France,74.28
581587,12/9/2019,23256,Childrens Cutlery Spaceboy,6.19,4,12680,France,24.76
581587,12/9/2019,22613,Pack Of 20 Spaceboy Napkins,6.19,12,12680,France,74.28
581587,12/9/2019,22899,Children's Apron Dolly Girl,6.19,6,12680,France,37.14
581587,12/9/2019,23254,Childrens Cutlery Dolly Girl,6.19,4,12680,France,24.76
581587,12/9/2019,23255,Childrens Cutlery Circus Parade,6.19,4,12680,France,24.76
581587,12/9/2019,22138,Baking Set 9 Piece Retrospot,6.19,3,12680,France,18.57
581476,12/9/2019,72760B,Vintage Cream 3 Basket Cake Stand,20.45,2,12433,Norway,40.9
581480,12/9/2019,23463,Vintage Zinc Watering Can,20.45,2,14441,United Kingdom,40.9
581485,12/9/2019,22768,Family Photo Frame Cornice,20.45,12,17389,United Kingdom,245.4
581214,12/8/2019,23494,Vintage Doily Deluxe Sewing Kit,6.19,12,14251,United Kingdom,74.28
581214,12/8/2019,22969,Homemade Jam Scented Candles,6.19,60,14251,United Kingdom,371.4
581214,12/8/2019,22910,Paper Chain Kit Vintage Christmas,6.19,40,14251,United Kingdom,247.6
581214,12/8/2019,22734,Set Of 6 Ribbons Vintage Christmas,6.19,12,14251,United Kingdom,74.28
581214,12/8/2019,22621,Traditional Knitting Nancy,6.19,12,14251,United Kingdom,74.28
581214,12/8/2019,22144,Christmas Craft Little Friends,6.19,12,14251,United Kingdom,74.28
581214,12/8/2019,22086,Paper Chain Kit 50'S Christmas,6.19,40,14251,United Kingdom,247.6
581214,12/8/2019,21914,Blue Harmonica In Box,6.19,12,14251,United Kingdom,74.28
581214,12/8/2019,21791,Vintage Heads And Tails Card Game,6.19,12,14251,United Kingdom,74.28
581214,12/8/2019,21790,Vintage Snap Cards,6.19,12,14251,United Kingdom,74.28
581215,12/8/2019,20983,12 Pencils Tall Tube Red Retrospot,6.19,24,13408,United Kingdom,148.56
581215,12/8/2019,22421,Lipstick Pen Fuschia,6.19,48,13408,United Kingdom,297.12
581215,12/8/2019,22727,Alarm Clock Bakelike Red,6.19,12,13408,United Kingdom,74.28
581215,12/8/2019,22809,Set Of 6 T-Lights Santa,6.19,36,13408,United Kingdom,222.84
581215,12/8/2019,23382,Box Of 6 Christmas Cake Decorations,6.19,36,13408,United Kingdom,222.84
581215,12/8/2019,21181,Please One Person Metal Sign,6.19,48,13408,United Kingdom,297.12
581215,12/8/2019,22695,Wicker Wreath Small,6.19,36,13408,United Kingdom,222.84
581215,12/8/2019,23370,Set 36 Colouring Pencils Doily,6.19,32,13408,United Kingdom,198.08
581216,12/8/2019,48187,Doormat New England,6.19,4,16523,United Kingdom,24.76
581216,12/8/2019,48194,Doormat Hearts,6.19,4,16523,United Kingdom,24.76
581216,12/8/2019,48185,Doormat Fairy Cake,6.19,4,16523,United Kingdom,24.76
581216,12/8/2019,23283,Doormat Vintage Leaf,6.19,2,16523,United Kingdom,12.38
581216,12/8/2019,48129,Doormat Topiary,7.24,2,16523,United Kingdom,14.48
581216,12/8/2019,23284,Doormat Keep Calm And Come In,7.24,2,16523,United Kingdom,14.48
581216,12/8/2019,22690,Doormat Home Sweet Home Blue,7.24,2,16523,United Kingdom,14.48
581216,12/8/2019,20685,Doormat Red Retrospot,7.24,2,16523,United Kingdom,14.48
581216,12/8/2019,21930,Jumbo Storage Bag Skulls,7.24,20,16523,United Kingdom,144.8
581216,12/8/2019,22411,Jumbo Shopper Vintage Red Paisley,7.24,30,16523,United Kingdom,217.2
581216,12/8/2019,22059,Ceramic Strawberry Design Mug,7.24,24,16523,United Kingdom,173.76
581216,12/8/2019,22057,Ceramic Plate Strawberry Design,7.24,16,16523,United Kingdom,115.84
581216,12/8/2019,22599,Christmas Musical Zinc Star,7.24,48,16523,United Kingdom,347.52
581216,12/8/2019,22597,Musical Zinc Heart Decoration,6.19,48,16523,United Kingdom,297.12
581216,12/8/2019,22055,Mini Cake Stand Hanging Strawbery,6.19,32,16523,United Kingdom,198.08
581216,12/8/2019,22061,Large Cake Stand Hanging Strawbery,7.24,8,16523,United Kingdom,57.92
581216,12/8/2019,23202,Jumbo Bag Vintage Leaf,7.24,30,16523,United Kingdom,217.2
581216,12/8/2019,23581,Jumbo Bag Paisley Park,7.24,30,16523,United Kingdom,217.2
581216,12/8/2019,20713,Jumbo Bag Owls,7.24,20,16523,United Kingdom,144.8
581216,12/8/2019,22385,Jumbo Bag Spaceboy Design,7.24,20,16523,United Kingdom,144.8
581216,12/8/2019,85099C,Jumbo Bag Baroque Black White,7.24,30,16523,United Kingdom,217.2
581216,12/8/2019,23582,Vintage Doily Jumbo Bag Red,7.24,30,16523,United Kingdom,217.2
581216,12/8/2019,23344,Jumbo Bag 50'S Christmas,7.24,30,16523,United Kingdom,217.2
581216,12/8/2019,85099B,Jumbo Bag Red Retrospot,6.19,30,16523,United Kingdom,185.7
581217,12/8/2019,15036,Assorted Colours Silk Fan,6.19,1,16217,United Kingdom,6.19
581217,12/8/2019,16219,House Shape Pencil Sharpener,6.19,4,16217,United Kingdom,24.76
581217,12/8/2019,16235,Recycled Pencil With Rabbit Eraser,6.19,2,16217,United Kingdom,12.38
581217,12/8/2019,16236,Kitty Pencil Erasers,6.19,2,16217,United Kingdom,12.38
581217,12/8/2019,16237,Sleeping Cat Erasers,6.19,5,16217,United Kingdom,30.95
581217,12/8/2019,16238,Party Time Pencil Erasers,6.19,1,16217,United Kingdom,6.19
581217,12/8/2019,17012D,Origami Rose Incense/Candle Set,6.19,1,16217,United Kingdom,6.19
581217,12/8/2019,17012F,Origami Sandlewood Incense/Cand Set,6.19,2,16217,United Kingdom,12.38
581217,12/8/2019,17084N,Fairy Dreams Incense,6.19,1,16217,United Kingdom,6.19
581217,12/8/2019,17084P,Dragons Blood Incense,6.19,2,16217,United Kingdom,12.38
581217,12/8/2019,18097C,White Tall Porcelain T-Light Holder,6.19,1,16217,United Kingdom,6.19
581217,12/8/2019,20668,Disco Ball Christmas Decoration,6.19,10,16217,United Kingdom,61.9
581217,12/8/2019,20682,Red Retrospot Childrens Umbrella,6.19,1,16217,United Kingdom,6.19
581217,12/8/2019,20717,Strawberry Shopper Bag,6.19,1,16217,United Kingdom,6.19
581217,12/8/2019,20719,Woodland Charlotte Bag,6.19,3,16217,United Kingdom,18.57
581217,12/8/2019,20723,Strawberry Charlotte Bag,6.19,2,16217,United Kingdom,12.38
581217,12/8/2019,20733,Gold Mini Tape Measure,6.19,5,16217,United Kingdom,30.95
581217,12/8/2019,20764,Abstract Circles Sketchbook,6.19,1,16217,United Kingdom,6.19
581217,12/8/2019,20836,French Paisley Cushion Cover,6.19,1,16217,United Kingdom,6.19
581217,12/8/2019,20866,Blue Rose Fabric Mirror,6.19,1,16217,United Kingdom,6.19
581217,12/8/2019,20914,Set/5 Red Retrospot Lid Glass Bowls,6.19,7,16217,United Kingdom,43.33
581217,12/8/2019,20963,Apple Bath Sponge,6.19,1,16217,United Kingdom,6.19
581217,12/8/2019,20971,Pink Blue Felt Craft Trinket Box,6.19,6,16217,United Kingdom,37.14
581217,12/8/2019,20972,Pink Cream Felt Craft Trinket Box,6.19,2,16217,United Kingdom,12.38
581217,12/8/2019,20973,12 Pencil Small Tube Woodland,6.19,2,16217,United Kingdom,12.38
581217,12/8/2019,20978,36 Pencils Tube Skulls,6.19,3,16217,United Kingdom,18.57
581217,12/8/2019,20979,36 Pencils Tube Red Retrospot,6.19,1,16217,United Kingdom,6.19
581217,12/8/2019,20983,12 Pencils Tall Tube Red Retrospot,6.19,1,16217,United Kingdom,6.19
581217,12/8/2019,20985,Heart Calculator,6.19,2,16217,United Kingdom,12.38
581217,12/8/2019,21001,Rose Du Sud Washbag,6.19,1,16217,United Kingdom,6.19
581217,12/8/2019,21012,Antique All Glass Candlestick,6.19,2,16217,United Kingdom,12.38
581217,12/8/2019,21015,Dark Bird House Tree Decoration,6.19,9,16217,United Kingdom,55.71
581217,12/8/2019,21026,Space Owl,6.19,1,16217,United Kingdom,6.19
581217,12/8/2019,21064,Boom Box Speaker Boys,6.19,6,16217,United Kingdom,37.14
581217,12/8/2019,21065,Boom Box Speaker Girls,6.19,3,16217,United Kingdom,18.57
581217,12/8/2019,21080,Set/20 Red Retrospot Paper Napkins,6.19,1,16217,United Kingdom,6.19
581217,12/8/2019,21094,Set/6 Red Spotty Paper Plates,6.19,7,16217,United Kingdom,43.33
581217,12/8/2019,21096,Set/6 Fruit Salad Paper Plates,6.19,2,16217,United Kingdom,12.38
581217,12/8/2019,21098,Christmas Toilet Roll,6.19,4,16217,United Kingdom,24.76
581217,12/8/2019,21108,Fairy Cake Flannel Assorted Colour,6.19,1,16217,United Kingdom,6.19
581217,12/8/2019,21123,Set/10 Ivory Polkadot Party Candles,6.19,2,16217,United Kingdom,12.38
581217,12/8/2019,21126,Set Of 6 Girls Celebration Candles,6.19,4,16217,United Kingdom,24.76
581217,12/8/2019,21137,Black Record Cover Frame,6.19,17,16217,United Kingdom,105.23
581217,12/8/2019,21154,Red Retrospot Oven Glove,6.19,3,16217,United Kingdom,18.57
581217,12/8/2019,21156,Retrospot Childrens Apron,6.19,1,16217,United Kingdom,6.19
581217,12/8/2019,21162,Toxic Area Door Hanger,6.19,1,16217,United Kingdom,6.19
581217,12/8/2019,21166,Cook With Wine Metal Sign,6.19,2,16217,United Kingdom,12.38
581217,12/8/2019,21058,Party Invites Woodland,6.19,1,16217,United Kingdom,6.19
581217,12/8/2019,21167,White Sage Incense,6.19,1,16217,United Kingdom,6.19
581217,12/8/2019,21174,Pottering In The Shed Metal Sign,7.24,3,16217,United Kingdom,21.72
581217,12/8/2019,21175,Gin And Tonic Diet Metal Sign,7.24,2,16217,United Kingdom,14.48
581217,12/8/2019,21189,White Honeycomb Paper Garland,7.24,2,16217,United Kingdom,14.48
581217,12/8/2019,21201,Tropical Honeycomb Paper Garland,7.24,2,16217,United Kingdom,14.48
581217,12/8/2019,21212,Pack Of 72 Retrospot Cake Cases,7.24,3,16217,United Kingdom,21.72
581217,12/8/2019,21213,Pack Of 72 Skull Cake Cases,7.24,1,16217,United Kingdom,7.24
581217,12/8/2019,21215,Ivory Paper Cup Cake Cases,7.24,1,16217,United Kingdom,7.24
581217,12/8/2019,21217,Red Retrospot Round Cake Tins,7.24,1,16217,United Kingdom,7.24
581217,12/8/2019,21219,Set/4 Badges Balloon Girl,7.24,1,16217,United Kingdom,7.24
581217,12/8/2019,21221,Set/4 Badges Cute Creatures,7.24,1,16217,United Kingdom,7.24
581217,12/8/2019,21222,Set/4 Badges Beetles,7.24,1,16217,United Kingdom,7.24
581217,12/8/2019,21224,Set/4 Skull Badges,6.19,2,16217,United Kingdom,12.38
581217,12/8/2019,21231,Sweetheart Ceramic Trinket Box,7.24,3,16217,United Kingdom,21.72
581217,12/8/2019,21232,Strawberry Ceramic Trinket Pot,6.19,2,16217,United Kingdom,12.38
581217,12/8/2019,21249,Woodland Height Chart Stickers,7.24,1,16217,United Kingdom,7.24
581217,12/8/2019,21284,Retrospot Candle Small,7.24,2,16217,United Kingdom,14.48
581217,12/8/2019,21288,Stripey Chocolate Nesting Boxes,7.24,1,16217,United Kingdom,7.24
581217,12/8/2019,21314,Small Glass Heart Trinket Pot,7.24,4,16217,United Kingdom,28.96
581217,12/8/2019,21327,Skulls Writing Set,7.24,2,16217,United Kingdom,14.48
581217,12/8/2019,21328,Balloons Writing Set,7.24,1,16217,United Kingdom,7.24
581217,12/8/2019,21329,Dinosaurs Writing Set,6.19,1,16217,United Kingdom,6.19
581217,12/8/2019,21356,Toast Its - Fairy Flower,6.19,10,16217,United Kingdom,61.9
581217,12/8/2019,21358,Toast Its - Happy Birthday,6.04,2,16217,United Kingdom,12.08
581217,12/8/2019,21383,Pack Of 12 Sticky Bunnies,6.19,1,16217,United Kingdom,6.19
581217,12/8/2019,21390,Filigris Heart With Butterfly,6.19,1,16217,United Kingdom,6.19
581217,12/8/2019,21429,Red Gingham Rose Jewellery Box,6.19,4,16217,United Kingdom,24.76
581217,12/8/2019,21454,Painted Pink Rabbit,6.19,1,16217,United Kingdom,6.19
581217,12/8/2019,21470,Flower Vine Raffia Food Cover,6.19,1,16217,United Kingdom,6.19
581217,12/8/2019,21471,Strawberry Raffia Food Cover,6.19,1,16217,United Kingdom,6.19
581217,12/8/2019,21484,Chick Grey Hot Water Bottle,6.19,1,16217,United Kingdom,6.19
581217,12/8/2019,21494,Rotating Leaves T-Light Holder,6.19,1,16217,United Kingdom,6.19
581217,12/8/2019,21506,Fancy Font Birthday Card,6.19,1,16217,United Kingdom,6.19
581217,12/8/2019,21519,Gin & Tonic Diet Greeting Card,6.19,1,16217,United Kingdom,6.19
581217,12/8/2019,21544,Skulls Water Transfer Tattoos,6.19,1,16217,United Kingdom,6.19
581217,12/8/2019,21558,Skull Lunch Box With Cutlery,6.19,1,16217,United Kingdom,6.19
581217,12/8/2019,21559,Strawberry Lunch Box With Cutlery,6.19,1,16217,United Kingdom,6.19
581217,12/8/2019,21580,Rabbit Design Cotton Tote Bag,6.19,1,16217,United Kingdom,6.19
581217,12/8/2019,21615,4 Lavender Botanical Dinner Candles,6.19,1,16217,United Kingdom,6.19
581217,12/8/2019,21616,4 Pear Botanical Dinner Candles,6.19,2,16217,United Kingdom,12.38
581217,12/8/2019,21619,4 Vanilla Botanical Candles,6.19,1,16217,United Kingdom,6.19
581217,12/8/2019,21620,Set Of 4 Rose Botanical Candles,6.19,1,16217,United Kingdom,6.19
581217,12/8/2019,21650,Assorted Tutti Frutti Bracelet,6.19,16,16217,United Kingdom,99.04
581217,12/8/2019,21675,Butterflies Stickers,6.19,1,16217,United Kingdom,6.19
581217,12/8/2019,21677,Hearts Stickers,6.19,1,16217,United Kingdom,6.19
581217,12/8/2019,21680,Woodland Stickers,6.19,1,16217,United Kingdom,6.19
581217,12/8/2019,21703,Bag 125g Swirly Marbles,6.19,1,16217,United Kingdom,6.19
581217,12/8/2019,21722,Sweet Pudding Sticker Sheet,6.19,1,16217,United Kingdom,6.19
581217,12/8/2019,21724,Panda And Bunnies Sticker Sheet,6.19,1,16217,United Kingdom,6.19
581217,12/8/2019,21731,Red Toadstool Led Night Light,6.19,5,16217,United Kingdom,30.95
581217,12/8/2019,21739,Cosy Slipper Shoes Small Green,6.19,2,16217,United Kingdom,12.38
581217,12/8/2019,21755,Love Building Block Word,6.19,2,16217,United Kingdom,12.38
581217,12/8/2019,21773,Decorative Rose Bathroom Bottle,6.19,2,16217,United Kingdom,12.38
581217,12/8/2019,21774,Decorative Cats Bathroom Bottle,6.19,1,16217,United Kingdom,6.19
581217,12/8/2019,21775,Decorative Flore Bathroom Bottle,6.19,1,16217,United Kingdom,6.19
581217,12/8/2019,21786,Polkadot Rain Hat,6.19,5,16217,United Kingdom,30.95
581217,12/8/2019,21787,Rain Poncho Retrospot,6.19,1,16217,United Kingdom,6.19
581217,12/8/2019,21790,Vintage Snap Cards,6.19,5,16217,United Kingdom,30.95
581217,12/8/2019,21810,Christmas Hanging Star With Bell,6.19,15,16217,United Kingdom,92.85
581217,12/8/2019,21813,Garland With Stars And Bells,6.19,8,16217,United Kingdom,49.52
581217,12/8/2019,21822,Glitter Christmas Tree With Bells,6.19,9,16217,United Kingdom,55.71
581217,12/8/2019,21832,Chocolate Calculator,6.19,1,16217,United Kingdom,6.19
581217,12/8/2019,21843,Red Retrospot Cake Stand,6.19,1,16217,United Kingdom,6.19
581217,12/8/2019,21846,Pink Diamante Pen In Gift Box,6.19,1,16217,United Kingdom,6.19
581217,12/8/2019,21873,If You Can't Stand The Heat Mug,6.19,1,16217,United Kingdom,6.19
581217,12/8/2019,21889,Wooden Box Of Dominoes,6.19,2,16217,United Kingdom,12.38
581217,12/8/2019,21891,Traditional Wooden Skipping Rope,6.19,1,16217,United Kingdom,6.19
581217,12/8/2019,21892,Traditional Wooden Catch Cup Game,6.19,1,16217,United Kingdom,6.19
581217,12/8/2019,21899,Garage Key Fob,6.19,1,16217,United Kingdom,6.19
581217,12/8/2019,21900,Key Fob Shed,6.19,3,16217,United Kingdom,18.57
581217,12/8/2019,21901,Key Fob Back Door,6.19,2,16217,United Kingdom,12.38
581217,12/8/2019,21902,Key Fob Front Door,6.19,1,16217,United Kingdom,6.19
581217,12/8/2019,21914,Blue Harmonica In Box,6.19,1,16217,United Kingdom,6.19
581217,12/8/2019,21918,Set 12 Kids Colour Chalk Sticks,6.19,2,16217,United Kingdom,12.38
581217,12/8/2019,21930,Jumbo Storage Bag Skulls,6.19,4,16217,United Kingdom,24.76
581217,12/8/2019,21931,Jumbo Storage Bag Suki,6.19,4,16217,United Kingdom,24.76
581217,12/8/2019,21932,Scandinavian Paisley Picnic Bag,6.19,1,16217,United Kingdom,6.19
581217,12/8/2019,21933,Pink Vintage Paisley Picnic Bag,6.19,1,16217,United Kingdom,6.19
581217,12/8/2019,21934,Skull Shoulder Bag,6.19,14,16217,United Kingdom,86.66
581217,12/8/2019,21935,Suki Shoulder Bag,6.19,22,16217,United Kingdom,136.18
581217,12/8/2019,21942,Skulls Design Flannel,6.19,1,16217,United Kingdom,6.19
581217,12/8/2019,21943,Cakes And Rabbits Design Flannel,6.19,1,16217,United Kingdom,6.19
581217,12/8/2019,21945,Strawberries Design Flannel,6.19,1,16217,United Kingdom,6.19
581217,12/8/2019,21946,Party Time Design Flannel,6.19,1,16217,United Kingdom,6.19
581217,12/8/2019,21967,Pack Of 12 Skull Tissues,6.19,2,16217,United Kingdom,12.38
581217,12/8/2019,21975,Pack Of 60 Dinosaur Cake Cases,6.19,2,16217,United Kingdom,12.38
581217,12/8/2019,21977,Pack Of 60 Pink Paisley Cake Cases,6.19,2,16217,United Kingdom,12.38
581217,12/8/2019,21981,Pack Of 12 Woodland Tissues,6.19,1,16217,United Kingdom,6.19
581217,12/8/2019,21982,Pack Of 12 Suki Tissues,6.19,1,16217,United Kingdom,6.19
581217,12/8/2019,21983,Pack Of 12 Blue Paisley Tissues,6.19,2,16217,United Kingdom,12.38
581217,12/8/2019,21984,Pack Of 12 Pink Paisley Tissues,7.24,1,16217,United Kingdom,7.24
581217,12/8/2019,21985,Pack Of 12 Hearts Design Tissues,7.24,1,16217,United Kingdom,7.24
581217,12/8/2019,21990,Modern Floral Stationery Set,7.24,13,16217,United Kingdom,94.12
581217,12/8/2019,21991,Bohemian Collage Stationery Set,7.24,3,16217,United Kingdom,21.72
581217,12/8/2019,21993,Floral Folk Stationery Set,7.24,6,16217,United Kingdom,43.44
581217,12/8/2019,22023,Empire Birthday Card,7.24,1,16217,United Kingdom,7.24
581217,12/8/2019,22024,Rainy Ladies Birthday Card,7.24,1,16217,United Kingdom,7.24
581217,12/8/2019,22029,Spaceboy Birthday Card,7.24,1,16217,United Kingdom,7.24
581217,12/8/2019,22064,Pink Doughnut Trinket Pot,7.24,4,16217,United Kingdom,28.96
581217,12/8/2019,22065,Christmas Pudding Trinket Pot,6.19,3,16217,United Kingdom,18.57
581217,12/8/2019,22069,Brown Pirate Treasure Chest,7.24,2,16217,United Kingdom,14.48
581217,12/8/2019,22074,6 Ribbons Shimmering Pinks,6.19,3,16217,United Kingdom,18.57
581217,12/8/2019,22075,6 Ribbons Elegant Christmas,7.24,6,16217,United Kingdom,43.44
581217,12/8/2019,22076,6 Ribbons Empire,7.24,1,16217,United Kingdom,7.24
581217,12/8/2019,22077,6 Ribbons Rustic Charm,7.24,3,16217,United Kingdom,21.72
581217,12/8/2019,22086,Paper Chain Kit 50'S Christmas,6.19,9,16217,United Kingdom,55.71
581217,12/8/2019,22090,Paper Bunting Retrospot,6.19,1,16217,United Kingdom,6.19
581217,12/8/2019,22104,Mirror Mosaic Candle Plate,6.19,4,16217,United Kingdom,24.76
581217,12/8/2019,22105,Mirror Mosaic Goblet Candle Holder,6.04,2,16217,United Kingdom,12.08
581217,12/8/2019,22106,Mirror Mosaic Hurricane Lamp,6.04,4,16217,United Kingdom,24.16
581217,12/8/2019,22107,Pizza Plate In Box,6.04,11,16217,United Kingdom,66.44
581217,12/8/2019,22109,Full English Breakfast Plate,6.04,3,16217,United Kingdom,18.12
581217,12/8/2019,22110,Bird House Hot Water Bottle,6.04,4,16217,United Kingdom,24.16
581217,12/8/2019,22113,Grey Heart Hot Water Bottle,6.04,3,16217,United Kingdom,18.12
581217,12/8/2019,22114,Hot Water Bottle Tea And Sympathy,6.04,2,16217,United Kingdom,12.08
581217,12/8/2019,22124,Set Of 2 Tea Towels Ping Microwave,6.04,3,16217,United Kingdom,18.12
581217,12/8/2019,22129,Party Cones Candy Decoration,6.19,7,16217,United Kingdom,43.33
581217,12/8/2019,22134,Mini Ladle Love Heart Red,6.19,1,16217,United Kingdom,6.19
581217,12/8/2019,22139,Retrospot Tea Set Ceramic 11 Pc,6.19,1,16217,United Kingdom,6.19
581217,12/8/2019,22150,3 Stripey Mice Feltcraft,6.19,3,16217,United Kingdom,18.57
581217,12/8/2019,22156,Heart Decoration With Pearls,6.19,2,16217,United Kingdom,12.38
581217,12/8/2019,22163,Heart String Memo Holder Hanging,6.19,7,16217,United Kingdom,43.33
581217,12/8/2019,22167,Oval Wall Mirror Diamante,6.19,1,16217,United Kingdom,6.19
581217,12/8/2019,22169,Family Album White Picture Frame,6.19,2,16217,United Kingdom,12.38
581217,12/8/2019,22171,3 Hook Photo Shelf Antique White,6.19,1,16217,United Kingdom,6.19
581217,12/8/2019,22174,Photo Cube,6.19,5,16217,United Kingdom,30.95
581217,12/8/2019,22178,Victorian Glass Hanging T-Light,6.19,8,16217,United Kingdom,49.52
581217,12/8/2019,22186,Red Star Card Holder,6.19,1,16217,United Kingdom,6.19
581217,12/8/2019,22187,Green Christmas Tree Card Holder,6.19,4,16217,United Kingdom,24.76
581217,12/8/2019,22188,Black Heart Card Holder,6.19,1,16217,United Kingdom,6.19
581217,12/8/2019,22190,Local Cafe Mug,6.19,1,16217,United Kingdom,6.19
581217,12/8/2019,22197,Popcorn Holder,6.19,27,16217,United Kingdom,167.13
581217,12/8/2019,22208,Wood Stamp Set Thank You,6.19,1,16217,United Kingdom,6.19
581217,12/8/2019,22210,Wood Stamp Set Best Wishes,6.19,1,16217,United Kingdom,6.19
581217,12/8/2019,22211,Wood Stamp Set Flowers,6.19,1,16217,United Kingdom,6.19
581217,12/8/2019,22212,Four Hook White Lovebirds,6.19,3,16217,United Kingdom,18.57
581217,12/8/2019,22219,Lovebird Hanging Decoration White,6.19,3,16217,United Kingdom,18.57
581217,12/8/2019,22227,Hanging Heart Mirror Decoration,6.19,2,16217,United Kingdom,12.38
581217,12/8/2019,22249,Decoration White Chick Magic Garden,6.19,1,16217,United Kingdom,6.19
581217,12/8/2019,22261,Felt Egg Cosy White Rabbit,6.19,2,16217,United Kingdom,12.38
581217,12/8/2019,22263,Felt Egg Cosy Ladybird,6.19,1,16217,United Kingdom,6.19
581217,12/8/2019,22274,Feltcraft Doll Emily,6.19,1,16217,United Kingdom,6.19
581217,12/8/2019,22277,Cosmetic Bag Vintage Rose Paisley,6.19,1,16217,United Kingdom,6.19
581217,12/8/2019,22294,Heart Filigree Dove Small,6.19,1,16217,United Kingdom,6.19
581217,12/8/2019,22296,Heart Ivory Trellis Large,6.19,1,16217,United Kingdom,6.19
581217,12/8/2019,22297,Heart Ivory Trellis Small,6.19,2,16217,United Kingdom,12.38
581217,12/8/2019,22312,Office Mug Warmer Polkadot,6.19,1,16217,United Kingdom,6.19
581217,12/8/2019,22315,200 Red + White Bendy Straws,6.19,1,16217,United Kingdom,6.19
581217,12/8/2019,22324,Blue Polkadot Kids Bag,6.19,1,16217,United Kingdom,6.19
581217,12/8/2019,22327,Round Snack Boxes Set Of 4 Skulls,6.19,2,16217,United Kingdom,12.38
581217,12/8/2019,22329,Round Container Set Of 5 Retrospot,6.19,1,16217,United Kingdom,6.19
581217,12/8/2019,22331,Woodland Party Bag + Sticker Set,6.19,1,16217,United Kingdom,6.19
581217,12/8/2019,22335,Heart Decoration Painted Zinc,6.19,1,16217,United Kingdom,6.19
581217,12/8/2019,22338,Star Decoration Painted Zinc,6.19,10,16217,United Kingdom,61.9
581217,12/8/2019,22340,Noel Garland Painted Zinc,6.19,6,16217,United Kingdom,37.14
581217,12/8/2019,22341,Love Garland Painted Zinc,6.19,1,16217,United Kingdom,6.19
581217,12/8/2019,22348,Tea Bag Plate Red Retrospot,6.04,1,16217,United Kingdom,6.04
581217,12/8/2019,22355,Charlotte Bag Suki Design,6.19,3,16217,United Kingdom,18.57
581217,12/8/2019,22358,Kings Choice Tea Caddy,6.19,1,16217,United Kingdom,6.19
581217,12/8/2019,22360,Glass Jar English Confectionery,6.19,1,16217,United Kingdom,6.19
581217,12/8/2019,22363,Glass Jar Marmalade,6.19,1,16217,United Kingdom,6.19
581217,12/8/2019,22364,Glass Jar Digestive Biscuits,7.24,1,16217,United Kingdom,7.24
581217,12/8/2019,22375,Airline Bag Vintage Jet Set Brown,6.19,1,16217,United Kingdom,6.19
581217,12/8/2019,22406,Money Box Kings Choice Design,6.19,1,16217,United Kingdom,6.19
581217,12/8/2019,22411,Jumbo Shopper Vintage Red Paisley,6.19,3,16217,United Kingdom,18.57
581217,12/8/2019,22417,Pack Of 60 Spaceboy Cake Cases,6.19,1,16217,United Kingdom,6.19
581217,12/8/2019,22418,10 Colour Spaceboy Pen,6.19,2,16217,United Kingdom,12.38
581217,12/8/2019,22419,Lipstick Pen Red,6.19,6,16217,United Kingdom,37.14
581217,12/8/2019,22420,Lipstick Pen Baby Pink,6.19,1,16217,United Kingdom,6.19
581217,12/8/2019,22421,Lipstick Pen Fuschia,6.19,8,16217,United Kingdom,49.52
581217,12/8/2019,22422,Toothpaste Tube Pen,6.19,3,16217,United Kingdom,18.57
581217,12/8/2019,22423,Regency Cakestand 3 Tier,6.19,3,16217,United Kingdom,18.57
581217,12/8/2019,22424,Enamel Bread Bin Cream,6.19,1,16217,United Kingdom,6.19
581217,12/8/2019,22433,Watering Can Green Dinosaur,6.19,1,16217,United Kingdom,6.19
581217,12/8/2019,22441,Grow Your Own Basil In Enamel Mug,6.19,1,16217,United Kingdom,6.19
581217,12/8/2019,22446,Pin Cushion Babushka Pink,6.19,6,16217,United Kingdom,37.14
581217,12/8/2019,22457,Natural Slate Heart Chalkboard,6.19,2,16217,United Kingdom,12.38
581217,12/8/2019,22464,Hanging Metal Heart Lantern,6.19,1,16217,United Kingdom,6.19
581217,12/8/2019,22466,Fairy Tale Cottage Night Light,6.19,4,16217,United Kingdom,24.76
581217,12/8/2019,22477,Watering Can Garden Marker,6.19,1,16217,United Kingdom,6.19
581217,12/8/2019,22486,Plasmatronic Lamp,6.19,1,16217,United Kingdom,6.19
581217,12/8/2019,22489,Pack Of 12 Traditional Crayons,6.19,1,16217,United Kingdom,6.19
581217,12/8/2019,22494,Emergency First Aid Tin,6.19,2,16217,United Kingdom,12.38
581217,12/8/2019,22495,Set Of 2 Round Tins Camembert,6.19,1,16217,United Kingdom,6.19
581217,12/8/2019,22505,Memo Board Cottage Design,6.19,2,16217,United Kingdom,12.38
581217,12/8/2019,22508,Doorstop Retrospot Heart,6.19,4,16217,United Kingdom,24.76
581217,12/8/2019,22513,Doorstop Football Design,6.19,1,16217,United Kingdom,6.19
581217,12/8/2019,22514,Childs Garden Spade Blue,6.19,5,16217,United Kingdom,30.95
581217,12/8/2019,22516,Childs Garden Rake Blue,6.19,6,16217,United Kingdom,37.14
581217,12/8/2019,22549,Picture Dominoes,6.19,2,16217,United Kingdom,12.38
581217,12/8/2019,22550,Holiday Fun Ludo,6.19,1,16217,United Kingdom,6.19
581217,12/8/2019,22553,Plasters In Tin Skulls,6.19,2,16217,United Kingdom,12.38
581217,12/8/2019,22554,Plasters In Tin Woodland Animals,7.24,2,16217,United Kingdom,14.48
581217,12/8/2019,22555,Plasters In Tin Strongman,7.24,1,16217,United Kingdom,7.24
581217,12/8/2019,22556,Plasters In Tin Circus Parade,7.24,1,16217,United Kingdom,7.24
581217,12/8/2019,22557,Plasters In Tin Vintage Paisley,7.24,4,16217,United Kingdom,28.96
581217,12/8/2019,22563,Happy Stencil Craft,7.24,1,16217,United Kingdom,7.24
581217,12/8/2019,22565,Feltcraft Hairbands Pink And White,7.24,2,16217,United Kingdom,14.48
581217,12/8/2019,22566,Feltcraft Hairband Pink And Purple,7.24,1,16217,United Kingdom,7.24
581217,12/8/2019,22574,Heart Wooden Christmas Decoration,7.24,7,16217,United Kingdom,50.68
581217,12/8/2019,22576,Swallow Wooden Christmas Decoration,7.24,1,16217,United Kingdom,7.24
581217,12/8/2019,22577,Wooden Heart Christmas Scandinavian,7.24,18,16217,United Kingdom,130.32
581217,12/8/2019,22578,Wooden Star Christmas Scandinavian,6.19,13,16217,United Kingdom,80.47
581217,12/8/2019,22580,Advent Calendar Gingham Sack,6.19,11,16217,United Kingdom,68.09
581217,12/8/2019,22581,Wood Stocking Christmas Scandispot,7.24,6,16217,United Kingdom,43.44
581217,12/8/2019,22585,Pack Of 6 Birdy Gift Tags,7.24,5,16217,United Kingdom,36.2
581217,12/8/2019,22587,Feltcraft Hairband Red And Blue,7.24,2,16217,United Kingdom,14.48
581217,12/8/2019,22588,Card Holder Gingham Heart,7.24,1,16217,United Kingdom,7.24
581217,12/8/2019,22591,Cardholder Gingham Christmas Tree,7.24,1,16217,United Kingdom,7.24
581217,12/8/2019,22592,Cardholder Holly Wreath Metal,6.19,5,16217,United Kingdom,30.95
581217,12/8/2019,22593,Christmas Gingham Star,6.19,6,16217,United Kingdom,37.14
581217,12/8/2019,22594,Christmas Gingham Tree,6.19,6,16217,United Kingdom,37.14
581217,12/8/2019,22596,Christmas Star Wish List Chalkboard,6.19,1,16217,United Kingdom,6.19
581217,12/8/2019,22597,Musical Zinc Heart Decoration,6.19,2,16217,United Kingdom,12.38
581217,12/8/2019,22598,Christmas Musical Zinc Tree,6.19,1,16217,United Kingdom,6.19
581217,12/8/2019,22599,Christmas Musical Zinc Star,6.19,5,16217,United Kingdom,30.95
581217,12/8/2019,22600,Christmas Retrospot Star Wood,6.19,1,16217,United Kingdom,6.19
581217,12/8/2019,22604,Set Of 4 Napkin Charms Cutlery,6.19,2,16217,United Kingdom,12.38
581217,12/8/2019,22605,Wooden Croquet Garden Set,6.19,1,16217,United Kingdom,6.19
581217,12/8/2019,22608,Pens Assorted Funky Jeweled,6.19,19,16217,United Kingdom,117.61
581217,12/8/2019,22614,Pack Of 12 Spaceboy Tissues,6.19,2,16217,United Kingdom,12.38
581217,12/8/2019,22619,Set Of 6 Soldier Skittles,6.19,1,16217,United Kingdom,6.19
581217,12/8/2019,22620,4 Traditional Spinning Tops,6.19,3,16217,United Kingdom,18.57
581217,12/8/2019,22621,Traditional Knitting Nancy,6.19,4,16217,United Kingdom,24.76
581217,12/8/2019,22622,Box Of Vintage Alphabet Blocks,6.19,1,16217,United Kingdom,6.19
581217,12/8/2019,22624,Ivory Kitchen Scales,6.19,3,16217,United Kingdom,18.57
581217,12/8/2019,22625,Red Kitchen Scales,6.19,1,16217,United Kingdom,6.19
581217,12/8/2019,22629,Spaceboy Lunch Box,6.19,4,16217,United Kingdom,24.76
581217,12/8/2019,22631,Circus Parade Lunch Box,6.19,1,16217,United Kingdom,6.19
581217,12/8/2019,22639,Set Of 4 Napkin Charms Hearts,6.19,2,16217,United Kingdom,12.38
581217,12/8/2019,22640,Set Of 4 Napkin Charms 3 Keys,6.19,1,16217,United Kingdom,6.19
581217,12/8/2019,22642,Set Of 4 Napkin Charms Stars,6.19,2,16217,United Kingdom,12.38
581217,12/8/2019,22643,Set Of 4 Napkin Charms Leaves,6.19,2,16217,United Kingdom,12.38
581217,12/8/2019,22644,Ceramic Cherry Cake Money Bank,6.19,1,16217,United Kingdom,6.19
581217,12/8/2019,22645,Ceramic Heart Fairy Cake Money Bank,6.19,4,16217,United Kingdom,24.76
581217,12/8/2019,22646,Ceramic Strawberry Cake Money Bank,6.19,3,16217,United Kingdom,18.57
581217,12/8/2019,22647,Ceramic Love Heart Money Bank,6.19,1,16217,United Kingdom,6.19
581217,12/8/2019,22650,Ceramic Pirate Chest Money Bank,6.04,7,16217,United Kingdom,42.28
581217,12/8/2019,22651,Gentleman Shirt Repair Kit,6.04,1,16217,United Kingdom,6.04
581217,12/8/2019,22653,Button Box,6.19,9,16217,United Kingdom,55.71
581217,12/8/2019,22659,Lunch Box I Love London,6.19,1,16217,United Kingdom,6.19
581217,12/8/2019,22666,Recipe Box Pantry Yellow Design,6.19,6,16217,United Kingdom,37.14
581217,12/8/2019,22675,French Kitchen Sign Blue Metal,6.19,1,16217,United Kingdom,6.19
581217,12/8/2019,22676,French Blue Metal Door Sign 1,6.19,1,16217,United Kingdom,6.19
581217,12/8/2019,22679,French Blue Metal Door Sign 4,6.19,1,16217,United Kingdom,6.19
581217,12/8/2019,22687,Doormat Christmas Village,6.19,1,16217,United Kingdom,6.19
581217,12/8/2019,22693,Grow A Flytrap Or Sunflower In Tin,6.19,5,16217,United Kingdom,30.95
581217,12/8/2019,22694,Wicker Star,6.19,3,16217,United Kingdom,18.57
581217,12/8/2019,22695,Wicker Wreath Small,6.19,1,16217,United Kingdom,6.19
581217,12/8/2019,22697,Green Regency Teacup And Saucer,6.19,5,16217,United Kingdom,30.95
581217,12/8/2019,22698,Pink Regency Teacup And Saucer,6.19,5,16217,United Kingdom,30.95
581217,12/8/2019,22699,Roses Regency Teacup And Saucer,6.19,6,16217,United Kingdom,37.14
581217,12/8/2019,22701,Pink Dog Bowl,6.19,2,16217,United Kingdom,12.38
581217,12/8/2019,22703,Pink Cat Bowl,6.19,6,16217,United Kingdom,37.14
581217,12/8/2019,22713,Card I Love London,6.19,1,16217,United Kingdom,6.19
581217,12/8/2019,22714,Card Birthday Cowboy,6.19,3,16217,United Kingdom,18.57
581217,12/8/2019,22716,Card Circus Parade,6.19,1,16217,United Kingdom,6.19
581217,12/8/2019,22717,Card Dog And Ball,6.19,1,16217,United Kingdom,6.19
581217,12/8/2019,22720,Set Of 3 Cake Tins Pantry Design,6.19,2,16217,United Kingdom,12.38
581217,12/8/2019,22722,Set Of 6 Spice Tins Pantry Design,6.19,1,16217,United Kingdom,6.19
581217,12/8/2019,22725,Alarm Clock Bakelike Chocolate,6.19,1,16217,United Kingdom,6.19
581217,12/8/2019,22726,Alarm Clock Bakelike Green,6.19,1,16217,United Kingdom,6.19
581217,12/8/2019,22728,Alarm Clock Bakelike Pink,6.19,1,16217,United Kingdom,6.19
581217,12/8/2019,22734,Set Of 6 Ribbons Vintage Christmas,6.19,1,16217,United Kingdom,6.19
581217,12/8/2019,22735,Ribbon Reel Socks And Mittens,6.19,1,16217,United Kingdom,6.19
581217,12/8/2019,22736,Ribbon Reel Making Snowmen,6.19,1,16217,United Kingdom,6.19
581217,12/8/2019,22739,Ribbon Reel Christmas Sock Bauble,6.19,1,16217,United Kingdom,6.19
581217,12/8/2019,22741,Funky Diva Pen,6.19,4,16217,United Kingdom,24.76
581217,12/8/2019,22743,Make Your Own Flowerpower Card Kit,6.19,1,16217,United Kingdom,6.19
581217,12/8/2019,22749,Feltcraft Princess Charlotte Doll,6.19,1,16217,United Kingdom,6.19
581217,12/8/2019,22750,Feltcraft Princess Lola Doll,6.19,2,16217,United Kingdom,12.38
581217,12/8/2019,22751,Feltcraft Princess Olivia Doll,7.24,3,16217,United Kingdom,21.72
581217,12/8/2019,22753,Small Yellow Babushka Notebook,7.24,1,16217,United Kingdom,7.24
581217,12/8/2019,22754,Small Red Babushka Notebook,7.24,1,16217,United Kingdom,7.24
581217,12/8/2019,22755,Small Purple Babushka Notebook,7.24,2,16217,United Kingdom,14.48
581217,12/8/2019,22756,Large Yellow Babushka Notebook,7.24,2,16217,United Kingdom,14.48
581217,12/8/2019,22758,Large Purple Babushka Notebook,7.24,2,16217,United Kingdom,14.48
581217,12/8/2019,22763,Key Cabinet Ma Campagne,7.24,1,16217,United Kingdom,7.24
581217,12/8/2019,22771,Clear Drawer Knob Acrylic Edwardian,6.19,13,16217,United Kingdom,80.47
581217,12/8/2019,22791,T-Light Glass Fluted Antique,6.19,5,16217,United Kingdom,30.95
581217,12/8/2019,22792,Fluted Antique Candle Holder,6.19,4,16217,United Kingdom,24.76
581217,12/8/2019,22795,Sweetheart Recipe Book Stand,6.19,1,16217,United Kingdom,6.19
581217,12/8/2019,22798,Antique Glass Dressing Table Pot,6.19,3,16217,United Kingdom,18.57
581217,12/8/2019,22805,Blue Drawer Knob Acrylic Edwardian,6.19,11,16217,United Kingdom,68.09
581217,12/8/2019,22809,Set Of 6 T-Lights Santa,6.19,1,16217,United Kingdom,6.19
581217,12/8/2019,22814,Card Party Games,6.19,9,16217,United Kingdom,55.71
581217,12/8/2019,22815,Card Psychedelic Apples,6.19,3,16217,United Kingdom,18.57
581217,12/8/2019,22816,Card Motorbike Santa,6.19,3,16217,United Kingdom,18.57
581217,12/8/2019,22817,Card Suki Birthday,6.19,11,16217,United Kingdom,68.09
581217,12/8/2019,22818,Card Christmas Village,6.19,6,16217,United Kingdom,37.14
581217,12/8/2019,22819,Birthday Card Retro Spot,6.04,3,16217,United Kingdom,18.12
581217,12/8/2019,22835,Hot Water Bottle I Am So Poorly,6.19,2,16217,United Kingdom,12.38
581217,12/8/2019,22841,Round Cake Tin Vintage Green,6.19,1,16217,United Kingdom,6.19
581217,12/8/2019,22865,Hand Warmer Owl Design,6.19,2,16217,United Kingdom,12.38
581217,12/8/2019,22866,Hand Warmer Scotty Dog Design,6.19,3,16217,United Kingdom,18.57
581217,12/8/2019,22867,Hand Warmer Bird Design,6.19,1,16217,United Kingdom,6.19
581217,12/8/2019,22872,Number Tile Cottage Garden 4,6.19,1,16217,United Kingdom,6.19
581217,12/8/2019,22875,Number Tile Cottage Garden 7,6.19,1,16217,United Kingdom,6.19
581217,12/8/2019,22895,Set Of 2 Tea Towels Apple And Pears,6.19,1,16217,United Kingdom,6.19
581217,12/8/2019,22898,Childrens Apron Apples Design,6.19,2,16217,United Kingdom,12.38
581217,12/8/2019,22903,Calendar Family Favourites,6.19,1,16217,United Kingdom,6.19
581217,12/8/2019,22905,Calendar In Season Design,6.19,2,16217,United Kingdom,12.38
581217,12/8/2019,22909,Set Of 20 Vintage Christmas Napkins,6.19,4,16217,United Kingdom,24.76
581217,12/8/2019,22910,Paper Chain Kit Vintage Christmas,6.19,5,16217,United Kingdom,30.95
581217,12/8/2019,22916,Herb Marker Thyme,6.19,3,16217,United Kingdom,18.57
581217,12/8/2019,22917,Herb Marker Rosemary,6.19,1,16217,United Kingdom,6.19
581217,12/8/2019,22918,Herb Marker Parsley,6.19,2,16217,United Kingdom,12.38
581217,12/8/2019,22919,Herb Marker Mint,6.19,1,16217,United Kingdom,6.19
581217,12/8/2019,22920,Herb Marker Basil,6.19,1,16217,United Kingdom,6.19
581217,12/8/2019,22921,Herb Marker Chives,6.19,2,16217,United Kingdom,12.38
581217,12/8/2019,22935,Baking Mould Rose Milk Chocolate,6.19,1,16217,United Kingdom,6.19
581217,12/8/2019,22940,Feltcraft Christmas Fairy,6.19,1,16217,United Kingdom,6.19
581217,12/8/2019,22941,Christmas Lights 10 Reindeer,6.19,1,16217,United Kingdom,6.19
581217,12/8/2019,22942,Christmas Lights 10 Santas,6.19,1,16217,United Kingdom,6.19
581217,12/8/2019,22944,Christmas Metal Postcard With Bells,6.19,12,16217,United Kingdom,74.28
581217,12/8/2019,22952,60 Cake Cases Vintage Christmas,6.19,9,16217,United Kingdom,55.71
581217,12/8/2019,22960,Jam Making Set With Jars,6.19,3,16217,United Kingdom,18.57
581217,12/8/2019,22961,Jam Making Set Printed,6.19,10,16217,United Kingdom,61.9
581217,12/8/2019,22963,Jam Jar With Green Lid,6.19,1,16217,United Kingdom,6.19
581217,12/8/2019,22964,3 Piece Spaceboy Cookie Cutter Set,6.19,1,16217,United Kingdom,6.19
581217,12/8/2019,22966,Gingerbread Man Cookie Cutter,6.19,2,16217,United Kingdom,12.38
581217,12/8/2019,22969,Homemade Jam Scented Candles,6.19,3,16217,United Kingdom,18.57
581217,12/8/2019,22970,London Bus Coffee Mug,6.19,1,16217,United Kingdom,6.19
581217,12/8/2019,22974,Childrens Dolly Girl Mug,6.19,2,16217,United Kingdom,12.38
581217,12/8/2019,22975,Spaceboy Childrens Egg Cup,6.19,2,16217,United Kingdom,12.38
581217,12/8/2019,22978,Pantry Rolling Pin,6.19,1,16217,United Kingdom,6.19
581217,12/8/2019,22980,Pantry Scrubbing Brush,6.19,1,16217,United Kingdom,6.19
581217,12/8/2019,22983,Card Billboard Font,6.19,1,16217,United Kingdom,6.19
581217,12/8/2019,22988,Soldiers Egg Cup,6.19,1,16217,United Kingdom,6.19
581217,12/8/2019,22989,Set 2 Pantry Design Tea Towels,6.19,2,16217,United Kingdom,12.38
581217,12/8/2019,22993,Set Of 4 Pantry Jelly Moulds,6.19,2,16217,United Kingdom,12.38
581217,12/8/2019,22994,Travel Card Wallet Retrospot,6.19,1,16217,United Kingdom,6.19
581217,12/8/2019,22995,Travel Card Wallet Suki,6.19,1,16217,United Kingdom,6.19
581217,12/8/2019,22996,Travel Card Wallet Vintage Ticket,6.19,1,16217,United Kingdom,6.19
581217,12/8/2019,22998,Travel Card Wallet Keep Calm,7.24,7,16217,United Kingdom,50.68
581217,12/8/2019,22999,Travel Card Wallet Vintage Leaf,7.24,1,16217,United Kingdom,7.24
581217,12/8/2019,23000,Travel Card Wallet Transport,7.24,1,16217,United Kingdom,7.24
581217,12/8/2019,23004,Travel Card Wallet Pantry,7.24,3,16217,United Kingdom,21.72
581217,12/8/2019,23005,Travel Card Wallet I Love London,7.24,1,16217,United Kingdom,7.24
581217,12/8/2019,23007,Spaceboy Baby Gift Set,7.24,1,16217,United Kingdom,7.24
581217,12/8/2019,23012,Glass Apothecary Bottle Perfume,7.24,3,16217,United Kingdom,21.72
581217,12/8/2019,23013,Glass Apothecary Bottle Tonic,7.24,1,16217,United Kingdom,7.24
581217,12/8/2019,23014,Glass Apothecary Bottle Elixir,7.24,2,16217,United Kingdom,14.48
581217,12/8/2019,23017,Apothecary Measuring Jar,7.24,3,16217,United Kingdom,21.72
581217,12/8/2019,23061,Vintage Embossed Heart,7.24,1,16217,United Kingdom,7.24
581217,12/8/2019,23082,Set 6 Paper Table Lantern Hearts,7.24,4,16217,United Kingdom,28.96
581217,12/8/2019,23083,Set 6 Paper Table Lantern Stars,7.24,2,16217,United Kingdom,14.48
581217,12/8/2019,23084,Rabbit Night Light,7.24,40,16217,United Kingdom,289.6
581217,12/8/2019,23087,Zinc Heart T-Light Holder,7.24,2,16217,United Kingdom,14.48
581217,12/8/2019,23089,Glass Bon Bon Jar,7.24,2,16217,United Kingdom,14.48
581217,12/8/2019,23100,Silver Bells Table Decoration,7.24,1,16217,United Kingdom,7.24
581217,12/8/2019,23112,Parisienne Curio Cabinet,6.19,1,16217,United Kingdom,6.19
581217,12/8/2019,23119,Pack Of 6 Large Fruit Straws,6.19,1,16217,United Kingdom,6.19
581217,12/8/2019,23133,Large Ivory Heart Wall Organiser,6.19,1,16217,United Kingdom,6.19
581217,12/8/2019,23144,Zinc T-Light Holder Stars Small,6.19,1,16217,United Kingdom,6.19
581217,12/8/2019,23158,Set Of 5 Lucky Cat Magnets,6.19,2,16217,United Kingdom,12.38
581217,12/8/2019,23160,Regency Tea Spoon,6.19,6,16217,United Kingdom,37.14
581217,12/8/2019,23161,Regency Cake Fork,6.19,6,16217,United Kingdom,37.14
581217,12/8/2019,23164,Regency Cake Slice,6.19,1,16217,United Kingdom,6.19
581217,12/8/2019,23168,Classic Cafe Sugar Dispenser,6.19,1,16217,United Kingdom,6.19
581217,12/8/2019,23170,Regency Tea Plate Roses,6.19,3,16217,United Kingdom,18.57
581217,12/8/2019,23171,Regency Tea Plate Green,6.19,3,16217,United Kingdom,18.57
581217,12/8/2019,23172,Regency Tea Plate Pink,6.19,3,16217,United Kingdom,18.57
581217,12/8/2019,23173,Regency Teapot Roses,6.19,1,16217,United Kingdom,6.19
581217,12/8/2019,23174,Regency Sugar Bowl Green,6.19,2,16217,United Kingdom,12.38
581217,12/8/2019,23175,Regency Milk Jug Pink,6.19,1,16217,United Kingdom,6.19
581217,12/8/2019,23177,Treasure Island Book Box,6.19,1,16217,United Kingdom,6.19
581217,12/8/2019,23178,Jam Clock Magnet,6.19,1,16217,United Kingdom,6.19
581217,12/8/2019,23182,Toilet Sign Occupied Or Vacant,6.19,4,16217,United Kingdom,24.76
581217,12/8/2019,23184,Bull Dog Bottle Opener,6.19,1,16217,United Kingdom,6.19
581217,12/8/2019,23188,Vintage 2 Metre Folding Ruler,6.19,1,16217,United Kingdom,6.19
581217,12/8/2019,23191,Bundle Of 3 Retro Note Books,6.19,1,16217,United Kingdom,6.19
581217,12/8/2019,23196,Vintage Leaf Magnetic Notepad,6.04,6,16217,United Kingdom,36.24
581217,12/8/2019,23197,Sketchbook Magnetic Shopping List,6.04,7,16217,United Kingdom,42.28
581217,12/8/2019,23198,Pantry Magnetic Shopping List,6.19,6,16217,United Kingdom,37.14
581217,12/8/2019,23210,White Rocking Horse Hand Painted,6.19,3,16217,United Kingdom,18.57
581217,12/8/2019,23211,Red Rocking Horse Hand Painted,6.19,2,16217,United Kingdom,12.38
581217,12/8/2019,23212,Heart Wreath Decoration With Bell,6.19,1,16217,United Kingdom,6.19
581217,12/8/2019,23213,Star Wreath Decoration With Bell,6.19,4,16217,United Kingdom,24.76
581217,12/8/2019,23214,Jingle Bell Heart Antique Gold,6.19,1,16217,United Kingdom,6.19
581217,12/8/2019,23216,Laurel Heart Antique Gold,6.19,1,16217,United Kingdom,6.19
581217,12/8/2019,23218,Laurel Star Antique Gold,6.19,1,16217,United Kingdom,6.19
581217,12/8/2019,23219,Laurel Star Antique Silver,6.19,2,16217,United Kingdom,12.38
581217,12/8/2019,23220,Reindeer Heart Decoration Gold,6.19,1,16217,United Kingdom,6.19
581217,12/8/2019,23221,Reindeer Heart Decoration Silver,6.19,1,16217,United Kingdom,6.19
581217,12/8/2019,23234,Biscuit Tin Vintage Christmas,6.19,1,16217,United Kingdom,6.19
581217,12/8/2019,23236,Storage Tin Vintage Doily,6.19,1,16217,United Kingdom,6.19
581217,12/8/2019,23241,Treasure Tin Gymkhana Design,6.19,1,16217,United Kingdom,6.19
581217,12/8/2019,23245,Set Of 3 Regency Cake Tins,6.19,1,16217,United Kingdom,6.19
581217,12/8/2019,23247,Biscuit Tin 50'S Christmas,6.19,2,16217,United Kingdom,12.38
581217,12/8/2019,23256,Childrens Cutlery Spaceboy,6.19,1,16217,United Kingdom,6.19
581217,12/8/2019,23263,Set Of 3 Wooden Heart Decorations,6.19,1,16217,United Kingdom,6.19
581217,12/8/2019,23264,Set Of 3 Wooden Sleigh Decorations,6.19,2,16217,United Kingdom,12.38
581217,12/8/2019,23265,Set Of 3 Wooden Tree Decorations,6.19,1,16217,United Kingdom,6.19
581217,12/8/2019,23266,Set Of 3 Wooden Stocking Decoration,6.19,1,16217,United Kingdom,6.19
581217,12/8/2019,23269,Set Of 2 Ceramic Christmas Trees,7.24,1,16217,United Kingdom,7.24
581217,12/8/2019,23273,Heart T-Light Holder Willie Winkie,7.24,5,16217,United Kingdom,36.2
581217,12/8/2019,23283,Doormat Vintage Leaf,7.24,1,16217,United Kingdom,7.24
581217,12/8/2019,23285,Pink Vintage Spot Beaker,7.24,2,16217,United Kingdom,14.48
581217,12/8/2019,23286,Blue Vintage Spot Beaker,7.24,1,16217,United Kingdom,7.24
581217,12/8/2019,23289,Dolly Girl Childrens Bowl,7.24,2,16217,United Kingdom,14.48
581217,12/8/2019,23292,Spaceboy Childrens Cup,7.24,2,16217,United Kingdom,14.48
581217,12/8/2019,23293,Set Of 12 Fairy Cake Baking Cases,7.24,4,16217,United Kingdom,28.96
581217,12/8/2019,23294,Set Of 6 Snack Loaf Baking Cases,7.24,1,16217,United Kingdom,7.24
581217,12/8/2019,23295,Set Of 12 Mini Loaf Baking Cases,7.24,2,16217,United Kingdom,14.48
581217,12/8/2019,23298,Spotty Bunting,7.24,2,16217,United Kingdom,14.48
581217,12/8/2019,23300,Gardeners Kneeling Pad Cup Of Tea,7.24,3,16217,United Kingdom,21.72
581217,12/8/2019,23301,Gardeners Kneeling Pad Keep Calm,7.24,3,16217,United Kingdom,21.72
581217,12/8/2019,23302,Kneeling Mat Housework Design,7.24,1,16217,United Kingdom,7.24
581217,12/8/2019,23307,Set Of 60 Pantry Design Cake Cases,7.24,3,16217,United Kingdom,21.72
581217,12/8/2019,23309,Set Of 60 I Love London Cake Cases,6.19,2,16217,United Kingdom,12.38
581217,12/8/2019,23313,Vintage Christmas Bunting,6.19,1,16217,United Kingdom,6.19
581217,12/8/2019,23318,Box Of 6 Mini Vintage Crackers,6.19,7,16217,United Kingdom,43.33
581217,12/8/2019,23322,Large White Heart Of Wicker,6.19,1,16217,United Kingdom,6.19
581217,12/8/2019,23328,Set 6 School Milk Bottles In Crate,6.19,10,16217,United Kingdom,61.9
581217,12/8/2019,23331,Decorative Wicker Heart Small,6.19,6,16217,United Kingdom,37.14
581217,12/8/2019,23332,Ivory Wicker Heart Large,6.19,1,16217,United Kingdom,6.19
581217,12/8/2019,23339,Egg Frying Pan Blue,6.19,1,16217,United Kingdom,6.19
581217,12/8/2019,23346,Spaceboy Beaker,6.02,1,16217,United Kingdom,6.02
581217,12/8/2019,23349,Roll Wrap Vintage Christmas,6.02,1,16217,United Kingdom,6.02
581217,12/8/2019,23351,Roll Wrap 50'S Christmas,6.02,3,16217,United Kingdom,18.06
581217,12/8/2019,23354,6 Gift Tags 50'S Christmas,6.02,1,16217,United Kingdom,6.02
581217,12/8/2019,23355,Hot Water Bottle Keep Calm,6.19,2,16217,United Kingdom,12.38
581217,12/8/2019,23356,Love Hot Water Bottle,6.19,1,16217,United Kingdom,6.19
581217,12/8/2019,23365,Set 12 Colour Pencils Love London,6.19,1,16217,United Kingdom,6.19
581217,12/8/2019,23366,Set 12 Colouring Pencils Doily,6.19,4,16217,United Kingdom,24.76
581217,12/8/2019,23367,Set 12 Colour Pencils Spaceboy,6.19,2,16217,United Kingdom,12.38
581217,12/8/2019,23368,Set 12 Colour Pencils Dolly Girl,6.19,1,16217,United Kingdom,6.19
581217,12/8/2019,23370,Set 36 Colouring Pencils Doily,6.19,5,16217,United Kingdom,30.95
581217,12/8/2019,23371,Set 36 Colour Pencils Spaceboy,6.19,1,16217,United Kingdom,6.19
581217,12/8/2019,23376,Pack Of 12 Vintage Christmas Tissue,6.19,1,16217,United Kingdom,6.19
581217,12/8/2019,23377,Pack Of 12 Dolly Girl Tissues,6.19,4,16217,United Kingdom,24.76
581217,12/8/2019,23378,Pack Of 12 50'S Christmas Tissues,6.19,3,16217,United Kingdom,18.57
581217,12/8/2019,23379,Pack Of 12 Red Apple Tissues,6.19,1,16217,United Kingdom,6.19
581217,12/8/2019,23380,Pack Of 12 Vintage Doily Tissues,6.19,1,16217,United Kingdom,6.19
581217,12/8/2019,23388,Woodland Mini Backpack,6.19,1,16217,United Kingdom,6.19
581217,12/8/2019,23390,Dolly Girl Mini Backpack,6.19,2,16217,United Kingdom,12.38
581217,12/8/2019,23392,Spaceboy Rocket Lolly Makers,6.19,5,16217,United Kingdom,30.95
581217,12/8/2019,23393,Home Sweet Home Cushion Cover,6.19,1,16217,United Kingdom,6.19
581217,12/8/2019,23395,Belle Jardiniere Cushion Cover,6.19,1,16217,United Kingdom,6.19
581217,12/8/2019,23397,Foot Stool Home Sweet Home,6.19,2,16217,United Kingdom,12.38
581217,12/8/2019,23398,Hanging Heart Bonheur,6.19,1,16217,United Kingdom,6.19
581217,12/8/2019,23399,Home Sweet Home Hanging Heart,6.19,1,16217,United Kingdom,6.19
581217,12/8/2019,23407,Set Of 2 Trays Home Sweet Home,6.19,1,16217,United Kingdom,6.19
581217,12/8/2019,23419,Home Sweet Home Bottle,6.19,3,16217,United Kingdom,18.57
581217,12/8/2019,23422,Pantry Hook Balloon Whisk,6.19,1,16217,United Kingdom,6.19
581217,12/8/2019,23423,Pantry 3 Hook Rolling Pin Hanger,6.19,1,16217,United Kingdom,6.19
581217,12/8/2019,23425,Storage Tin Home Sweet Home,6.04,2,16217,United Kingdom,12.08
581217,12/8/2019,23426,Metal Sign Drop Your Pants,6.19,1,16217,United Kingdom,6.19
581217,12/8/2019,23428,Ivory Retro Kitchen Wall Clock,6.19,1,16217,United Kingdom,6.19
581217,12/8/2019,23434,3 Raffia Ribbons 50'S Christmas,7.24,14,16217,United Kingdom,101.36
581217,12/8/2019,23435,3 Raffia Ribbons Vintage Christmas,7.24,1,16217,United Kingdom,7.24
581217,12/8/2019,23466,Tuscan Villa Dovecote Bird Feeder,7.24,1,16217,United Kingdom,7.24
581217,12/8/2019,23480,Mini Lights Woodland Mushrooms,6.19,2,16217,United Kingdom,12.38
581217,12/8/2019,23483,Hanging Butterfly T-Light Holder,7.24,1,16217,United Kingdom,7.24
581217,12/8/2019,23493,Vintage Doily Travel Sewing Kit,7.24,5,16217,United Kingdom,36.2
581217,12/8/2019,23494,Vintage Doily Deluxe Sewing Kit,7.24,1,16217,United Kingdom,7.24
581217,12/8/2019,23495,Set Of 3 Pantry Wooden Spoons,7.24,1,16217,United Kingdom,7.24
581217,12/8/2019,23496,Pantry Kitchen Thermometer,7.24,1,16217,United Kingdom,7.24
581217,12/8/2019,23497,Classic Chrome Bicycle Bell,7.24,3,16217,United Kingdom,21.72
581217,12/8/2019,23498,Classic Bicycle Clips,7.24,2,16217,United Kingdom,14.48
581217,12/8/2019,23504,Playing Cards Jubilee Union Jack,6.19,1,16217,United Kingdom,6.19
581217,12/8/2019,23509,Mini Playing Cards Fun Fair,7.24,1,16217,United Kingdom,7.24
581217,12/8/2019,23510,Mini Playing Cards Gymkhana,7.24,1,16217,United Kingdom,7.24
581217,12/8/2019,23511,Embroidered Ribbon Reel Emily,6.02,1,16217,United Kingdom,6.02
581217,12/8/2019,23526,Wall Art Dog Licence,6.02,2,16217,United Kingdom,12.04
581217,12/8/2019,23528,Wall Art Spaceboy,6.02,1,16217,United Kingdom,6.02
581217,12/8/2019,23529,Wall Art Dolly Girl,6.02,1,16217,United Kingdom,6.02
581217,12/8/2019,23530,Wall Art Only One Person,6.04,1,16217,United Kingdom,6.04
581217,12/8/2019,23534,Wall Art Stop For Tea,6.19,6,16217,United Kingdom,37.14
581217,12/8/2019,23535,Wall Art Bicycle Safety,6.19,4,16217,United Kingdom,24.76
581217,12/8/2019,23551,Pack Of 12 Paisley Park Tissues,6.19,1,16217,United Kingdom,6.19
581217,12/8/2019,23552,Bicycle Puncture Repair Kit,6.19,6,16217,United Kingdom,37.14
581217,12/8/2019,23554,Landmark Frame Oxford Street,6.19,1,16217,United Kingdom,6.19
581217,12/8/2019,23559,Woodland Bunnies Lolly Makers,6.19,3,16217,United Kingdom,18.57
581217,12/8/2019,23562,Set Of 6 Ribbons Perfectly Pretty,6.19,2,16217,United Kingdom,12.38
581217,12/8/2019,23564,Egg Cup Milkmaid Ingrid,6.19,1,16217,United Kingdom,6.19
581217,12/8/2019,23566,Egg Cup Milkmaid Heidi,6.19,3,16217,United Kingdom,18.57
581217,12/8/2019,23570,Traditional Pick Up Sticks Game,6.19,3,16217,United Kingdom,18.57
581217,12/8/2019,23571,Traditional Naughts & Crosses,6.19,1,16217,United Kingdom,6.19
581217,12/8/2019,23575,Snack Tray Paisley Park,6.19,1,16217,United Kingdom,6.19
581217,12/8/2019,23576,Snack Tray Red Vintage Doily,6.19,1,16217,United Kingdom,6.19
581217,12/8/2019,23579,Snack Tray I Love London,6.19,1,16217,United Kingdom,6.19
581217,12/8/2019,23603,Set 10 Card Kraft Reindeer 17084,6.19,2,16217,United Kingdom,12.38
581217,12/8/2019,23614,Set 10 Cards 12 Days Wrap 17058,6.19,1,16217,United Kingdom,6.19
581217,12/8/2019,23616,Set 10 Cards Jingle Bells 17217,6.19,1,16217,United Kingdom,6.19
581217,12/8/2019,23636,Set 10 Cards Wishing Tree 17116,6.04,2,16217,United Kingdom,12.08
581217,12/8/2019,23645,Set 10 Christmas Cards Hohoho 16956,6.19,2,16217,United Kingdom,12.38
581217,12/8/2019,23661,Milk Maids Mug,6.19,3,16217,United Kingdom,18.57
581217,12/8/2019,23694,Paisley Park Card,6.19,1,16217,United Kingdom,6.19
581217,12/8/2019,35095A,Blue Victorian Fabric Oval Box,6.19,3,16217,United Kingdom,18.57
581217,12/8/2019,35095B,Red Victorian Fabric Oval Box,6.19,1,16217,United Kingdom,6.19
581217,12/8/2019,35646,Vintage Bead Pink Evening Bag,6.19,2,16217,United Kingdom,12.38
581217,12/8/2019,35953,Folkart Star Christmas Decorations,6.19,12,16217,United Kingdom,74.28
581217,12/8/2019,35961,Folkart Zinc Heart Christmas Dec,6.19,3,16217,United Kingdom,18.57
581217,12/8/2019,35964,Folkart Clip On Stars,6.19,3,16217,United Kingdom,18.57
581217,12/8/2019,35967,Folk Art Metal Star T-Light Holder,6.19,1,16217,United Kingdom,6.19
581217,12/8/2019,35970,Zinc Folkart Sleigh Bells,6.04,2,16217,United Kingdom,12.08
581217,12/8/2019,46776B,Woven Berries Cushion Cover,6.19,2,16217,United Kingdom,12.38
581217,12/8/2019,46776D,Woven Sunset Cushion Cover,6.19,1,16217,United Kingdom,6.19
581217,12/8/2019,46776F,Woven Rose Garden Cushion Cover,6.19,1,16217,United Kingdom,6.19
581217,12/8/2019,47471,Rainbow Pegs Photo Clip String,6.19,1,16217,United Kingdom,6.19
581217,12/8/2019,47504H,English Rose Spirit Level,6.19,1,16217,United Kingdom,6.19
581217,12/8/2019,47566,Party Bunting,6.19,1,16217,United Kingdom,6.19
581217,12/8/2019,47593B,Scottie Dogs Baby Bib,6.19,3,16217,United Kingdom,18.57
581217,12/8/2019,48129,Doormat Topiary,6.19,1,16217,United Kingdom,6.19
581217,12/8/2019,48173C,Doormat Black Flock,6.19,1,16217,United Kingdom,6.19
581217,12/8/2019,51014C,Feather Pen Coal Black,6.19,2,16217,United Kingdom,12.38
581217,12/8/2019,72122,Coffee Scent Pillar Candle,6.19,1,16217,United Kingdom,6.19
581217,12/8/2019,72131,Columbian Candle Rectangle,6.19,2,16217,United Kingdom,12.38
581217,12/8/2019,72132,Columbian Cube Candle,6.19,4,16217,United Kingdom,24.76
581217,12/8/2019,72799E,Ivory Pillar Candle Silver Flock,6.19,3,16217,United Kingdom,18.57
581217,12/8/2019,72800E,4 Ivory Dinner Candles Silver Flock,6.19,3,16217,United Kingdom,18.57
581217,12/8/2019,79144B,Painted Lightbulb Star+ Moon,6.19,1,16217,United Kingdom,6.19
581217,12/8/2019,79144C,Painted Lightbulb Rainbow Design,6.19,1,16217,United Kingdom,6.19
581217,12/8/2019,79321,Chilli Lights,6.19,2,16217,United Kingdom,12.38
581217,12/8/2019,82001S,Silver Record Cover Frame,6.19,1,16217,United Kingdom,6.19
581217,12/8/2019,82484,Wood Black Board Ant White Finish,7.24,1,16217,United Kingdom,7.24
581217,12/8/2019,82567,Airline Lounge Metal Sign,7.24,1,16217,United Kingdom,7.24
581217,12/8/2019,21171,Bathroom Metal Sign,7.24,2,16217,United Kingdom,14.48
581217,12/8/2019,82616B,Frappucino Scarf Knitting Kit,7.24,1,16217,United Kingdom,7.24
581217,12/8/2019,82616C,Midnight Glamour Scarf Knitting Kit,7.24,1,16217,United Kingdom,7.24
581217,12/8/2019,84030E,English Rose Hot Water Bottle,7.24,1,16217,United Kingdom,7.24
581217,12/8/2019,84031A,Charlie+Lola Red Hot Water Bottle,7.24,3,16217,United Kingdom,21.72
581217,12/8/2019,84032A,Charlie+Lola Pink Hot Water Bottle,7.24,4,16217,United Kingdom,28.96
581217,12/8/2019,84032B,Charlie + Lola Red Hot Water Bottle,7.24,4,16217,United Kingdom,28.96
581217,12/8/2019,84078A,Set/4 White Retro Storage Cubes,7.24,1,16217,United Kingdom,7.24
581217,12/8/2019,84347,Rotating Silver Angels T-Light Hldr,7.24,1,16217,United Kingdom,7.24
581217,12/8/2019,84375,Set Of 20 Kids Cookie Cutters,7.24,3,16217,United Kingdom,21.72
581217,12/8/2019,84378,Set Of 3 Heart Cookie Cutters,7.24,2,16217,United Kingdom,14.48
581217,12/8/2019,84380,Set Of 3 Butterfly Cookie Cutters,7.24,9,16217,United Kingdom,65.16
581217,12/8/2019,84535B,Fairy Cakes Notebook A6 Size,7.24,1,16217,United Kingdom,7.24
581217,12/8/2019,84559A,3d Sheet Of Dog Stickers,7.24,1,16217,United Kingdom,7.24
581217,12/8/2019,84568,Girls Alphabet Iron On Patches,7.24,50,16217,United Kingdom,362
581217,12/8/2019,84598,Boys Alphabet Iron On Patches,7.24,11,16217,United Kingdom,79.64
581217,12/8/2019,84692,Box Of 24 Cocktail Parasols,7.24,2,16217,United Kingdom,14.48
581217,12/8/2019,84755,Colour Glass T-Light Holder Hanging,7.24,4,16217,United Kingdom,28.96
581217,12/8/2019,84792,Enchanted Bird Coathanger 5 Hook,7.24,1,16217,United Kingdom,7.24
581217,12/8/2019,84879,Assorted Colour Bird Ornament,7.24,8,16217,United Kingdom,57.92
581217,12/8/2019,84923,Pink Butterfly Handbag W Bobbles,7.24,2,16217,United Kingdom,14.48
581217,12/8/2019,84946,Antique Silver T-Light Glass,7.24,14,16217,United Kingdom,101.36
581217,12/8/2019,84968D,Set Of 16 Vintage Red Cutlery,6.19,1,16217,United Kingdom,6.19
581217,12/8/2019,84970L,Single Heart Zinc T-Light Holder,6.19,4,16217,United Kingdom,24.76
581217,12/8/2019,84971S,Small Heart Flowers Hook,6.19,4,16217,United Kingdom,24.76
581217,12/8/2019,84978,Hanging Heart Jar T-Light Holder,6.19,2,16217,United Kingdom,12.38
581217,12/8/2019,84991,60 Teatime Fairy Cake Cases,6.19,2,16217,United Kingdom,12.38
581217,12/8/2019,84992,72 Sweetheart Fairy Cake Cases,6.19,2,16217,United Kingdom,12.38
581217,12/8/2019,85014B,Red Retrospot Umbrella,6.19,1,16217,United Kingdom,6.19
581217,12/8/2019,85032B,Blossom Images Gift Wrap Set,6.19,2,16217,United Kingdom,12.38
581217,12/8/2019,85032C,Curious Images Gift Wrap Set,6.19,4,16217,United Kingdom,24.76
581217,12/8/2019,85034B,3 White Choc Morris Boxed Candles,6.19,2,16217,United Kingdom,12.38
581217,12/8/2019,85039A,Set/4 Red Mini Rose Candle In Bowl,6.19,4,16217,United Kingdom,24.76
581217,12/8/2019,85039B,S/4 Ivory Mini Rose Candle In Bowl,6.19,3,16217,United Kingdom,18.57
581217,12/8/2019,85040A,S/4 Pink Flower Candles In Bowl,6.19,1,16217,United Kingdom,6.19
581217,12/8/2019,85049A,Traditional Christmas Ribbons,6.19,1,16217,United Kingdom,6.19
581217,12/8/2019,85049H,Urban Black Ribbons,6.19,4,16217,United Kingdom,24.76
581217,12/8/2019,85053,French Enamel Candleholder,6.19,12,16217,United Kingdom,74.28
581217,12/8/2019,85066,Cream Sweetheart Mini Chest,6.19,1,16217,United Kingdom,6.19
581217,12/8/2019,85094,Candy Spot Egg Warmer Rabbit,6.19,2,16217,United Kingdom,12.38
581217,12/8/2019,85123A,Cream Hanging Heart T-Light Holder,6.19,1,16217,United Kingdom,6.19
581217,12/8/2019,85129C,Beaded Crystal Heart Blue Small,6.19,1,16217,United Kingdom,6.19
581217,12/8/2019,85150,Ladies & Gentlemen Metal Sign,6.19,1,16217,United Kingdom,6.19
581217,12/8/2019,85152,Hand Over The Chocolate Sign,6.19,2,16217,United Kingdom,12.38
581217,12/8/2019,85170C,Set/6 Eau De Nil Bird T-Lights,6.19,1,16217,United Kingdom,6.19
581217,12/8/2019,85170D,Set/6 Pink Bird T-Light Candles,6.19,2,16217,United Kingdom,12.38
581217,12/8/2019,85173,Set/6 Frog Prince T-Light Candles,6.19,1,16217,United Kingdom,6.19
581217,12/8/2019,85174,S/4 Cacti Candles,6.19,1,16217,United Kingdom,6.19
581217,12/8/2019,85176,Sewing Susan 21 Needle Set,6.19,3,16217,United Kingdom,18.57
581217,12/8/2019,85177,Basket Of Flowers Sewing Kit,6.19,3,16217,United Kingdom,18.57
581217,12/8/2019,85179A,Green Bitty Light Chain,6.19,3,16217,United Kingdom,18.57
581217,12/8/2019,85179C,Pink Bitty Light Chain,6.19,1,16217,United Kingdom,6.19
581217,12/8/2019,85184C,Set 4 Valentine Decoupage Heart Box,6.19,1,16217,United Kingdom,6.19
581217,12/8/2019,85227,Set Of 6 3d Kit Cards For Kids,6.19,1,16217,United Kingdom,6.19
581217,12/8/2019,90003E,Green Pair Heart Hair Slides,6.19,1,16217,United Kingdom,6.19
581217,12/8/2019,90014A,Silver Mop Orbit Necklace,6.19,1,16217,United Kingdom,6.19
581217,12/8/2019,90018A,Silver Mop Orbit Drop Earrings,6.19,1,16217,United Kingdom,6.19
581217,12/8/2019,90019C,Silver Black Orbit Bracelet,6.19,2,16217,United Kingdom,12.38
581217,12/8/2019,90022,Edwardian Drop Earrings Jet Black,6.19,1,16217,United Kingdom,6.19
581217,12/8/2019,90054,Cracked Glaze Earrings Red,6.19,1,16217,United Kingdom,6.19
581217,12/8/2019,90082A,Diamante Bow Brooch Green Colour,6.19,2,16217,United Kingdom,12.38
581217,12/8/2019,90120C,Green Murano Twist Bracelet,6.19,1,16217,United Kingdom,6.19
581217,12/8/2019,90146,Fine Silver Necklace W Pastel Flowe,6.19,1,16217,United Kingdom,6.19
581217,12/8/2019,90158,St Tropez Necklace,6.19,1,16217,United Kingdom,6.19
581217,12/8/2019,90161B,Ant Copper Turq Boudicca Bracelet,6.19,2,16217,United Kingdom,12.38
581217,12/8/2019,90174,Butterfly Hair Band,6.04,1,16217,United Kingdom,6.04
581217,12/8/2019,90181B,Amethyst Glass/Shell/Pearl Necklace,6.04,1,16217,United Kingdom,6.04
581217,12/8/2019,90182B,Amethyst 3 Bead Drop Earrings,6.04,1,16217,United Kingdom,6.04
581217,12/8/2019,90182C,Black 3 Bead Drop Earrings,6.19,1,16217,United Kingdom,6.19
581217,12/8/2019,90198A,Vintage Rose Bead Bracelet Raspberr,6.19,2,16217,United Kingdom,12.38
581217,12/8/2019,90200D,Pink Sweetheart Bracelet,6.19,1,16217,United Kingdom,6.19
581217,12/8/2019,90200E,Green Sweetheart Bracelet,6.04,1,16217,United Kingdom,6.04
581217,12/8/2019,90201C,Red Enamel Flower Ring,6.19,1,16217,United Kingdom,6.19
581217,12/8/2019,90202A,Purple Enamel Flower Hair Tie,6.19,1,16217,United Kingdom,6.19
581217,12/8/2019,90208,Pair Of Pink Flower Cluster Slide,6.19,3,16217,United Kingdom,18.57
581217,12/8/2019,90210C,Red Acrylic Faceted Bangle,6.19,1,16217,United Kingdom,6.19
581217,12/8/2019,23103,Jingle Bell Heart Decoration,6.19,3,16217,United Kingdom,18.57
581217,12/8/2019,23382,Box Of 6 Christmas Cake Decorations,6.19,4,16217,United Kingdom,24.76
581217,12/8/2019,21705,Bag 500g Swirly Marbles,6.19,13,16217,United Kingdom,80.47
581217,12/8/2019,23389,Spaceboy Mini Backpack,6.19,5,16217,United Kingdom,30.95
581217,12/8/2019,20712,Jumbo Bag Woodland Animals,6.19,2,16217,United Kingdom,12.38
581217,12/8/2019,20713,Jumbo Bag Owls,6.19,1,16217,United Kingdom,6.19
581217,12/8/2019,21928,Jumbo Bag Scandinavian Blue Paisley,6.19,1,16217,United Kingdom,6.19
581217,12/8/2019,21929,Jumbo Bag Pink Vintage Paisley,6.19,1,16217,United Kingdom,6.19
581217,12/8/2019,23199,Jumbo Bag Apples,6.19,2,16217,United Kingdom,12.38
581217,12/8/2019,23200,Jumbo Bag Pears,6.19,2,16217,United Kingdom,12.38
581217,12/8/2019,23201,Jumbo Bag Alphabet,6.19,1,16217,United Kingdom,6.19
581217,12/8/2019,23202,Jumbo Bag Vintage Leaf,6.19,2,16217,United Kingdom,12.38
581217,12/8/2019,23203,Jumbo Bag Vintage Doily,6.19,3,16217,United Kingdom,18.57
581217,12/8/2019,23343,Jumbo Bag Vintage Christmas,6.19,1,16217,United Kingdom,6.19
581217,12/8/2019,23344,Jumbo Bag 50'S Christmas,6.19,13,16217,United Kingdom,80.47
581217,12/8/2019,23581,Jumbo Bag Paisley Park,6.19,1,16217,United Kingdom,6.19
581217,12/8/2019,85099B,Jumbo Bag Red Retrospot,6.19,6,16217,United Kingdom,37.14
581217,12/8/2019,85099C,Jumbo Bag Baroque Black White,6.19,2,16217,United Kingdom,12.38
581217,12/8/2019,23582,Vintage Doily Jumbo Bag Red,6.19,6,16217,United Kingdom,37.14
581217,12/8/2019,20726,Lunch Bag Woodland,6.19,1,16217,United Kingdom,6.19
581217,12/8/2019,20727,Lunch Bag Black Skull,6.19,3,16217,United Kingdom,18.57
581217,12/8/2019,22383,Lunch Bag Suki Design,6.19,4,16217,United Kingdom,24.76
581217,12/8/2019,23206,Lunch Bag Apple Design,6.19,5,16217,United Kingdom,30.95
581217,12/8/2019,23207,Lunch Bag Alphabet Design,6.19,1,16217,United Kingdom,6.19
581217,12/8/2019,23208,Lunch Bag Vintage Leaf Design,6.19,2,16217,United Kingdom,12.38
581217,12/8/2019,23209,Lunch Bag Vintage Doily,6.19,1,16217,United Kingdom,6.19
581217,12/8/2019,23583,Lunch Bag Paisley Park,6.19,1,16217,United Kingdom,6.19
581217,12/8/2019,20728,Lunch Bag Cars Blue,6.19,8,16217,United Kingdom,49.52
581217,12/8/2019,16168M,Funky Monkey Gift Bag Medium,6.19,1,16217,United Kingdom,6.19
581217,12/8/2019,22821,Gift Bag Psychedelic Apples,6.19,1,16217,United Kingdom,6.19
581217,12/8/2019,23436,Vintage Christmas Gift Bag Large,7.24,2,16217,United Kingdom,14.48
581218,12/8/2019,21111,Swiss Roll Towel Chocolate Spots,7.24,24,14191,United Kingdom,173.76
581218,12/8/2019,21109,Large Cake Towel Chocolate Spots,7.24,12,14191,United Kingdom,86.88
581218,12/8/2019,21285,Retrospot Candle Medium,7.24,12,14191,United Kingdom,86.88
581218,12/8/2019,21441,Blue Birdhouse Decoration,7.24,24,14191,United Kingdom,173.76
581218,12/8/2019,22057,Ceramic Plate Strawberry Design,7.24,32,14191,United Kingdom,231.68
581218,12/8/2019,22059,Ceramic Strawberry Design Mug,7.24,24,14191,United Kingdom,173.76
581218,12/8/2019,22061,Large Cake Stand Hanging Strawbery,7.24,8,14191,United Kingdom,57.92
581218,12/8/2019,22055,Mini Cake Stand Hanging Strawbery,7.24,16,14191,United Kingdom,115.84
581218,12/8/2019,22063,Ceramic Bowl With Strawberry Design,7.24,18,14191,United Kingdom,130.32
581218,12/8/2019,22072,Red Retrospot Tea Cup And Saucer,7.24,12,14191,United Kingdom,86.88
581218,12/8/2019,22199,Frying Pan Red Retrospot,7.24,6,14191,United Kingdom,43.44
581218,12/8/2019,22200,Frying Pan Pink Polkadot,7.24,6,14191,United Kingdom,43.44
581218,12/8/2019,22201,Frying Pan Blue Polkadot,7.24,6,14191,United Kingdom,43.44
581218,12/8/2019,22203,Milk Pan Red Retrospot,7.24,6,14191,United Kingdom,43.44
581218,12/8/2019,22204,Milk Pan Blue Polkadot,7.24,6,14191,United Kingdom,43.44
581218,12/8/2019,22220,Cake Stand Lovebird 2 Tier White,6.19,6,14191,United Kingdom,37.14
581218,12/8/2019,22215,Cake Stand White Two Tier Lace,6.19,6,14191,United Kingdom,37.14
581218,12/8/2019,22221,Cake Stand Lovebird 2 Tier Pink,6.19,6,14191,United Kingdom,37.14
581218,12/8/2019,22319,Hairclips Forties Fabric Assorted,6.19,72,14191,United Kingdom,445.68
581218,12/8/2019,84817,Danish Rose Decorative Plate,6.19,24,14191,United Kingdom,148.56
581218,12/8/2019,84819,Danish Rose Round Sewing Box,6.19,16,14191,United Kingdom,99.04
581218,12/8/2019,84820,Danish Rose Trinket Trays,6.19,16,14191,United Kingdom,99.04
581218,12/8/2019,84821,Danish Rose Deluxe Coaster,6.19,24,14191,United Kingdom,148.56
581218,12/8/2019,23552,Bicycle Puncture Repair Kit,6.19,6,14191,United Kingdom,37.14
581218,12/8/2019,22356,Charlotte Bag Pink Polkadot,6.19,10,14191,United Kingdom,61.9
581218,12/8/2019,20724,Red Retrospot Charlotte Bag,6.19,10,14191,United Kingdom,61.9
581218,12/8/2019,21108,Fairy Cake Flannel Assorted Colour,6.19,18,14191,United Kingdom,111.42
581218,12/8/2019,23582,Vintage Doily Jumbo Bag Red,6.19,10,14191,United Kingdom,61.9
581218,12/8/2019,23201,Jumbo Bag Alphabet,6.19,10,14191,United Kingdom,61.9
581218,12/8/2019,23581,Jumbo Bag Paisley Park,6.19,10,14191,United Kingdom,61.9
581218,12/8/2019,23583,Lunch Bag Paisley Park,6.19,10,14191,United Kingdom,61.9
581218,12/8/2019,20725,Lunch Bag Red Retrospot,6.19,10,14191,United Kingdom,61.9
581219,12/8/2019,22580,Advent Calendar Gingham Sack,6.19,8,16219,United Kingdom,49.52
581219,12/8/2019,22581,Wood Stocking Christmas Scandispot,6.02,10,16219,United Kingdom,60.2
581219,12/8/2019,22582,Pack Of 6 Sweetie Gift Boxes,6.02,1,16219,United Kingdom,6.02
581219,12/8/2019,22586,Feltcraft Hairband Pink And Blue,6.02,1,16219,United Kingdom,6.02
581219,12/8/2019,22587,Feltcraft Hairband Red And Blue,6.19,1,16219,United Kingdom,6.19
581219,12/8/2019,22589,Cardholder Gingham Star,6.19,2,16219,United Kingdom,12.38
581219,12/8/2019,22591,Cardholder Gingham Christmas Tree,6.19,1,16219,United Kingdom,6.19
581219,12/8/2019,22592,Cardholder Holly Wreath Metal,6.19,3,16219,United Kingdom,18.57
581219,12/8/2019,22593,Christmas Gingham Star,6.19,9,16219,United Kingdom,55.71
581219,12/8/2019,22594,Christmas Gingham Tree,6.19,10,16219,United Kingdom,61.9
581219,12/8/2019,22597,Musical Zinc Heart Decoration,6.19,7,16219,United Kingdom,43.33
581219,12/8/2019,22598,Christmas Musical Zinc Tree,6.19,8,16219,United Kingdom,49.52
581219,12/8/2019,22599,Christmas Musical Zinc Star,6.19,6,16219,United Kingdom,37.14
581219,12/8/2019,22600,Christmas Retrospot Star Wood,6.19,1,16219,United Kingdom,6.19
581219,12/8/2019,22603,Christmas Retrospot Tree Wood,6.19,1,16219,United Kingdom,6.19
581219,12/8/2019,22604,Set Of 4 Napkin Charms Cutlery,6.19,2,16219,United Kingdom,12.38
581219,12/8/2019,22608,Pens Assorted Funky Jeweled,6.19,2,16219,United Kingdom,12.38
581219,12/8/2019,22609,Pens Assorted Spaceball,6.19,2,16219,United Kingdom,12.38
581219,12/8/2019,22619,Set Of 6 Soldier Skittles,6.19,2,16219,United Kingdom,12.38
581219,12/8/2019,22620,4 Traditional Spinning Tops,6.04,6,16219,United Kingdom,36.24
581219,12/8/2019,22621,Traditional Knitting Nancy,6.19,4,16219,United Kingdom,24.76
581219,12/8/2019,22624,Ivory Kitchen Scales,6.19,2,16219,United Kingdom,12.38
581219,12/8/2019,22625,Red Kitchen Scales,6.19,1,16219,United Kingdom,6.19
581219,12/8/2019,22629,Spaceboy Lunch Box,6.19,2,16219,United Kingdom,12.38
581219,12/8/2019,22630,Dolly Girl Lunch Box,6.19,1,16219,United Kingdom,6.19
581219,12/8/2019,22631,Circus Parade Lunch Box,6.19,1,16219,United Kingdom,6.19
581219,12/8/2019,22632,Hand Warmer Red Retrospot,6.19,1,16219,United Kingdom,6.19
581219,12/8/2019,22633,Hand Warmer Union Jack,6.04,1,16219,United Kingdom,6.04
581219,12/8/2019,22636,Childs Breakfast Set Circus Parade,6.04,1,16219,United Kingdom,6.04
581219,12/8/2019,22650,Ceramic Pirate Chest Money Bank,6.04,3,16219,United Kingdom,18.12
581219,12/8/2019,22651,Gentleman Shirt Repair Kit,6.04,2,16219,United Kingdom,12.08
581219,12/8/2019,22653,Button Box,6.19,19,16219,United Kingdom,117.61
581219,12/8/2019,22664,Toy Tidy Dolly Girl Design,6.19,1,16219,United Kingdom,6.19
581219,12/8/2019,22666,Recipe Box Pantry Yellow Design,6.19,5,16219,United Kingdom,30.95
581219,12/8/2019,22670,French Wc Sign Blue Metal,6.19,4,16219,United Kingdom,24.76
581219,12/8/2019,22671,French Laundry Sign Blue Metal,6.19,1,16219,United Kingdom,6.19
581219,12/8/2019,22672,French Bathroom Sign Blue Metal,6.19,1,16219,United Kingdom,6.19
581219,12/8/2019,22674,French Toilet Sign Blue Metal,6.19,2,16219,United Kingdom,12.38
581219,12/8/2019,22675,French Kitchen Sign Blue Metal,6.19,2,16219,United Kingdom,12.38
581219,12/8/2019,22679,French Blue Metal Door Sign 4,7.24,1,16219,United Kingdom,7.24
581219,12/8/2019,22680,French Blue Metal Door Sign 5,7.24,1,16219,United Kingdom,7.24
581219,12/8/2019,22687,Doormat Christmas Village,7.24,1,16219,United Kingdom,7.24
581219,12/8/2019,22697,Green Regency Teacup And Saucer,7.24,5,16219,United Kingdom,36.2
581219,12/8/2019,22698,Pink Regency Teacup And Saucer,5.97,4,16219,United Kingdom,23.88
581219,12/8/2019,22699,Roses Regency Teacup And Saucer,5.97,4,16219,United Kingdom,23.88
581219,12/8/2019,22701,Pink Dog Bowl,5.97,2,16219,United Kingdom,11.94
581219,12/8/2019,22703,Pink Cat Bowl,5.97,4,16219,United Kingdom,23.88
581219,12/8/2019,22720,Set Of 3 Cake Tins Pantry Design,5.97,2,16219,United Kingdom,11.94
581219,12/8/2019,22721,Set Of 3 Cake Tins Sketchbook,5.97,1,16219,United Kingdom,5.97
581219,12/8/2019,22722,Set Of 6 Spice Tins Pantry Design,6.04,2,16219,United Kingdom,12.08
581219,12/8/2019,22725,Alarm Clock Bakelike Chocolate,6.04,2,16219,United Kingdom,12.08
581219,12/8/2019,22727,Alarm Clock Bakelike Red,6.04,1,16219,United Kingdom,6.04
581219,12/8/2019,22728,Alarm Clock Bakelike Pink,6.04,1,16219,United Kingdom,6.04
581219,12/8/2019,22733,3d Traditional Christmas Stickers,6.04,1,16219,United Kingdom,6.04
581219,12/8/2019,22737,Ribbon Reel Christmas Present,6.19,1,16219,United Kingdom,6.19
581219,12/8/2019,22738,Ribbon Reel Snowy Village,6.19,1,16219,United Kingdom,6.19
581219,12/8/2019,22739,Ribbon Reel Christmas Sock Bauble,6.19,1,16219,United Kingdom,6.19
581219,12/8/2019,22741,Funky Diva Pen,6.19,4,16219,United Kingdom,24.76
581219,12/8/2019,22744,Make Your Own Monsoon Card Kit,6.19,1,16219,United Kingdom,6.19
581219,12/8/2019,22752,Set 7 Babushka Nesting Boxes,6.19,2,16219,United Kingdom,12.38
581219,12/8/2019,22754,Small Red Babushka Notebook,6.19,3,16219,United Kingdom,18.57
581219,12/8/2019,22757,Large Red Babushka Notebook,6.19,2,16219,United Kingdom,12.38
581219,12/8/2019,22758,Large Purple Babushka Notebook,6.19,1,16219,United Kingdom,6.19
581219,12/8/2019,22766,Photo Frame Cornice,6.19,1,16219,United Kingdom,6.19
581219,12/8/2019,22768,Family Photo Frame Cornice,6.19,1,16219,United Kingdom,6.19
581219,12/8/2019,22772,Pink Drawer Knob Acrylic Edwardian,6.19,4,16219,United Kingdom,24.76
581219,12/8/2019,22776,Sweetheart 3 Tier Cake Stand,6.19,1,16219,United Kingdom,6.19
581219,12/8/2019,22784,Lantern Cream Gazebo,6.19,1,16219,United Kingdom,6.19
581219,12/8/2019,22791,T-Light Glass Fluted Antique,6.19,9,16219,United Kingdom,55.71
581219,12/8/2019,22795,Sweetheart Recipe Book Stand,6.19,1,16219,United Kingdom,6.19
581219,12/8/2019,22798,Antique Glass Dressing Table Pot,6.04,7,16219,United Kingdom,42.28
581219,12/8/2019,22800,Antique Tall Swirlglass Trinket Pot,6.04,2,16219,United Kingdom,12.08
581219,12/8/2019,22801,Antique Glass Pedestal Bowl,6.04,1,16219,United Kingdom,6.04
581219,12/8/2019,22807,Set Of 6 T-Lights Toadstools,6.04,1,16219,United Kingdom,6.04
581219,12/8/2019,22809,Set Of 6 T-Lights Santa,6.04,3,16219,United Kingdom,18.12
581219,12/8/2019,22814,Card Party Games,6.04,10,16219,United Kingdom,60.4
581219,12/8/2019,22815,Card Psychedelic Apples,6.04,20,16219,United Kingdom,120.8
581219,12/8/2019,22816,Card Motorbike Santa,6.04,22,16219,United Kingdom,132.88
581219,12/8/2019,22817,Card Suki Birthday,6.04,7,16219,United Kingdom,42.28
581219,12/8/2019,22818,Card Christmas Village,6.04,9,16219,United Kingdom,54.36
581219,12/8/2019,22819,Birthday Card Retro Spot,6.19,8,16219,United Kingdom,49.52
581219,12/8/2019,22839,3 Tier Cake Tin Green And Cream,6.19,1,16219,United Kingdom,6.19
581219,12/8/2019,22840,Round Cake Tin Vintage Red,6.19,1,16219,United Kingdom,6.19
581219,12/8/2019,22841,Round Cake Tin Vintage Green,6.19,1,16219,United Kingdom,6.19
581219,12/8/2019,22853,Cat Bowl Vintage Cream,6.19,1,16219,United Kingdom,6.19
581219,12/8/2019,22865,Hand Warmer Owl Design,6.19,2,16219,United Kingdom,12.38
581219,12/8/2019,22866,Hand Warmer Scotty Dog Design,6.19,1,16219,United Kingdom,6.19
581219,12/8/2019,22891,Tea For One Polkadot,6.19,1,16219,United Kingdom,6.19
581219,12/8/2019,22895,Set Of 2 Tea Towels Apple And Pears,6.19,2,16219,United Kingdom,12.38
581219,12/8/2019,22897,Oven Mitt Apples Design,6.19,2,16219,United Kingdom,12.38
581219,12/8/2019,22898,Childrens Apron Apples Design,6.19,3,16219,United Kingdom,18.57
581219,12/8/2019,22899,Children's Apron Dolly Girl,6.19,1,16219,United Kingdom,6.19
581219,12/8/2019,22900,Set 2 Tea Towels I Love London,6.04,3,16219,United Kingdom,18.12
581219,12/8/2019,22902,Tote Bag I Love London,6.04,1,16219,United Kingdom,6.04
581219,12/8/2019,22905,Calendar In Season Design,6.04,3,16219,United Kingdom,18.12
581219,12/8/2019,22907,Pack Of 20 Napkins Pantry Design,6.19,1,16219,United Kingdom,6.19
581219,12/8/2019,22909,Set Of 20 Vintage Christmas Napkins,6.19,9,16219,United Kingdom,55.71
581219,12/8/2019,22910,Paper Chain Kit Vintage Christmas,6.19,9,16219,United Kingdom,55.71
581219,12/8/2019,22918,Herb Marker Parsley,6.19,1,16219,United Kingdom,6.19
581219,12/8/2019,22920,Herb Marker Basil,6.19,1,16219,United Kingdom,6.19
581219,12/8/2019,22924,Fridge Magnets La Vie En Rose,6.19,6,16219,United Kingdom,37.14
581219,12/8/2019,22930,Baking Mould Heart Milk Chocolate,6.19,3,16219,United Kingdom,18.57
581219,12/8/2019,22940,Feltcraft Christmas Fairy,6.19,1,16219,United Kingdom,6.19
581219,12/8/2019,22941,Christmas Lights 10 Reindeer,6.19,1,16219,United Kingdom,6.19
581219,12/8/2019,22943,Christmas Lights 10 Vintage Baubles,6.04,1,16219,United Kingdom,6.04
581219,12/8/2019,22944,Christmas Metal Postcard With Bells,6.04,24,16219,United Kingdom,144.96
581219,12/8/2019,22945,Christmas Metal Tags Assorted,6.04,6,16219,United Kingdom,36.24
581219,12/8/2019,22948,Metal Decoration Naughty Children,6.04,4,16219,United Kingdom,24.16
581219,12/8/2019,22951,60 Cake Cases Dolly Girl Design,6.04,1,16219,United Kingdom,6.04
581219,12/8/2019,22952,60 Cake Cases Vintage Christmas,6.04,8,16219,United Kingdom,48.32
581219,12/8/2019,22960,Jam Making Set With Jars,6.19,4,16219,United Kingdom,24.76
581219,12/8/2019,22961,Jam Making Set Printed,6.19,10,16219,United Kingdom,61.9
581219,12/8/2019,22962,Jam Jar With Pink Lid,6.19,3,16219,United Kingdom,18.57
581219,12/8/2019,22963,Jam Jar With Green Lid,6.19,3,16219,United Kingdom,18.57
581219,12/8/2019,22965,3 Traditional Biscuit Cutters Set,6.19,1,16219,United Kingdom,6.19
581219,12/8/2019,22969,Homemade Jam Scented Candles,6.19,10,16219,United Kingdom,61.9
581219,12/8/2019,22974,Childrens Dolly Girl Mug,6.19,1,16219,United Kingdom,6.19
581219,12/8/2019,22979,Pantry Washing Up Brush,6.19,1,16219,United Kingdom,6.19
581219,12/8/2019,22988,Soldiers Egg Cup,6.19,10,16219,United Kingdom,61.9
581219,12/8/2019,22992,Revolver Wooden Ruler,6.19,4,16219,United Kingdom,24.76
581219,12/8/2019,22993,Set Of 4 Pantry Jelly Moulds,6.19,4,16219,United Kingdom,24.76
581219,12/8/2019,22994,Travel Card Wallet Retrospot,6.19,3,16219,United Kingdom,18.57
581219,12/8/2019,22995,Travel Card Wallet Suki,6.19,3,16219,United Kingdom,18.57
581219,12/8/2019,22996,Travel Card Wallet Vintage Ticket,6.19,6,16219,United Kingdom,37.14
581219,12/8/2019,22998,Travel Card Wallet Keep Calm,6.19,2,16219,United Kingdom,12.38
581219,12/8/2019,22999,Travel Card Wallet Vintage Leaf,6.19,2,16219,United Kingdom,12.38
581219,12/8/2019,23000,Travel Card Wallet Transport,6.19,2,16219,United Kingdom,12.38
581219,12/8/2019,23002,Travel Card Wallet Skulls,6.19,3,16219,United Kingdom,18.57
581219,12/8/2019,23004,Travel Card Wallet Pantry,6.13,1,16219,United Kingdom,6.13
581219,12/8/2019,23005,Travel Card Wallet I Love London,6.13,2,16219,United Kingdom,12.26
581219,12/8/2019,23008,Dolly Girl Baby Gift Set,6.13,2,16219,United Kingdom,12.26
581219,12/8/2019,23009,I Love London Baby Gift Set,6.19,1,16219,United Kingdom,6.19
581219,12/8/2019,23012,Glass Apothecary Bottle Perfume,6.19,1,16219,United Kingdom,6.19
581219,12/8/2019,23013,Glass Apothecary Bottle Tonic,6.19,1,16219,United Kingdom,6.19
581219,12/8/2019,23034,Drawer Knob Ceramic Black,6.19,4,16219,United Kingdom,24.76
581219,12/8/2019,23074,Embossed Heart Trinket Box,6.19,1,16219,United Kingdom,6.19
581219,12/8/2019,23076,Ice Cream Sundae Lip Gloss,6.19,1,16219,United Kingdom,6.19
581219,12/8/2019,23077,Doughnut Lip Gloss,6.19,1,16219,United Kingdom,6.19
581219,12/8/2019,23083,Set 6 Paper Table Lantern Stars,6.19,1,16219,United Kingdom,6.19
581219,12/8/2019,23084,Rabbit Night Light,6.19,33,16219,United Kingdom,204.27
581219,12/8/2019,23086,Zinc Star T-Light Holder,6.19,3,16219,United Kingdom,18.57
581219,12/8/2019,23087,Zinc Heart T-Light Holder,6.19,3,16219,United Kingdom,18.57
581219,12/8/2019,23088,Zinc Heart Flower T-Light Holder,6.19,1,16219,United Kingdom,6.19
581219,12/8/2019,23089,Glass Bon Bon Jar,6.19,4,16219,United Kingdom,24.76
581219,12/8/2019,23100,Silver Bells Table Decoration,6.19,1,16219,United Kingdom,6.19
581219,12/8/2019,23110,Parisienne Key Cabinet,6.19,1,16219,United Kingdom,6.19
581219,12/8/2019,23112,Parisienne Curio Cabinet,6.19,1,16219,United Kingdom,6.19
581219,12/8/2019,23113,Pantry Chopping Board,6.19,1,16219,United Kingdom,6.19
581219,12/8/2019,23115,Red Apples Chopping Board,6.19,1,16219,United Kingdom,6.19
581219,12/8/2019,23119,Pack Of 6 Large Fruit Straws,6.19,1,16219,United Kingdom,6.19
581219,12/8/2019,23120,Pack Of 6 Small Fruit Straws,6.19,1,16219,United Kingdom,6.19
581219,12/8/2019,23122,Party Charms 50 Pieces,6.19,1,16219,United Kingdom,6.19
581219,12/8/2019,23123,Cocktail Swords 50 Pieces,6.19,1,16219,United Kingdom,6.19
581219,12/8/2019,23126,Feltcraft Girl Amelie Kit,6.19,1,16219,United Kingdom,6.19
581219,12/8/2019,23133,Large Ivory Heart Wall Organiser,6.19,1,16219,United Kingdom,6.19
581219,12/8/2019,23145,Zinc T-Light Holder Star Large,6.19,1,16219,United Kingdom,6.19
581219,12/8/2019,23158,Set Of 5 Lucky Cat Magnets,6.19,1,16219,United Kingdom,6.19
581219,12/8/2019,23161,Regency Cake Fork,6.19,1,16219,United Kingdom,6.19
581219,12/8/2019,23162,Regency Tea Strainer,6.19,2,16219,United Kingdom,12.38
581219,12/8/2019,23163,Regency Sugar Tongs,6.19,1,16219,United Kingdom,6.19
581219,12/8/2019,23166,Medium Ceramic Top Storage Jar,6.19,1,16219,United Kingdom,6.19
581219,12/8/2019,23168,Classic Cafe Sugar Dispenser,6.19,4,16219,United Kingdom,24.76
581219,12/8/2019,23170,Regency Tea Plate Roses,6.19,1,16219,United Kingdom,6.19
581219,12/8/2019,23173,Regency Teapot Roses,7.24,1,16219,United Kingdom,7.24
581219,12/8/2019,23174,Regency Sugar Bowl Green,7.24,2,16219,United Kingdom,14.48
581219,12/8/2019,23175,Regency Milk Jug Pink,7.24,2,16219,United Kingdom,14.48
581219,12/8/2019,23177,Treasure Island Book Box,7.24,2,16219,United Kingdom,14.48
581219,12/8/2019,23184,Bull Dog Bottle Opener,7.24,1,16219,United Kingdom,7.24
581219,12/8/2019,23189,Set Of 12 Fork Candles,7.24,1,16219,United Kingdom,7.24
581219,12/8/2019,23191,Bundle Of 3 Retro Note Books,6.19,1,16219,United Kingdom,6.19
581219,12/8/2019,23193,Buffalo Bill Treasure Book Box,6.04,1,16219,United Kingdom,6.04
581219,12/8/2019,23198,Pantry Magnetic Shopping List,6.04,4,16219,United Kingdom,24.16
581219,12/8/2019,23204,Charlotte Bag Apples Design,6.04,1,16219,United Kingdom,6.04
581219,12/8/2019,23205,Charlotte Bag Vintage Alphabet,6.04,2,16219,United Kingdom,12.08
581219,12/8/2019,23210,White Rocking Horse Hand Painted,6.19,5,16219,United Kingdom,30.95
581219,12/8/2019,23211,Red Rocking Horse Hand Painted,6.19,3,16219,United Kingdom,18.57
581219,12/8/2019,23212,Heart Wreath Decoration With Bell,6.19,6,16219,United Kingdom,37.14
581219,12/8/2019,23213,Star Wreath Decoration With Bell,6.19,2,16219,United Kingdom,12.38
581219,12/8/2019,23220,Reindeer Heart Decoration Gold,6.04,1,16219,United Kingdom,6.04
581219,12/8/2019,23224,Cherub Heart Decoration Gold,6.19,1,16219,United Kingdom,6.19
581219,12/8/2019,23225,Cherub Heart Decoration Silver,6.19,12,16219,United Kingdom,74.28
581219,12/8/2019,23227,Filigree Heart Butterfly White,6.19,2,16219,United Kingdom,12.38
581219,12/8/2019,23228,Filigree Heart Bird White,6.19,5,16219,United Kingdom,30.95
581219,12/8/2019,23229,Vintage Donkey Tail Game,6.19,2,16219,United Kingdom,12.38
581219,12/8/2019,23234,Biscuit Tin Vintage Christmas,6.19,1,16219,United Kingdom,6.19
581219,12/8/2019,23238,Set Of 4 Knick Knack Tins London,6.19,1,16219,United Kingdom,6.19
581219,12/8/2019,23241,Treasure Tin Gymkhana Design,6.19,3,16219,United Kingdom,18.57
581219,12/8/2019,23242,Treasure Tin Buffalo Bill,6.19,1,16219,United Kingdom,6.19
581219,12/8/2019,23243,Set Of Tea Coffee Sugar Tins Pantry,6.19,1,16219,United Kingdom,6.19
581219,12/8/2019,23245,Set Of 3 Regency Cake Tins,6.19,5,16219,United Kingdom,30.95
581219,12/8/2019,23256,Childrens Cutlery Spaceboy,6.19,2,16219,United Kingdom,12.38
581219,12/8/2019,23263,Set Of 3 Wooden Heart Decorations,6.19,3,16219,United Kingdom,18.57
581219,12/8/2019,23264,Set Of 3 Wooden Sleigh Decorations,6.19,5,16219,United Kingdom,30.95
581219,12/8/2019,23265,Set Of 3 Wooden Tree Decorations,6.19,2,16219,United Kingdom,12.38
581219,12/8/2019,23266,Set Of 3 Wooden Stocking Decoration,6.04,4,16219,United Kingdom,24.16
581219,12/8/2019,23269,Set Of 2 Ceramic Christmas Trees,6.04,2,16219,United Kingdom,12.08
581219,12/8/2019,23271,Christmas Table Silver Candle Spike,6.04,8,16219,United Kingdom,48.32
581219,12/8/2019,23273,Heart T-Light Holder Willie Winkie,6.04,1,16219,United Kingdom,6.04
581219,12/8/2019,23274,Star T-Light Holder Willie Winkie,6.04,1,16219,United Kingdom,6.04
581219,12/8/2019,23275,Set Of 3 Hanging Owls Ollie Beak,6.19,2,16219,United Kingdom,12.38
581219,12/8/2019,23280,Folding Butterfly Mirror Hot Pink,6.19,1,16219,United Kingdom,6.19
581219,12/8/2019,23283,Doormat Vintage Leaf,6.19,1,16219,United Kingdom,6.19
581219,12/8/2019,23284,Doormat Keep Calm And Come In,6.19,1,16219,United Kingdom,6.19
581219,12/8/2019,23285,Pink Vintage Spot Beaker,6.19,1,16219,United Kingdom,6.19
581219,12/8/2019,23286,Blue Vintage Spot Beaker,6.19,1,16219,United Kingdom,6.19
581219,12/8/2019,23287,Red Vintage Spot Beaker,6.19,1,16219,United Kingdom,6.19
581219,12/8/2019,23288,Green Vintage Spot Beaker,6.19,1,16219,United Kingdom,6.19
581219,12/8/2019,23290,Spaceboy Childrens Bowl,6.04,2,16219,United Kingdom,12.08
581219,12/8/2019,23292,Spaceboy Childrens Cup,6.04,3,16219,United Kingdom,18.12
581219,12/8/2019,23293,Set Of 12 Fairy Cake Baking Cases,6.02,1,16219,United Kingdom,6.02
581219,12/8/2019,23295,Set Of 12 Mini Loaf Baking Cases,6.02,1,16219,United Kingdom,6.02
581219,12/8/2019,23300,Gardeners Kneeling Pad Cup Of Tea,6.04,3,16219,United Kingdom,18.12
581219,12/8/2019,23301,Gardeners Kneeling Pad Keep Calm,6.04,6,16219,United Kingdom,36.24
581219,12/8/2019,23302,Kneeling Mat Housework Design,6.19,2,16219,United Kingdom,12.38
581219,12/8/2019,23307,Set Of 60 Pantry Design Cake Cases,6.19,7,16219,United Kingdom,43.33
581219,12/8/2019,23308,Set Of 60 Vintage Leaf Cake Cases,6.19,1,16219,United Kingdom,6.19
581219,12/8/2019,23309,Set Of 60 I Love London Cake Cases,6.19,6,16219,United Kingdom,37.14
581219,12/8/2019,23310,Bubblegum Ring Assorted,6.19,3,16219,United Kingdom,18.57
581219,12/8/2019,23311,Vintage Christmas Stocking,6.19,2,16219,United Kingdom,12.38
581219,12/8/2019,23313,Vintage Christmas Bunting,6.19,1,16219,United Kingdom,6.19
581219,12/8/2019,23316,Red Refectory Clock,6.19,1,16219,United Kingdom,6.19
581219,12/8/2019,23318,Box Of 6 Mini Vintage Crackers,6.19,3,16219,United Kingdom,18.57
581219,12/8/2019,23319,Box Of 6 Mini 50'S Crackers,6.19,1,16219,United Kingdom,6.19
581219,12/8/2019,23320,Giant 50'S Christmas Cracker,6.19,2,16219,United Kingdom,12.38
581219,12/8/2019,23323,White Wicker Star,6.19,2,16219,United Kingdom,12.38
581219,12/8/2019,23326,Hanging Mini Coloured Bottles,6.19,1,16219,United Kingdom,6.19
581219,12/8/2019,23328,Set 6 School Milk Bottles In Crate,6.19,14,16219,United Kingdom,86.66
581219,12/8/2019,23329,Decorative Wicker Heart Large,6.19,1,16219,United Kingdom,6.19
581219,12/8/2019,23331,Decorative Wicker Heart Small,6.19,3,16219,United Kingdom,18.57
581219,12/8/2019,23334,Ivory Wicker Heart Small,6.19,2,16219,United Kingdom,12.38
581219,12/8/2019,23335,Egg Frying Pan Ivory,6.19,2,16219,United Kingdom,12.38
581219,12/8/2019,23336,Egg Frying Pan Pink,6.19,2,16219,United Kingdom,12.38
581219,12/8/2019,23338,Egg Frying Pan Red,6.19,4,16219,United Kingdom,24.76
581219,12/8/2019,23339,Egg Frying Pan Blue,6.19,2,16219,United Kingdom,12.38
581219,12/8/2019,23340,Vintage Christmas Cake Frill,6.19,2,16219,United Kingdom,12.38
581219,12/8/2019,23346,Spaceboy Beaker,6.19,1,16219,United Kingdom,6.19
581219,12/8/2019,23347,I Love London Beaker,6.19,2,16219,United Kingdom,12.38
581219,12/8/2019,23349,Roll Wrap Vintage Christmas,6.19,2,16219,United Kingdom,12.38
581219,12/8/2019,23350,Roll Wrap Vintage Spot,6.19,3,16219,United Kingdom,18.57
581219,12/8/2019,23351,Roll Wrap 50'S Christmas,6.19,5,16219,United Kingdom,30.95
581219,12/8/2019,23353,6 Gift Tags Vintage Christmas,6.19,3,16219,United Kingdom,18.57
581219,12/8/2019,23354,6 Gift Tags 50'S Christmas,6.19,4,16219,United Kingdom,24.76
581219,12/8/2019,23355,Hot Water Bottle Keep Calm,6.19,4,16219,United Kingdom,24.76
581219,12/8/2019,23356,Love Hot Water Bottle,6.19,2,16219,United Kingdom,12.38
581219,12/8/2019,23357,Hot Water Bottle Sex Bomb,6.19,2,16219,United Kingdom,12.38
581219,12/8/2019,23358,Hot Stuff Hot Water Bottle,7.24,2,16219,United Kingdom,14.48
581219,12/8/2019,23367,Set 12 Colour Pencils Spaceboy,7.24,2,16219,United Kingdom,14.48
581219,12/8/2019,23368,Set 12 Colour Pencils Dolly Girl,7.24,1,16219,United Kingdom,7.24
581219,12/8/2019,23369,Set 36 Colour Pencils Love London,7.24,5,16219,United Kingdom,36.2
581219,12/8/2019,23370,Set 36 Colouring Pencils Doily,7.24,3,16219,United Kingdom,21.72
581219,12/8/2019,23371,Set 36 Colour Pencils Spaceboy,7.24,1,16219,United Kingdom,7.24
581219,12/8/2019,23372,Set 36 Colour Pencils Dolly Girl,7.24,3,16219,United Kingdom,21.72
581219,12/8/2019,23376,Pack Of 12 Vintage Christmas Tissue,6.19,7,16219,United Kingdom,43.33
581219,12/8/2019,23377,Pack Of 12 Dolly Girl Tissues,6.19,6,16219,United Kingdom,37.14
581219,12/8/2019,23378,Pack Of 12 50'S Christmas Tissues,6.19,3,16219,United Kingdom,18.57
581219,12/8/2019,23379,Pack Of 12 Red Apple Tissues,6.19,5,16219,United Kingdom,30.95
581219,12/8/2019,23381,Pack Of 12 Vintage Leaf Tissues,6.19,1,16219,United Kingdom,6.19
581219,12/8/2019,23382,Box Of 6 Christmas Cake Decorations,6.19,2,16219,United Kingdom,12.38
581219,12/8/2019,23392,Spaceboy Rocket Lolly Makers,6.19,5,16219,United Kingdom,30.95
581219,12/8/2019,23397,Foot Stool Home Sweet Home,6.19,1,16219,United Kingdom,6.19
581219,12/8/2019,23398,Hanging Heart Bonheur,6.19,1,16219,United Kingdom,6.19
581219,12/8/2019,23399,Home Sweet Home Hanging Heart,6.19,2,16219,United Kingdom,12.38
581219,12/8/2019,23401,Rustic Mirror With Lace Heart,6.19,4,16219,United Kingdom,24.76
581219,12/8/2019,23402,Home Sweet Home 3 Peg Hanger,6.19,1,16219,United Kingdom,6.19
581219,12/8/2019,23403,Letter Holder Home Sweet Home,6.19,2,16219,United Kingdom,12.38
581219,12/8/2019,23404,Home Sweet Home Blackboard,6.19,3,16219,United Kingdom,18.57
581219,12/8/2019,23405,Home Sweet Home 2 Drawer Cabinet,6.19,1,16219,United Kingdom,6.19
581219,12/8/2019,23407,Set Of 2 Trays Home Sweet Home,6.19,2,16219,United Kingdom,12.38
581219,12/8/2019,23417,Bathroom Hook,6.19,1,16219,United Kingdom,6.19
581219,12/8/2019,23426,Metal Sign Drop Your Pants,6.19,1,16219,United Kingdom,6.19
581219,12/8/2019,23428,Ivory Retro Kitchen Wall Clock,6.19,1,16219,United Kingdom,6.19
581219,12/8/2019,23434,3 Raffia Ribbons 50'S Christmas,6.19,11,16219,United Kingdom,68.09
581219,12/8/2019,23435,3 Raffia Ribbons Vintage Christmas,6.19,1,16219,United Kingdom,6.19
581219,12/8/2019,23439,Hand Warmer Red Love Heart,6.19,1,16219,United Kingdom,6.19
581219,12/8/2019,23451,Square Mini Portrait Frame,6.19,2,16219,United Kingdom,12.38
581219,12/8/2019,23452,Heart Mini Portrait Frame,6.19,3,16219,United Kingdom,18.57
581219,12/8/2019,23464,Vintage Zinc Watering Can Small,6.19,1,16219,United Kingdom,6.19
581219,12/8/2019,23465,Tuscan Villa Bird Feeder,6.19,1,16219,United Kingdom,6.19
581219,12/8/2019,23480,Mini Lights Woodland Mushrooms,6.19,3,16219,United Kingdom,18.57
581219,12/8/2019,23489,Vintage Bells Garland,6.19,3,16219,United Kingdom,18.57
581219,12/8/2019,23493,Vintage Doily Travel Sewing Kit,6.19,12,16219,United Kingdom,74.28
581219,12/8/2019,23494,Vintage Doily Deluxe Sewing Kit,6.19,2,16219,United Kingdom,12.38
581219,12/8/2019,23495,Set Of 3 Pantry Wooden Spoons,6.19,1,16219,United Kingdom,6.19
581219,12/8/2019,23496,Pantry Kitchen Thermometer,6.19,3,16219,United Kingdom,18.57
581219,12/8/2019,23497,Classic Chrome Bicycle Bell,6.19,3,16219,United Kingdom,18.57
581219,12/8/2019,23498,Classic Bicycle Clips,6.19,11,16219,United Kingdom,68.09
581219,12/8/2019,23500,Key Ring Baseball Boot Assorted,6.19,1,16219,United Kingdom,6.19
581219,12/8/2019,23504,Playing Cards Jubilee Union Jack,6.19,1,16219,United Kingdom,6.19
581219,12/8/2019,23506,Mini Playing Cards Spaceboy,6.19,2,16219,United Kingdom,12.38
581219,12/8/2019,23507,Mini Playing Cards Buffalo Bill,6.19,2,16219,United Kingdom,12.38
581219,12/8/2019,23508,Mini Playing Cards Dolly Girl,6.19,1,16219,United Kingdom,6.19
581219,12/8/2019,23509,Mini Playing Cards Fun Fair,6.19,2,16219,United Kingdom,12.38
581219,12/8/2019,23510,Mini Playing Cards Gymkhana,6.19,1,16219,United Kingdom,6.19
581219,12/8/2019,23511,Embroidered Ribbon Reel Emily,6.19,1,16219,United Kingdom,6.19
581219,12/8/2019,23512,Embroidered Ribbon Reel Rosie,6.19,1,16219,United Kingdom,6.19
581219,12/8/2019,23521,Wall Art Cat And Bird,6.19,1,16219,United Kingdom,6.19
581219,12/8/2019,23534,Wall Art Stop For Tea,6.19,8,16219,United Kingdom,49.52
581219,12/8/2019,23535,Wall Art Bicycle Safety,6.19,8,16219,United Kingdom,49.52
581219,12/8/2019,23551,Pack Of 12 Paisley Park Tissues,6.19,1,16219,United Kingdom,6.19
581219,12/8/2019,23552,Bicycle Puncture Repair Kit,6.19,6,16219,United Kingdom,37.14
581219,12/8/2019,23556,Landmark Frame Covent Garden,6.19,1,16219,United Kingdom,6.19
581219,12/8/2019,23559,Woodland Bunnies Lolly Makers,7.24,1,16219,United Kingdom,7.24
581219,12/8/2019,23560,Set Of 6 Ribbons Country Style,7.24,1,16219,United Kingdom,7.24
581219,12/8/2019,23562,Set Of 6 Ribbons Perfectly Pretty,7.24,1,16219,United Kingdom,7.24
581219,12/8/2019,10133,Colouring Pencils Brown Tube,7.24,1,16219,United Kingdom,7.24
581219,12/8/2019,15034,Paper Pocket Traveling Fan,7.24,1,16219,United Kingdom,7.24
581219,12/8/2019,15036,Assorted Colours Silk Fan,7.24,4,16219,United Kingdom,28.96
581219,12/8/2019,15056N,Edwardian Parasol Natural,7.24,1,16219,United Kingdom,7.24
581219,12/8/2019,16048,Teatime Round Pencil Sharpener,7.24,1,16219,United Kingdom,7.24
581219,12/8/2019,16235,Recycled Pencil With Rabbit Eraser,7.24,9,16219,United Kingdom,65.16
581219,12/8/2019,16236,Kitty Pencil Erasers,7.24,1,16219,United Kingdom,7.24
581219,12/8/2019,16237,Sleeping Cat Erasers,7.24,3,16219,United Kingdom,21.72
581219,12/8/2019,16238,Party Time Pencil Erasers,7.24,2,16219,United Kingdom,14.48
581219,12/8/2019,17003,Brocade Ring Purse,7.24,2,16219,United Kingdom,14.48
581219,12/8/2019,17012D,Origami Rose Incense/Candle Set,7.24,2,16219,United Kingdom,14.48
581219,12/8/2019,20665,Red Retrospot Purse,7.24,1,16219,United Kingdom,7.24
581219,12/8/2019,20669,Red Heart Luggage Tag,7.24,1,16219,United Kingdom,7.24
581219,12/8/2019,20677,Pink Polkadot Bowl,7.24,1,16219,United Kingdom,7.24
581219,12/8/2019,20717,Strawberry Shopper Bag,7.24,1,16219,United Kingdom,7.24
581219,12/8/2019,20718,Red Retrospot Shopper Bag,7.24,1,16219,United Kingdom,7.24
581219,12/8/2019,20724,Red Retrospot Charlotte Bag,7.24,1,16219,United Kingdom,7.24
581219,12/8/2019,20733,Gold Mini Tape Measure,7.24,2,16219,United Kingdom,14.48
581219,12/8/2019,20777,Chrysanthemum Notebook,7.24,2,16219,United Kingdom,14.48
581219,12/8/2019,20782,Camouflage Ear Muff Headphones,7.24,1,16219,United Kingdom,7.24
581219,12/8/2019,20828,Glitter Butterfly Clips,7.24,1,16219,United Kingdom,7.24
581219,12/8/2019,20914,Set/5 Red Retrospot Lid Glass Bowls,7.24,4,16219,United Kingdom,28.96
581219,12/8/2019,20961,Strawberry Bath Sponge,7.24,1,16219,United Kingdom,7.24
581219,12/8/2019,20963,Apple Bath Sponge,6.13,1,16219,United Kingdom,6.13
581219,12/8/2019,20969,Red Floral Feltcraft Shoulder Bag,6.13,2,16219,United Kingdom,12.26
581219,12/8/2019,20973,12 Pencil Small Tube Woodland,7.24,1,16219,United Kingdom,7.24
581219,12/8/2019,20978,36 Pencils Tube Skulls,7.24,1,16219,United Kingdom,7.24
581219,12/8/2019,20979,36 Pencils Tube Red Retrospot,7.24,4,16219,United Kingdom,28.96
581219,12/8/2019,20982,12 Pencils Tall Tube Skulls,7.24,1,16219,United Kingdom,7.24
581219,12/8/2019,20997,Rose Du Sud Cushion Cover,7.24,1,16219,United Kingdom,7.24
581219,12/8/2019,20997,Rose Du Sud Cushion Cover,6.19,2,16219,United Kingdom,12.38
581219,12/8/2019,21012,Antique All Glass Candlestick,6.19,2,16219,United Kingdom,12.38
581219,12/8/2019,21015,Dark Bird House Tree Decoration,6.19,5,16219,United Kingdom,30.95
581219,12/8/2019,21026,Space Owl,6.19,1,16219,United Kingdom,6.19
581219,12/8/2019,21035,Set/2 Red Retrospot Tea Towels,6.19,1,16219,United Kingdom,6.19
581219,12/8/2019,21056,Doctor's Bag Soft Toy,6.19,1,16219,United Kingdom,6.19
581219,12/8/2019,21058,Party Invites Woodland,6.19,1,16219,United Kingdom,6.19
581219,12/8/2019,21059,Party Invites Dinosaurs,6.19,2,16219,United Kingdom,12.38
581219,12/8/2019,21064,Boom Box Speaker Boys,6.19,10,16219,United Kingdom,61.9
581219,12/8/2019,21065,Boom Box Speaker Girls,6.19,2,16219,United Kingdom,12.38
581219,12/8/2019,21098,Christmas Toilet Roll,6.19,4,16219,United Kingdom,24.76
581219,12/8/2019,21123,Set/10 Ivory Polkadot Party Candles,6.04,3,16219,United Kingdom,18.12
581219,12/8/2019,21125,Set 6 Football Celebration Candles,6.19,3,16219,United Kingdom,18.57
581219,12/8/2019,21137,Black Record Cover Frame,6.19,16,16219,United Kingdom,99.04
581219,12/8/2019,21154,Red Retrospot Oven Glove,6.19,2,16219,United Kingdom,12.38
581219,12/8/2019,21155,Red Retrospot Peg Bag,6.19,2,16219,United Kingdom,12.38
581219,12/8/2019,21158,Moody Girl Door Hanger,6.19,1,16219,United Kingdom,6.19
581219,12/8/2019,21166,Cook With Wine Metal Sign,6.19,2,16219,United Kingdom,12.38
581219,12/8/2019,21174,Pottering In The Shed Metal Sign,6.19,1,16219,United Kingdom,6.19
581219,12/8/2019,21175,Gin And Tonic Diet Metal Sign,6.19,4,16219,United Kingdom,24.76
581219,12/8/2019,21189,White Honeycomb Paper Garland,6.19,2,16219,United Kingdom,12.38
581219,12/8/2019,21191,Large White Honeycomb Paper Bell,6.19,3,16219,United Kingdom,18.57
581219,12/8/2019,21210,Set Of 72 Retrospot Paper Doilies,6.19,1,16219,United Kingdom,6.19
581219,12/8/2019,21212,Pack Of 72 Retrospot Cake Cases,6.19,4,16219,United Kingdom,24.76
581219,12/8/2019,21218,Red Spotty Biscuit Tin,6.19,1,16219,United Kingdom,6.19
581219,12/8/2019,21220,Set/4 Badges Dogs,6.19,2,16219,United Kingdom,12.38
581219,12/8/2019,21222,Set/4 Badges Beetles,6.19,1,16219,United Kingdom,6.19
581219,12/8/2019,21224,Set/4 Skull Badges,6.19,1,16219,United Kingdom,6.19
581219,12/8/2019,21239,Pink Polkadot Cup,6.19,1,16219,United Kingdom,6.19
581219,12/8/2019,21243,Pink Polkadot Plate,6.19,1,16219,United Kingdom,6.19
581219,12/8/2019,21258,Victorian Sewing Box Large,6.19,1,16219,United Kingdom,6.19
581219,12/8/2019,21288,Stripey Chocolate Nesting Boxes,6.19,2,16219,United Kingdom,12.38
581219,12/8/2019,21314,Small Glass Heart Trinket Pot,6.19,4,16219,United Kingdom,24.76
581219,12/8/2019,21356,Toast Its - Fairy Flower,6.19,1,16219,United Kingdom,6.19
581219,12/8/2019,21377,Small Camphor Wood Field Mushroom,7.24,1,16219,United Kingdom,7.24
581219,12/8/2019,21378,Small Tall Camphor Wood Toadstool,7.24,1,16219,United Kingdom,7.24
581219,12/8/2019,21379,Camphor Wood Portobello Mushroom,7.24,1,16219,United Kingdom,7.24
581219,12/8/2019,21385,Ivory Hanging Decoration Heart,7.24,3,16219,United Kingdom,21.72
581219,12/8/2019,21400,Red Pudding Spoon,7.24,1,16219,United Kingdom,7.24
581219,12/8/2019,21401,Blue Pudding Spoon,7.24,2,16219,United Kingdom,14.48
581219,12/8/2019,21402,Red Egg Spoon,7.24,1,16219,United Kingdom,7.24
581219,12/8/2019,21403,Blue Egg Spoon,7.24,1,16219,United Kingdom,7.24
581219,12/8/2019,21429,Red Gingham Rose Jewellery Box,7.24,1,16219,United Kingdom,7.24
581219,12/8/2019,21471,Strawberry Raffia Food Cover,7.24,3,16219,United Kingdom,21.72
581219,12/8/2019,21479,White Skull Hot Water Bottle,7.24,2,16219,United Kingdom,14.48
581219,12/8/2019,21481,Fawn Blue Hot Water Bottle,7.24,1,16219,United Kingdom,7.24
581219,12/8/2019,21485,Retrospot Heart Hot Water Bottle,7.24,1,16219,United Kingdom,7.24
581219,12/8/2019,21494,Rotating Leaves T-Light Holder,7.24,9,16219,United Kingdom,65.16
581219,12/8/2019,21506,Fancy Font Birthday Card,7.24,3,16219,United Kingdom,21.72
581219,12/8/2019,21507,Elephant Birthday Card,6.19,3,16219,United Kingdom,18.57
581219,12/8/2019,21523,Doormat Fancy Font Home Sweet Home,6.19,1,16219,United Kingdom,6.19
581219,12/8/2019,21544,Skulls Water Transfer Tattoos,6.19,1,16219,United Kingdom,6.19
581219,12/8/2019,21561,Dinosaur Lunch Box With Cutlery,6.19,1,16219,United Kingdom,6.19
581219,12/8/2019,21577,Save The Planet Cotton Tote Bag,6.19,2,16219,United Kingdom,12.38
581219,12/8/2019,21615,4 Lavender Botanical Dinner Candles,6.19,2,16219,United Kingdom,12.38
581219,12/8/2019,21619,4 Vanilla Botanical Candles,6.19,1,16219,United Kingdom,6.19
581219,12/8/2019,21620,Set Of 4 Rose Botanical Candles,6.19,3,16219,United Kingdom,18.57
581219,12/8/2019,21650,Assorted Tutti Frutti Bracelet,6.19,10,16219,United Kingdom,61.9
581219,12/8/2019,21680,Woodland Stickers,6.19,1,16219,United Kingdom,6.19
581219,12/8/2019,21695,Small Silver Flower Candle Pot,6.19,1,16219,United Kingdom,6.19
581219,12/8/2019,21705,Bag 500g Swirly Marbles,6.19,18,16219,United Kingdom,111.42
581219,12/8/2019,21715,Girls Vintage Tin Seaside Bucket,6.19,1,16219,United Kingdom,6.19
581219,12/8/2019,21716,Boys Vintage Tin Seaside Bucket,6.19,1,16219,United Kingdom,6.19
581219,12/8/2019,21718,Red Metal Beach Spade,6.19,2,16219,United Kingdom,12.38
581219,12/8/2019,21731,Red Toadstool Led Night Light,6.19,7,16219,United Kingdom,43.33
581219,12/8/2019,21733,Red Hanging Heart T-Light Holder,6.19,2,16219,United Kingdom,12.38
581219,12/8/2019,21739,Cosy Slipper Shoes Small Green,6.19,1,16219,United Kingdom,6.19
581219,12/8/2019,21754,Home Building Block Word,6.19,1,16219,United Kingdom,6.19
581219,12/8/2019,21755,Love Building Block Word,6.19,1,16219,United Kingdom,6.19
581219,12/8/2019,21786,Polkadot Rain Hat,6.19,10,16219,United Kingdom,61.9
581219,12/8/2019,21787,Rain Poncho Retrospot,6.19,1,16219,United Kingdom,6.19
581219,12/8/2019,21790,Vintage Snap Cards,6.19,9,16219,United Kingdom,55.71
581219,12/8/2019,21791,Vintage Heads And Tails Card Game,6.19,7,16219,United Kingdom,43.33
581219,12/8/2019,21810,Christmas Hanging Star With Bell,6.19,16,16219,United Kingdom,99.04
581219,12/8/2019,21813,Garland With Stars And Bells,6.19,12,16219,United Kingdom,74.28
581219,12/8/2019,21822,Glitter Christmas Tree With Bells,6.19,2,16219,United Kingdom,12.38
581219,12/8/2019,21828,Eight Piece Snake Set,6.19,1,16219,United Kingdom,6.19
581219,12/8/2019,21833,Camouflage Led Torch,6.19,2,16219,United Kingdom,12.38
581219,12/8/2019,21866,Union Jack Flag Luggage Tag,6.19,1,16219,United Kingdom,6.19
581219,12/8/2019,21871,Save The Planet Mug,6.19,1,16219,United Kingdom,6.19
581219,12/8/2019,21874,Gin And Tonic Mug,6.19,1,16219,United Kingdom,6.19
581219,12/8/2019,21875,Kings Choice Mug,6.19,1,16219,United Kingdom,6.19
581219,12/8/2019,21876,Pottering Mug,6.19,3,16219,United Kingdom,18.57
581219,12/8/2019,21877,Home Sweet Home Mug,6.19,2,16219,United Kingdom,12.38
581219,12/8/2019,21878,Pack Of 6 Sandcastle Flags Assorted,6.19,1,16219,United Kingdom,6.19
581219,12/8/2019,21889,Wooden Box Of Dominoes,6.19,1,16219,United Kingdom,6.19
581219,12/8/2019,21891,Traditional Wooden Skipping Rope,6.19,1,16219,United Kingdom,6.19
581219,12/8/2019,21892,Traditional Wooden Catch Cup Game,6.19,4,16219,United Kingdom,24.76
581219,12/8/2019,21899,Garage Key Fob,6.19,2,16219,United Kingdom,12.38
581219,12/8/2019,21900,Key Fob Shed,6.19,1,16219,United Kingdom,6.19
581219,12/8/2019,21905,More Butter Metal Sign,6.19,1,16219,United Kingdom,6.19
581219,12/8/2019,21913,Vintage Seaside Jigsaw Puzzles,6.19,1,16219,United Kingdom,6.19
581219,12/8/2019,21914,Blue Harmonica In Box,6.19,7,16219,United Kingdom,43.33
581219,12/8/2019,21916,Set 12 Retro White Chalk Sticks,6.19,2,16219,United Kingdom,12.38
581219,12/8/2019,21917,Set 12 Kids White Chalk Sticks,6.19,1,16219,United Kingdom,6.19
581219,12/8/2019,21918,Set 12 Kids Colour Chalk Sticks,6.19,2,16219,United Kingdom,12.38
581219,12/8/2019,21922,Union Stripe With Fringe Hammock,6.19,1,16219,United Kingdom,6.19
581219,12/8/2019,21931,Jumbo Storage Bag Suki,6.19,2,16219,United Kingdom,12.38
581219,12/8/2019,21932,Scandinavian Paisley Picnic Bag,6.19,1,16219,United Kingdom,6.19
581219,12/8/2019,21933,Pink Vintage Paisley Picnic Bag,6.19,3,16219,United Kingdom,18.57
581219,12/8/2019,21934,Skull Shoulder Bag,6.19,11,16219,United Kingdom,68.09
581219,12/8/2019,21935,Suki Shoulder Bag,6.19,25,16219,United Kingdom,154.75
581219,12/8/2019,21942,Skulls Design Flannel,6.19,1,16219,United Kingdom,6.19
581219,12/8/2019,21947,Set Of 6 Heart Chopsticks,6.19,1,16219,United Kingdom,6.19
581219,12/8/2019,21949,Set Of 6 Strawberry Chopsticks,6.04,1,16219,United Kingdom,6.04
581219,12/8/2019,21967,Pack Of 12 Skull Tissues,6.19,2,16219,United Kingdom,12.38
581219,12/8/2019,21977,Pack Of 60 Pink Paisley Cake Cases,6.19,1,16219,United Kingdom,6.19
581219,12/8/2019,21981,Pack Of 12 Woodland Tissues,6.19,1,16219,United Kingdom,6.19
581219,12/8/2019,21982,Pack Of 12 Suki Tissues,6.19,1,16219,United Kingdom,6.19
581219,12/8/2019,21990,Modern Floral Stationery Set,6.19,6,16219,United Kingdom,37.14
581219,12/8/2019,21991,Bohemian Collage Stationery Set,6.19,2,16219,United Kingdom,12.38
581219,12/8/2019,21993,Floral Folk Stationery Set,6.19,7,16219,United Kingdom,43.33
581219,12/8/2019,22024,Rainy Ladies Birthday Card,6.19,1,16219,United Kingdom,6.19
581219,12/8/2019,22025,Ring Of Roses Birthday Card,6.19,3,16219,United Kingdom,18.57
581219,12/8/2019,22026,Banquet Birthday Card,6.19,1,16219,United Kingdom,6.19
581219,12/8/2019,22029,Spaceboy Birthday Card,6.19,3,16219,United Kingdom,18.57
581219,12/8/2019,22037,Robot Birthday Card,6.19,2,16219,United Kingdom,12.38
581219,12/8/2019,22063,Ceramic Bowl With Strawberry Design,6.19,1,16219,United Kingdom,6.19
581219,12/8/2019,22064,Pink Doughnut Trinket Pot,6.19,1,16219,United Kingdom,6.19
581219,12/8/2019,22065,Christmas Pudding Trinket Pot,6.19,4,16219,United Kingdom,24.76
581219,12/8/2019,22074,6 Ribbons Shimmering Pinks,6.19,2,16219,United Kingdom,12.38
581219,12/8/2019,22075,6 Ribbons Elegant Christmas,6.19,5,16219,United Kingdom,30.95
581219,12/8/2019,22076,6 Ribbons Empire,6.19,7,16219,United Kingdom,43.33
581219,12/8/2019,22077,6 Ribbons Rustic Charm,6.19,2,16219,United Kingdom,12.38
581219,12/8/2019,22083,Paper Chain Kit Retrospot,6.19,1,16219,United Kingdom,6.19
581219,12/8/2019,22085,Paper Chain Kit Skulls,6.19,1,16219,United Kingdom,6.19
581219,12/8/2019,22086,Paper Chain Kit 50'S Christmas,6.19,25,16219,United Kingdom,154.75
581219,12/8/2019,22091,Empire Tissue Box,6.19,2,16219,United Kingdom,12.38
581219,12/8/2019,22095,Lads Only Tissue Box,6.19,2,16219,United Kingdom,12.38
581219,12/8/2019,22104,Mirror Mosaic Candle Plate,6.19,3,16219,United Kingdom,18.57
581219,12/8/2019,22107,Pizza Plate In Box,7.24,8,16219,United Kingdom,57.92
581219,12/8/2019,22108,Ping! Microwave Plate,7.24,2,16219,United Kingdom,14.48
581219,12/8/2019,22109,Full English Breakfast Plate,7.24,2,16219,United Kingdom,14.48
581219,12/8/2019,22110,Bird House Hot Water Bottle,7.24,3,16219,United Kingdom,21.72
581219,12/8/2019,22111,Scottie Dog Hot Water Bottle,7.24,2,16219,United Kingdom,14.48
581219,12/8/2019,22112,Chocolate Hot Water Bottle,7.24,1,16219,United Kingdom,7.24
581219,12/8/2019,22114,Hot Water Bottle Tea And Sympathy,7.24,9,16219,United Kingdom,65.16
581219,12/8/2019,22115,Metal Sign Empire Tea,7.24,2,16219,United Kingdom,14.48
581219,12/8/2019,22116,Metal Sign His Dinner Is Served,7.24,3,16219,United Kingdom,21.72
581219,12/8/2019,22118,Joy Wooden Block Letters,7.24,1,16219,United Kingdom,7.24
581219,12/8/2019,22119,Peace Wooden Block Letters,7.24,1,16219,United Kingdom,7.24
581219,12/8/2019,22129,Party Cones Candy Decoration,7.24,4,16219,United Kingdom,28.96
581219,12/8/2019,22131,Food Container Set 3 Love Heart,7.24,1,16219,United Kingdom,7.24
581219,12/8/2019,22133,Pink Love Heart Shape Cup,7.24,1,16219,United Kingdom,7.24
581219,12/8/2019,22135,Mini Ladle Love Heart Pink,7.24,1,16219,United Kingdom,7.24
581219,12/8/2019,22138,Baking Set 9 Piece Retrospot,7.24,2,16219,United Kingdom,14.48
581219,12/8/2019,22139,Retrospot Tea Set Ceramic 11 Pc,7.24,2,16219,United Kingdom,14.48
581219,12/8/2019,22141,Christmas Craft Tree Top Angel,7.24,1,16219,United Kingdom,7.24
581219,12/8/2019,22142,Christmas Craft White Fairy,7.24,1,16219,United Kingdom,7.24
581219,12/8/2019,22144,Christmas Craft Little Friends,7.24,2,16219,United Kingdom,14.48
581219,12/8/2019,22150,3 Stripey Mice Feltcraft,7.24,2,16219,United Kingdom,14.48
581219,12/8/2019,22153,Angel Decoration Stars On Dress,7.24,2,16219,United Kingdom,14.48
581219,12/8/2019,22154,Angel Decoration 3 Buttons,6.19,2,16219,United Kingdom,12.38
581219,12/8/2019,22155,Star Decoration Rustic,6.19,3,16219,United Kingdom,18.57
581219,12/8/2019,22158,3 Hearts Hanging Decoration Rustic,6.19,1,16219,United Kingdom,6.19
581219,12/8/2019,22163,Heart String Memo Holder Hanging,6.19,5,16219,United Kingdom,30.95
581219,12/8/2019,22165,Diamante Heart Shaped Wall Mirror,6.19,3,16219,United Kingdom,18.57
581219,12/8/2019,22174,Photo Cube,6.19,4,16219,United Kingdom,24.76
581219,12/8/2019,22178,Victorian Glass Hanging T-Light,6.19,11,16219,United Kingdom,68.09
581219,12/8/2019,22179,Set 10 Night Owl Lights,6.19,1,16219,United Kingdom,6.19
581219,12/8/2019,22189,Cream Heart Card Holder,6.19,1,16219,United Kingdom,6.19
581219,12/8/2019,22190,Local Cafe Mug,6.19,2,16219,United Kingdom,12.38
581219,12/8/2019,22191,Ivory Diner Wall Clock,6.19,1,16219,United Kingdom,6.19
581219,12/8/2019,22192,Blue Diner Wall Clock,6.19,1,16219,United Kingdom,6.19
581219,12/8/2019,22196,Small Heart Measuring Spoons,6.19,3,16219,United Kingdom,18.57
581219,12/8/2019,22197,Popcorn Holder,6.19,62,16219,United Kingdom,383.78
581219,12/8/2019,22207,Frying Pan Union Flag,6.19,2,16219,United Kingdom,12.38
581219,12/8/2019,22208,Wood Stamp Set Thank You,6.19,1,16219,United Kingdom,6.19
581219,12/8/2019,22210,Wood Stamp Set Best Wishes,6.19,1,16219,United Kingdom,6.19
581219,12/8/2019,22211,Wood Stamp Set Flowers,6.19,1,16219,United Kingdom,6.19
581219,12/8/2019,22219,Lovebird Hanging Decoration White,6.02,2,16219,United Kingdom,12.04
581219,12/8/2019,22222,Cake Plate Lovebird White,6.02,1,16219,United Kingdom,6.02
581219,12/8/2019,22303,Coffee Mug Apples Design,6.02,1,16219,United Kingdom,6.02
581219,12/8/2019,22312,Office Mug Warmer Polkadot,6.02,1,16219,United Kingdom,6.02
581219,12/8/2019,22321,Bird Decoration Red Retrospot,6.02,2,16219,United Kingdom,12.04
581219,12/8/2019,22324,Blue Polkadot Kids Bag,6.02,1,16219,United Kingdom,6.02
581219,12/8/2019,22327,Round Snack Boxes Set Of 4 Skulls,6.02,1,16219,United Kingdom,6.02
581219,12/8/2019,22331,Woodland Party Bag + Sticker Set,6.02,1,16219,United Kingdom,6.02
581219,12/8/2019,22335,Heart Decoration Painted Zinc,6.02,9,16219,United Kingdom,54.18
581219,12/8/2019,22338,Star Decoration Painted Zinc,6.02,9,16219,United Kingdom,54.18
581219,12/8/2019,22340,Noel Garland Painted Zinc,6.19,4,16219,United Kingdom,24.76
581219,12/8/2019,22348,Tea Bag Plate Red Retrospot,6.19,3,16219,United Kingdom,18.57
581219,12/8/2019,22352,Lunch Box With Cutlery Retrospot,6.19,1,16219,United Kingdom,6.19
581219,12/8/2019,22355,Charlotte Bag Suki Design,6.19,2,16219,United Kingdom,12.38
581219,12/8/2019,22357,Kings Choice Biscuit Tin,6.19,5,16219,United Kingdom,30.95
581219,12/8/2019,22358,Kings Choice Tea Caddy,6.19,3,16219,United Kingdom,18.57
581219,12/8/2019,22360,Glass Jar English Confectionery,6.19,2,16219,United Kingdom,12.38
581219,12/8/2019,22361,Glass Jar Daisy Fresh Cotton Wool,6.19,2,16219,United Kingdom,12.38
581219,12/8/2019,22364,Glass Jar Digestive Biscuits,6.19,1,16219,United Kingdom,6.19
581219,12/8/2019,22367,Childrens Apron Spaceboy Design,6.19,2,16219,United Kingdom,12.38
581219,12/8/2019,22371,Airline Bag Vintage Tokyo 78,6.19,1,16219,United Kingdom,6.19
581219,12/8/2019,22374,Airline Bag Vintage Jet Set Red,6.19,2,16219,United Kingdom,12.38
581219,12/8/2019,22375,Airline Bag Vintage Jet Set Brown,6.19,1,16219,United Kingdom,6.19
581219,12/8/2019,22376,Airline Bag Vintage Jet Set White,6.19,1,16219,United Kingdom,6.19
581219,12/8/2019,22377,Bottle Bag Retrospot,6.19,1,16219,United Kingdom,6.19
581219,12/8/2019,22379,Recycling Bag Retrospot,6.19,2,16219,United Kingdom,12.38
581219,12/8/2019,22381,Toy Tidy Pink Polkadot,6.19,2,16219,United Kingdom,12.38
581219,12/8/2019,22390,Paperweight Childhood Memories,6.04,1,16219,United Kingdom,6.04
581219,12/8/2019,22393,Paperweight Vintage Collage,6.19,1,16219,United Kingdom,6.19
581219,12/8/2019,22406,Money Box Kings Choice Design,6.19,3,16219,United Kingdom,18.57
581219,12/8/2019,22411,Jumbo Shopper Vintage Red Paisley,6.19,7,16219,United Kingdom,43.33
581219,12/8/2019,22419,Lipstick Pen Red,6.19,9,16219,United Kingdom,55.71
581219,12/8/2019,22422,Toothpaste Tube Pen,6.19,3,16219,United Kingdom,18.57
581219,12/8/2019,22423,Regency Cakestand 3 Tier,6.19,4,16219,United Kingdom,24.76
581219,12/8/2019,22424,Enamel Bread Bin Cream,6.19,1,16219,United Kingdom,6.19
581219,12/8/2019,22428,Enamel Fire Bucket Cream,6.19,1,16219,United Kingdom,6.19
581219,12/8/2019,22429,Enamel Measuring Jug Cream,6.19,2,16219,United Kingdom,12.38
581219,12/8/2019,22439,6 Rocket Balloons,6.19,1,16219,United Kingdom,6.19
581219,12/8/2019,22441,Grow Your Own Basil In Enamel Mug,6.19,1,16219,United Kingdom,6.19
581219,12/8/2019,22446,Pin Cushion Babushka Pink,6.19,7,16219,United Kingdom,43.33
581219,12/8/2019,22456,Natural Slate Chalkboard Large,6.19,1,16219,United Kingdom,6.19
581219,12/8/2019,22457,Natural Slate Heart Chalkboard,6.19,1,16219,United Kingdom,6.19
581219,12/8/2019,22460,Embossed Glass Tealight Holder,6.19,1,16219,United Kingdom,6.19
581219,12/8/2019,22465,Hanging Metal Star Lantern,6.19,1,16219,United Kingdom,6.19
581219,12/8/2019,22466,Fairy Tale Cottage Night Light,6.19,2,16219,United Kingdom,12.38
581219,12/8/2019,22489,Pack Of 12 Traditional Crayons,6.19,3,16219,United Kingdom,18.57
581219,12/8/2019,22493,Paint Your Own Canvas Set,6.19,1,16219,United Kingdom,6.19
581219,12/8/2019,22494,Emergency First Aid Tin,6.19,4,16219,United Kingdom,24.76
581219,12/8/2019,22514,Childs Garden Spade Blue,6.19,1,16219,United Kingdom,6.19
581219,12/8/2019,22516,Childs Garden Rake Blue,6.19,1,16219,United Kingdom,6.19
581219,12/8/2019,22523,Childs Garden Fork Pink,6.19,1,16219,United Kingdom,6.19
581219,12/8/2019,22526,Wheelbarrow For Children,6.19,2,16219,United Kingdom,12.38
581219,12/8/2019,22539,Mini Jigsaw Dolly Girl,6.19,2,16219,United Kingdom,12.38
581219,12/8/2019,22543,Mini Jigsaw Bake A Cake,6.19,1,16219,United Kingdom,6.19
581219,12/8/2019,22544,Mini Jigsaw Spaceboy,6.19,3,16219,United Kingdom,18.57
581219,12/8/2019,22545,Mini Jigsaw Bunnies,6.19,1,16219,United Kingdom,6.19
581219,12/8/2019,22546,Mini Jigsaw Purdey,6.19,3,16219,United Kingdom,18.57
581219,12/8/2019,22547,Mini Jigsaw Dinosaur,6.19,2,16219,United Kingdom,12.38
581219,12/8/2019,22549,Picture Dominoes,6.19,2,16219,United Kingdom,12.38
581219,12/8/2019,22553,Plasters In Tin Skulls,6.19,2,16219,United Kingdom,12.38
581219,12/8/2019,22554,Plasters In Tin Woodland Animals,6.19,1,16219,United Kingdom,6.19
581219,12/8/2019,22555,Plasters In Tin Strongman,6.19,1,16219,United Kingdom,6.19
581219,12/8/2019,22557,Plasters In Tin Vintage Paisley,6.19,2,16219,United Kingdom,12.38
581219,12/8/2019,22558,Clothes Pegs Retrospot Pack 24,6.19,3,16219,United Kingdom,18.57
581219,12/8/2019,22562,Monsters Stencil Craft,6.19,1,16219,United Kingdom,6.19
581219,12/8/2019,22564,Alphabet Stencil Craft,6.19,2,16219,United Kingdom,12.38
581219,12/8/2019,22565,Feltcraft Hairbands Pink And White,6.19,2,16219,United Kingdom,12.38
581219,12/8/2019,22566,Feltcraft Hairband Pink And Purple,6.19,1,16219,United Kingdom,6.19
581219,12/8/2019,22571,Rocking Horse Red Christmas,6.19,4,16219,United Kingdom,24.76
581219,12/8/2019,22573,Star Wooden Christmas Decoration,6.19,5,16219,United Kingdom,30.95
581219,12/8/2019,22574,Heart Wooden Christmas Decoration,6.19,1,16219,United Kingdom,6.19
581219,12/8/2019,22577,Wooden Heart Christmas Scandinavian,6.19,10,16219,United Kingdom,61.9
581219,12/8/2019,22578,Wooden Star Christmas Scandinavian,6.19,16,16219,United Kingdom,99.04
581219,12/8/2019,23564,Egg Cup Milkmaid Ingrid,6.19,2,16219,United Kingdom,12.38
581219,12/8/2019,23565,Egg Cup Milkmaid Helga,6.19,2,16219,United Kingdom,12.38
581219,12/8/2019,23566,Egg Cup Milkmaid Heidi,6.19,1,16219,United Kingdom,6.19
581219,12/8/2019,23568,Egg Cup Henrietta Hen Cream,6.19,3,16219,United Kingdom,18.57
581219,12/8/2019,23570,Traditional Pick Up Sticks Game,6.19,7,16219,United Kingdom,43.33
581219,12/8/2019,23571,Traditional Naughts & Crosses,7.24,8,16219,United Kingdom,57.92
581219,12/8/2019,23575,Snack Tray Paisley Park,7.24,1,16219,United Kingdom,7.24
581219,12/8/2019,23576,Snack Tray Red Vintage Doily,7.24,3,16219,United Kingdom,21.72
581219,12/8/2019,23579,Snack Tray I Love London,7.24,1,16219,United Kingdom,7.24
581219,12/8/2019,23603,Set 10 Card Kraft Reindeer 17084,7.24,1,16219,United Kingdom,7.24
581219,12/8/2019,23614,Set 10 Cards 12 Days Wrap 17058,7.24,7,16219,United Kingdom,50.68
581219,12/8/2019,23626,Set 10 Cards Dinky Tree 17076,7.24,4,16219,United Kingdom,28.96
581219,12/8/2019,23637,Set 10 Cards Out Of Order 17216,7.24,1,16219,United Kingdom,7.24
581219,12/8/2019,23640,Set 10 Cards Scottie Dog 17211,6.04,1,16219,United Kingdom,6.04
581219,12/8/2019,23650,Set 10 Cards Filigree Bauble 16961,6.04,1,16219,United Kingdom,6.04
581219,12/8/2019,23660,Henrietta Hen Mug,6.19,1,16219,United Kingdom,6.19
581219,12/8/2019,23695,Doily Thank You Card,6.19,1,16219,United Kingdom,6.19
581219,12/8/2019,35095A,Blue Victorian Fabric Oval Box,6.19,3,16219,United Kingdom,18.57
581219,12/8/2019,35095B,Red Victorian Fabric Oval Box,6.19,1,16219,United Kingdom,6.19
581219,12/8/2019,35646,Vintage Bead Pink Evening Bag,6.19,4,16219,United Kingdom,24.76
581219,12/8/2019,35648,Vintage Bead Pink Purse,6.19,1,16219,United Kingdom,6.19
581219,12/8/2019,35649,Vintage Bead Cosmetic Bag,6.19,2,16219,United Kingdom,12.38
581219,12/8/2019,35924,Hanging Fairy Cake Decoration,6.19,1,16219,United Kingdom,6.19
581219,12/8/2019,35953,Folkart Star Christmas Decorations,6.19,20,16219,United Kingdom,123.8
581219,12/8/2019,35964,Folkart Clip On Stars,6.19,2,16219,United Kingdom,12.38
581219,12/8/2019,35967,Folk Art Metal Star T-Light Holder,6.19,5,16219,United Kingdom,30.95
581219,12/8/2019,35970,Zinc Folkart Sleigh Bells,6.19,2,16219,United Kingdom,12.38
581219,12/8/2019,37447,Ceramic Cake Design Spotted Plate,6.19,1,16219,United Kingdom,6.19
581219,12/8/2019,37450,Ceramic Cake Bowl + Hanging Cakes,6.19,1,16219,United Kingdom,6.19
581219,12/8/2019,37500,Tea Time Teapot In Gift Box,6.19,4,16219,United Kingdom,24.76
581219,12/8/2019,46776A,Woven Bubble Gum Cushion Cover,6.19,4,16219,United Kingdom,24.76
581219,12/8/2019,46776B,Woven Berries Cushion Cover,6.19,2,16219,United Kingdom,12.38
581219,12/8/2019,46776F,Woven Rose Garden Cushion Cover,6.19,2,16219,United Kingdom,12.38
581219,12/8/2019,47471,Rainbow Pegs Photo Clip String,6.19,3,16219,United Kingdom,18.57
581219,12/8/2019,47480,Hanging Photo Clip Rope Ladder,6.19,4,16219,United Kingdom,24.76
581219,12/8/2019,47504H,English Rose Spirit Level,6.19,1,16219,United Kingdom,6.19
581219,12/8/2019,47563A,Retro Longboard Ironing Board Cover,6.19,2,16219,United Kingdom,12.38
581219,12/8/2019,47578A,English Rose Small Scented Flower,6.19,1,16219,United Kingdom,6.19
581219,12/8/2019,47591D,Pink Fairy Cake Childrens Apron,6.19,1,16219,United Kingdom,6.19
581219,12/8/2019,47593B,Scottie Dogs Baby Bib,6.19,5,16219,United Kingdom,30.95
581219,12/8/2019,48111,Doormat 3 Smiley Cats,6.19,1,16219,United Kingdom,6.19
581219,12/8/2019,51014A,Feather Pen Hot Pink,6.19,2,16219,United Kingdom,12.38
581219,12/8/2019,51014C,Feather Pen Coal Black,6.19,1,16219,United Kingdom,6.19
581219,12/8/2019,70006,Love Heart Pocket Warmer,6.19,2,16219,United Kingdom,12.38
581219,12/8/2019,71053,White Moroccan Metal Lantern,6.19,1,16219,United Kingdom,6.19
581219,12/8/2019,72122,Coffee Scent Pillar Candle,6.19,6,16219,United Kingdom,37.14
581219,12/8/2019,72598,Set/12 Taper Candles,6.19,2,16219,United Kingdom,12.38
581219,12/8/2019,79066K,Retro Mod Tray,6.19,1,16219,United Kingdom,6.19
581219,12/8/2019,79144B,Painted Lightbulb Star+ Moon,6.19,1,16219,United Kingdom,6.19
581219,12/8/2019,79144C,Painted Lightbulb Rainbow Design,6.19,2,16219,United Kingdom,12.38
581219,12/8/2019,79190A,Retro Plastic 70'S Tray,6.04,5,16219,United Kingdom,30.2
581219,12/8/2019,79190D,Retro Plastic Daisy Tray,6.04,1,16219,United Kingdom,6.04
581219,12/8/2019,79321,Chilli Lights,6.04,2,16219,United Kingdom,12.08
581219,12/8/2019,79403,Frosted White Base,6.04,3,16219,United Kingdom,18.12
581219,12/8/2019,82567,Airline Lounge Metal Sign,6.04,6,16219,United Kingdom,36.24
581219,12/8/2019,82578,Kitchen Metal Sign,6.04,1,16219,United Kingdom,6.04
581219,12/8/2019,82582,Area Patrolled Metal Sign,6.04,1,16219,United Kingdom,6.04
581219,12/8/2019,82583,Hot Baths Metal Sign,6.04,1,16219,United Kingdom,6.04
581219,12/8/2019,84029E,Red Woolly Hottie White Heart,6.04,1,16219,United Kingdom,6.04
581219,12/8/2019,84030E,English Rose Hot Water Bottle,6.04,1,16219,United Kingdom,6.04
581219,12/8/2019,84031A,Charlie+Lola Red Hot Water Bottle,6.04,5,16219,United Kingdom,30.2
581219,12/8/2019,84031B,Charlie Lola Blue Hot Water Bottle,6.04,3,16219,United Kingdom,18.12
581219,12/8/2019,84032A,Charlie+Lola Pink Hot Water Bottle,6.04,4,16219,United Kingdom,24.16
581219,12/8/2019,84032B,Charlie + Lola Red Hot Water Bottle,6.04,2,16219,United Kingdom,12.08
581219,12/8/2019,84347,Rotating Silver Angels T-Light Hldr,6.04,4,16219,United Kingdom,24.16
581219,12/8/2019,84375,Set Of 20 Kids Cookie Cutters,6.04,1,16219,United Kingdom,6.04
581219,12/8/2019,84380,Set Of 3 Butterfly Cookie Cutters,6.04,3,16219,United Kingdom,18.12
581219,12/8/2019,84535B,Fairy Cakes Notebook A6 Size,6.19,1,16219,United Kingdom,6.19
581219,12/8/2019,84536A,English Rose Notebook A7 Size,6.19,2,16219,United Kingdom,12.38
581219,12/8/2019,84568,Girls Alphabet Iron On Patches,6.19,6,16219,United Kingdom,37.14
581219,12/8/2019,84580,Mouse Toy With Pink T-Shirt,6.19,1,16219,United Kingdom,6.19
581219,12/8/2019,84596B,Small Dolly Mix Design Orange Bowl,6.19,2,16219,United Kingdom,12.38
581219,12/8/2019,84596F,Small Marshmallows Pink Bowl,6.19,1,16219,United Kingdom,6.19
581219,12/8/2019,84596G,Small Chocolates Pink Bowl,6.19,1,16219,United Kingdom,6.19
581219,12/8/2019,84661A,White Square Table Clock,6.19,1,16219,United Kingdom,6.19
581219,12/8/2019,84661B,Black Square Table Clock,6.19,1,16219,United Kingdom,6.19
581219,12/8/2019,84692,Box Of 24 Cocktail Parasols,6.19,3,16219,United Kingdom,18.57
581219,12/8/2019,84828,Jungle Popsicles Ice Lolly Moulds,6.19,2,16219,United Kingdom,12.38
581219,12/8/2019,84832,Zinc Willie Winkie Candle Stick,6.19,2,16219,United Kingdom,12.38
581219,12/8/2019,84836,Zinc Metal Heart Decoration,6.19,1,16219,United Kingdom,6.19
581219,12/8/2019,84923,Pink Butterfly Handbag W Bobbles,6.19,2,16219,United Kingdom,12.38
581219,12/8/2019,84945,Multi Colour Silver T-Light Holder,6.19,6,16219,United Kingdom,37.14
581219,12/8/2019,84946,Antique Silver T-Light Glass,6.19,15,16219,United Kingdom,92.85
581219,12/8/2019,84949,Silver Hanging T-Light Holder,6.19,4,16219,United Kingdom,24.76
581219,12/8/2019,84950,Assorted Colour T-Light Holder,6.19,6,16219,United Kingdom,37.14
581219,12/8/2019,84970L,Single Heart Zinc T-Light Holder,6.19,1,16219,United Kingdom,6.19
581219,12/8/2019,84970S,Hanging Heart Zinc T-Light Holder,6.19,2,16219,United Kingdom,12.38
581219,12/8/2019,84978,Hanging Heart Jar T-Light Holder,6.19,1,16219,United Kingdom,6.19
581219,12/8/2019,84988,Set Of 72 Pink Heart Paper Doilies,6.19,1,16219,United Kingdom,6.19
581219,12/8/2019,84991,60 Teatime Fairy Cake Cases,6.19,2,16219,United Kingdom,12.38
581219,12/8/2019,84992,72 Sweetheart Fairy Cake Cases,6.19,1,16219,United Kingdom,6.19
581219,12/8/2019,85025B,Eau De Nile Heart Shape Photo Frame,6.19,1,16219,United Kingdom,6.19
581219,12/8/2019,85032C,Curious Images Gift Wrap Set,6.19,2,16219,United Kingdom,12.38
581219,12/8/2019,85034B,3 White Choc Morris Boxed Candles,7.24,1,16219,United Kingdom,7.24
581219,12/8/2019,85039A,Set/4 Red Mini Rose Candle In Bowl,7.24,5,16219,United Kingdom,36.2
581219,12/8/2019,85039B,S/4 Ivory Mini Rose Candle In Bowl,7.24,1,16219,United Kingdom,7.24
581219,12/8/2019,85039C,S/4 Black Mini Rose Candle In Bowl,7.24,1,16219,United Kingdom,7.24
581219,12/8/2019,85040A,S/4 Pink Flower Candles In Bowl,7.24,2,16219,United Kingdom,14.48
581219,12/8/2019,85048,15cm Christmas Glass Ball 20 Lights,7.24,1,16219,United Kingdom,7.24
581219,12/8/2019,85049A,Traditional Christmas Ribbons,7.24,3,16219,United Kingdom,21.72
581219,12/8/2019,85049C,Romantic Pinks Ribbons,7.24,1,16219,United Kingdom,7.24
581219,12/8/2019,85049H,Urban Black Ribbons,7.24,4,16219,United Kingdom,28.96
581219,12/8/2019,85094,Candy Spot Egg Warmer Rabbit,7.24,3,16219,United Kingdom,21.72
581219,12/8/2019,85123A,Cream Hanging Heart T-Light Holder,7.24,3,16219,United Kingdom,21.72
581219,12/8/2019,85150,Ladies & Gentlemen Metal Sign,7.24,1,16219,United Kingdom,7.24
581219,12/8/2019,85152,Hand Over The Chocolate Sign,7.24,4,16219,United Kingdom,28.96
581219,12/8/2019,85169A,Ivory Love Bird Candle,7.24,2,16219,United Kingdom,14.48
581219,12/8/2019,85169B,Black Love Bird Candle,7.24,2,16219,United Kingdom,14.48
581219,12/8/2019,85176,Sewing Susan 21 Needle Set,7.24,2,16219,United Kingdom,14.48
581219,12/8/2019,85179A,Green Bitty Light Chain,7.24,1,16219,United Kingdom,7.24
581219,12/8/2019,85179C,Pink Bitty Light Chain,7.24,2,16219,United Kingdom,14.48
581219,12/8/2019,85199S,Small Hanging Ivory/Red Wood Bird,7.24,5,16219,United Kingdom,36.2
581219,12/8/2019,85227,Set Of 6 3d Kit Cards For Kids,7.24,1,16219,United Kingdom,7.24
581219,12/8/2019,85231B,Cinammon Set Of 9 T-Lights,7.24,1,16219,United Kingdom,7.24
581219,12/8/2019,85232D,Set/3 Decoupage Stacking Tins,6.19,1,16219,United Kingdom,6.19
581219,12/8/2019,90003C,Midnight Blue Pair Heart Hair Slide,6.19,1,16219,United Kingdom,6.19
581219,12/8/2019,90016C,Silver/Black Pendant Orbit Necklace,6.19,1,16219,United Kingdom,6.19
581219,12/8/2019,90019C,Silver Black Orbit Bracelet,6.19,1,16219,United Kingdom,6.19
581219,12/8/2019,90039C,Fire Polished Glass Bracelet Black,6.19,1,16219,United Kingdom,6.19
581219,12/8/2019,90083,Crystal Czech Cross Phone Charm,6.19,1,16219,United Kingdom,6.19
581219,12/8/2019,90101,White Frangipani Necklace,6.19,1,16219,United Kingdom,6.19
581219,12/8/2019,90114,Summer Daisies Bag Charm,6.19,1,16219,United Kingdom,6.19
581219,12/8/2019,90160C,Turq+Red Boudicca Large Bracelet,6.19,1,16219,United Kingdom,6.19
581219,12/8/2019,90161A,Ant Copper Red Boudicca Bracelet,6.19,1,16219,United Kingdom,6.19
581219,12/8/2019,90161B,Ant Copper Turq Boudicca Bracelet,6.04,1,16219,United Kingdom,6.04
581219,12/8/2019,90161C,Ant Copper Lime Boudicca Bracelet,6.04,1,16219,United Kingdom,6.04
581219,12/8/2019,90161D,Ant Copper Pink Boudicca Bracelet,6.04,2,16219,United Kingdom,12.08
581219,12/8/2019,90166,Pink & White Rosebud Ring,6.19,1,16219,United Kingdom,6.19
581219,12/8/2019,90170,Daisy Hair Band,6.19,1,16219,United Kingdom,6.19
581219,12/8/2019,90179A,Amber Fine Bead Necklace W Tassel,6.19,1,16219,United Kingdom,6.19
581219,12/8/2019,90187B,Green Drop Earrings W Bead Cluster,6.19,1,16219,United Kingdom,6.19
581219,12/8/2019,90198A,Vintage Rose Bead Bracelet Raspberr,6.19,1,16219,United Kingdom,6.19
581219,12/8/2019,90200A,Purple Sweetheart Bracelet,6.19,1,16219,United Kingdom,6.19
581219,12/8/2019,90200B,Black Sweetheart Bracelet,6.19,1,16219,United Kingdom,6.19
581219,12/8/2019,90200D,Pink Sweetheart Bracelet,6.19,2,16219,United Kingdom,12.38
581219,12/8/2019,90200E,Green Sweetheart Bracelet,6.19,1,16219,United Kingdom,6.19
581219,12/8/2019,90206A,Gold Diamante Star Brooch,6.19,1,16219,United Kingdom,6.19
581219,12/8/2019,90206C,Crystal Diamante Star Brooch,6.19,2,16219,United Kingdom,12.38
581219,12/8/2019,90208,Pair Of Pink Flower Cluster Slide,6.19,2,16219,United Kingdom,12.38
581219,12/8/2019,23103,Jingle Bell Heart Decoration,6.19,21,16219,United Kingdom,129.99
581219,12/8/2019,23199,Jumbo Bag Apples,6.04,2,16219,United Kingdom,12.08
581219,12/8/2019,23200,Jumbo Bag Pears,6.04,1,16219,United Kingdom,6.04
581219,12/8/2019,23201,Jumbo Bag Alphabet,6.04,4,16219,United Kingdom,24.16
581219,12/8/2019,23202,Jumbo Bag Vintage Leaf,6.04,1,16219,United Kingdom,6.04
581219,12/8/2019,23203,Jumbo Bag Vintage Doily,6.04,3,16219,United Kingdom,18.12
581219,12/8/2019,23343,Jumbo Bag Vintage Christmas,6.19,4,16219,United Kingdom,24.76
581219,12/8/2019,23344,Jumbo Bag 50'S Christmas,6.19,6,16219,United Kingdom,37.14
581219,12/8/2019,20712,Jumbo Bag Woodland Animals,7.24,1,16219,United Kingdom,7.24
581219,12/8/2019,20713,Jumbo Bag Owls,7.24,1,16219,United Kingdom,7.24
581219,12/8/2019,21929,Jumbo Bag Pink Vintage Paisley,6.19,1,16219,United Kingdom,6.19
581219,12/8/2019,22385,Jumbo Bag Spaceboy Design,6.04,1,16219,United Kingdom,6.04
581219,12/8/2019,23581,Jumbo Bag Paisley Park,7.24,4,16219,United Kingdom,28.96
581219,12/8/2019,23582,Vintage Doily Jumbo Bag Red,7.24,5,16219,United Kingdom,36.2
581219,12/8/2019,85099B,Jumbo Bag Red Retrospot,7.24,2,16219,United Kingdom,14.48
581219,12/8/2019,85099C,Jumbo Bag Baroque Black White,7.24,5,16219,United Kingdom,36.2
581219,12/8/2019,85099F,Jumbo Bag Strawberry,7.24,1,16219,United Kingdom,7.24
581219,12/8/2019,23206,Lunch Bag Apple Design,6.19,2,16219,United Kingdom,12.38
581219,12/8/2019,23207,Lunch Bag Alphabet Design,6.19,1,16219,United Kingdom,6.19
581219,12/8/2019,23209,Lunch Bag Vintage Doily,6.04,2,16219,United Kingdom,12.08
581219,12/8/2019,20725,Lunch Bag Red Retrospot,7.24,2,16219,United Kingdom,14.48
581219,12/8/2019,20728,Lunch Bag Cars Blue,7.24,3,16219,United Kingdom,21.72
581219,12/8/2019,22382,Lunch Bag Spaceboy Design,6.04,8,16219,United Kingdom,48.32
581219,12/8/2019,22383,Lunch Bag Suki Design,6.04,2,16219,United Kingdom,12.08
581219,12/8/2019,22384,Lunch Bag Pink Polkadot,6.04,1,16219,United Kingdom,6.04
581219,12/8/2019,23583,Lunch Bag Paisley Park,7.24,5,16219,United Kingdom,36.2
581219,12/8/2019,23681,Lunch Bag Red Vintage Doily,6.19,1,16219,United Kingdom,6.19
581219,12/8/2019,22821,Gift Bag Psychedelic Apples,6.19,1,16219,United Kingdom,6.19
581219,12/8/2019,23375,50'S Christmas Paper Gift Bag,6.19,1,16219,United Kingdom,6.19
581219,12/8/2019,23437,50'S Christmas Gift Bag Large,6.19,1,16219,United Kingdom,6.19
581219,12/8/2019,21289,Large Stripes Chocolate Gift Bag,6.19,1,16219,United Kingdom,6.19
581220,12/8/2019,16225,Rattle Snake Eggs,6.19,24,13924,United Kingdom,148.56
581220,12/8/2019,16258A,Swirly Circular Rubbers In Bag,6.19,36,13924,United Kingdom,222.84
581220,12/8/2019,21411,Gingham Heart Doorstop Red,6.19,8,13924,United Kingdom,49.52
581220,12/8/2019,21408,Spotty Pink Duck Doorstop,6.19,8,13924,United Kingdom,49.52
581220,12/8/2019,22068,Black Pirate Treasure Chest,6.19,48,13924,United Kingdom,297.12
581220,12/8/2019,22217,T-Light Holder Hanging Lace,6.19,12,13924,United Kingdom,74.28
581220,12/8/2019,22299,Pig Keyring With Light & Sound,6.19,48,13924,United Kingdom,297.12
581220,12/8/2019,22406,Money Box Kings Choice Design,6.19,12,13924,United Kingdom,74.28
581220,12/8/2019,22464,Hanging Metal Heart Lantern,6.19,12,13924,United Kingdom,74.28
581220,12/8/2019,22438,Balloon Art Make Your Own Flowers,6.04,50,13924,United Kingdom,302
581220,12/8/2019,22496,Set Of 2 Round Tins Dutch Cheese,6.19,12,13924,United Kingdom,74.28
581220,12/8/2019,22500,Set Of 2 Tins Jardin De Provence,6.19,6,13924,United Kingdom,37.14
581220,12/8/2019,22646,Ceramic Strawberry Cake Money Bank,6.19,36,13924,United Kingdom,222.84
581220,12/8/2019,22644,Ceramic Cherry Cake Money Bank,6.19,36,13924,United Kingdom,222.84
581220,12/8/2019,22723,Set Of 6 Herb Tins Sketchbook,6.19,12,13924,United Kingdom,74.28
581220,12/8/2019,22753,Small Yellow Babushka Notebook,6.19,24,13924,United Kingdom,148.56
581220,12/8/2019,22754,Small Red Babushka Notebook,6.19,24,13924,United Kingdom,148.56
581220,12/8/2019,84971S,Small Heart Flowers Hook,6.19,24,13924,United Kingdom,148.56
581220,12/8/2019,20992,Jazz Hearts Purse Notebook,6.19,24,13924,United Kingdom,148.56
581220,12/8/2019,35953,Folkart Star Christmas Decorations,6.19,24,13924,United Kingdom,148.56
581220,12/8/2019,23506,Mini Playing Cards Spaceboy,6.19,20,13924,United Kingdom,123.8
581220,12/8/2019,22422,Toothpaste Tube Pen,6.19,50,13924,United Kingdom,309.5
581220,12/8/2019,21115,Rose Caravan Doorstop,6.19,8,13924,United Kingdom,49.52
581220,12/8/2019,22544,Mini Jigsaw Spaceboy,6.19,48,13924,United Kingdom,297.12
581220,12/8/2019,23235,Storage Tin Vintage Leaf,6.19,12,13924,United Kingdom,74.28
581220,12/8/2019,23425,Storage Tin Home Sweet Home,6.19,12,13924,United Kingdom,74.28
581220,12/8/2019,22969,Homemade Jam Scented Candles,6.19,12,13924,United Kingdom,74.28
581221,12/8/2019,85199L,Large Hanging Ivory & Red Wood Bird,6.19,60,17856,United Kingdom,371.4
581221,12/8/2019,22571,Rocking Horse Red Christmas,6.19,84,17856,United Kingdom,519.96
581221,12/8/2019,23211,Red Rocking Horse Hand Painted,6.19,48,17856,United Kingdom,297.12
581221,12/8/2019,23213,Star Wreath Decoration With Bell,7.24,36,17856,United Kingdom,260.64
581221,12/8/2019,23212,Heart Wreath Decoration With Bell,7.24,36,17856,United Kingdom,260.64
581222,12/8/2019,22197,Popcorn Holder,7.24,12,14520,United Kingdom,86.88
581222,12/8/2019,20685,Doormat Red Retrospot,7.24,4,14520,United Kingdom,28.96
581222,12/8/2019,85099B,Jumbo Bag Red Retrospot,7.24,30,14520,United Kingdom,217.2
581223,12/8/2019,21462,Nursery A B C Painted Letters,7.24,8,15237,United Kingdom,57.92
581223,12/8/2019,22319,Hairclips Forties Fabric Assorted,7.24,36,15237,United Kingdom,260.64
581223,12/8/2019,22509,Sewing Box Retrospot Design,7.24,4,15237,United Kingdom,28.96
581223,12/8/2019,22743,Make Your Own Flowerpower Card Kit,7.24,12,15237,United Kingdom,86.88
581223,12/8/2019,22744,Make Your Own Monsoon Card Kit,6.19,12,15237,United Kingdom,74.28
581223,12/8/2019,23239,Set Of 4 Knick Knack Tins Poppies,6.19,6,15237,United Kingdom,37.14
581223,12/8/2019,23206,Lunch Bag Apple Design,7.24,10,15237,United Kingdom,72.4
581224,12/8/2019,23552,Bicycle Puncture Repair Kit,6.19,6,17631,United Kingdom,37.14
581224,12/8/2019,22319,Hairclips Forties Fabric Assorted,6.19,36,17631,United Kingdom,222.84
581224,12/8/2019,22722,Set Of 6 Spice Tins Pantry Design,6.19,4,17631,United Kingdom,24.76
581224,12/8/2019,21485,Retrospot Heart Hot Water Bottle,6.19,3,17631,United Kingdom,18.57
581224,12/8/2019,20996,Jazz Hearts Address Book,6.19,24,17631,United Kingdom,148.56
581224,12/8/2019,47504H,English Rose Spirit Level,6.19,12,17631,United Kingdom,74.28
581224,12/8/2019,51014A,Feather Pen Hot Pink,6.19,24,17631,United Kingdom,148.56
581224,12/8/2019,85071B,Red Charlie+Lola Personal Doorsign,6.19,24,17631,United Kingdom,148.56
581224,12/8/2019,21051,Ribbons Purse,6.19,6,17631,United Kingdom,37.14
581224,12/8/2019,23583,Lunch Bag Paisley Park,6.19,10,17631,United Kingdom,61.9
581225,12/8/2019,84380,Set Of 3 Butterfly Cookie Cutters,6.19,12,17677,United Kingdom,74.28
581225,12/8/2019,84378,Set Of 3 Heart Cookie Cutters,6.19,12,17677,United Kingdom,74.28
581225,12/8/2019,23163,Regency Sugar Tongs,6.19,8,17677,United Kingdom,49.52
581225,12/8/2019,23293,Set Of 12 Fairy Cake Baking Cases,6.19,8,17677,United Kingdom,49.52
581225,12/8/2019,84992,72 Sweetheart Fairy Cake Cases,6.19,24,17677,United Kingdom,148.56
581225,12/8/2019,21976,Pack Of 60 Mushroom Cake Cases,6.19,24,17677,United Kingdom,148.56
581225,12/8/2019,21977,Pack Of 60 Pink Paisley Cake Cases,6.19,24,17677,United Kingdom,148.56
581225,12/8/2019,23307,Set Of 60 Pantry Design Cake Cases,6.19,24,17677,United Kingdom,148.56
581225,12/8/2019,23341,Pink Diner Wall Clock,6.19,2,17677,United Kingdom,12.38
581225,12/8/2019,22192,Blue Diner Wall Clock,6.19,2,17677,United Kingdom,12.38
581225,12/8/2019,22726,Alarm Clock Bakelike Green,6.19,4,17677,United Kingdom,24.76
581225,12/8/2019,22727,Alarm Clock Bakelike Red,6.19,4,17677,United Kingdom,24.76
581225,12/8/2019,22952,60 Cake Cases Vintage Christmas,6.19,24,17677,United Kingdom,148.56
581225,12/8/2019,23350,Roll Wrap Vintage Spot,6.19,12,17677,United Kingdom,74.28
581225,12/8/2019,22197,Popcorn Holder,6.19,12,17677,United Kingdom,74.28
581225,12/8/2019,23084,Rabbit Night Light,6.19,24,17677,United Kingdom,148.56
581225,12/8/2019,21731,Red Toadstool Led Night Light,6.19,24,17677,United Kingdom,148.56
581225,12/8/2019,23581,Jumbo Bag Paisley Park,6.04,100,17677,United Kingdom,604
581225,12/8/2019,20713,Jumbo Bag Owls,6.19,100,17677,United Kingdom,619
581227,12/8/2019,23562,Set Of 6 Ribbons Perfectly Pretty,6.19,6,17677,United Kingdom,37.14
581227,12/8/2019,22139,Retrospot Tea Set Ceramic 11 Pc,6.19,6,17677,United Kingdom,37.14
581230,12/8/2019,22617,Baking Set Spaceboy Design,6.19,3,14291,United Kingdom,18.57
581230,12/8/2019,22083,Paper Chain Kit Retrospot,6.19,12,14291,United Kingdom,74.28
581230,12/8/2019,23497,Classic Chrome Bicycle Bell,6.19,12,14291,United Kingdom,74.28
581230,12/8/2019,22090,Paper Bunting Retrospot,6.19,12,14291,United Kingdom,74.28
581230,12/8/2019,22899,Children's Apron Dolly Girl,6.19,6,14291,United Kingdom,37.14
581230,12/8/2019,23390,Dolly Girl Mini Backpack,6.19,4,14291,United Kingdom,24.76
581230,12/8/2019,23389,Spaceboy Mini Backpack,6.19,4,14291,United Kingdom,24.76
581230,12/8/2019,22629,Spaceboy Lunch Box,6.19,12,14291,United Kingdom,74.28
581230,12/8/2019,22367,Childrens Apron Spaceboy Design,6.19,8,14291,United Kingdom,49.52
581230,12/8/2019,23281,Folding Butterfly Mirror Red,6.19,12,14291,United Kingdom,74.28
581230,12/8/2019,22138,Baking Set 9 Piece Retrospot,6.19,6,14291,United Kingdom,37.14
581230,12/8/2019,22139,Retrospot Tea Set Ceramic 11 Pc,6.19,6,14291,United Kingdom,37.14
581230,12/8/2019,22492,Mini Paint Set Vintage,6.19,36,14291,United Kingdom,222.84
581230,12/8/2019,22560,Traditional Modelling Clay,6.19,24,14291,United Kingdom,148.56
581230,12/8/2019,23229,Vintage Donkey Tail Game,6.19,6,14291,United Kingdom,37.14
581230,12/8/2019,22536,Magic Drawing Slate Purdey,6.19,24,14291,United Kingdom,148.56
581230,12/8/2019,22534,Magic Drawing Slate Spaceboy,6.19,24,14291,United Kingdom,148.56
581230,12/8/2019,22530,Magic Drawing Slate Dolly Girl,6.19,24,14291,United Kingdom,148.56
581230,12/8/2019,23368,Set 12 Colour Pencils Dolly Girl,6.19,24,14291,United Kingdom,148.56
581230,12/8/2019,23367,Set 12 Colour Pencils Spaceboy,6.19,24,14291,United Kingdom,148.56
581230,12/8/2019,20973,12 Pencil Small Tube Woodland,6.19,24,14291,United Kingdom,148.56
581230,12/8/2019,21509,Cowboys And Indians Birthday Card,6.19,12,14291,United Kingdom,74.28
581230,12/8/2019,21508,Vintage Kid Dolly Card,6.19,12,14291,United Kingdom,74.28
581230,12/8/2019,22027,Tea Party Birthday Card,6.19,12,14291,United Kingdom,74.28
581230,12/8/2019,22037,Robot Birthday Card,6.19,12,14291,United Kingdom,74.28
581230,12/8/2019,22712,Card Dolly Girl,6.19,12,14291,United Kingdom,74.28
581230,12/8/2019,22029,Spaceboy Birthday Card,6.19,12,14291,United Kingdom,74.28
581230,12/8/2019,22046,Tea Party Wrapping Paper,6.19,25,14291,United Kingdom,154.75
581230,12/8/2019,22708,Wrap Dolly Girl,6.19,25,14291,United Kingdom,154.75
581230,12/8/2019,21498,Red Retrospot Wrap,6.19,25,14291,United Kingdom,154.75
581230,12/8/2019,22382,Lunch Bag Spaceboy Design,6.19,10,14291,United Kingdom,61.9
581230,12/8/2019,22662,Lunch Bag Dolly Girl Design,6.19,10,14291,United Kingdom,61.9
581230,12/8/2019,23207,Lunch Bag Alphabet Design,6.19,10,14291,United Kingdom,61.9
581230,12/8/2019,20726,Lunch Bag Woodland,6.19,10,14291,United Kingdom,61.9
581231,12/8/2019,23569,Tradtional Alphabet Stamp Set,6.19,4,14291,United Kingdom,24.76
581232,12/8/2019,20679,Edwardian Parasol Red,6.19,24,12358,Austria,148.56
581232,12/8/2019,15056N,Edwardian Parasol Natural,6.19,24,12358,Austria,148.56
581232,12/8/2019,15056P,Edwardian Parasol Pink,6.19,12,12358,Austria,74.28
581232,12/8/2019,22059,Ceramic Strawberry Design Mug,6.19,24,12358,Austria,148.56
581232,12/8/2019,22646,Ceramic Strawberry Cake Money Bank,6.19,36,12358,Austria,222.84
581233,12/8/2019,22178,Victorian Glass Hanging T-Light,6.19,6,13436,United Kingdom,37.14
581233,12/8/2019,22423,Regency Cakestand 3 Tier,6.19,2,13436,United Kingdom,12.38
581233,12/8/2019,22622,Box Of Vintage Alphabet Blocks,6.19,2,13436,United Kingdom,12.38
581233,12/8/2019,23176,Abc Treasure Book Box,6.19,8,13436,United Kingdom,49.52
581233,12/8/2019,23012,Glass Apothecary Bottle Perfume,6.19,4,13436,United Kingdom,24.76
581233,12/8/2019,22625,Red Kitchen Scales,6.19,2,13436,United Kingdom,12.38
581233,12/8/2019,23394,Poste France Cushion Cover,6.19,4,13436,United Kingdom,24.76
581233,12/8/2019,23396,Le Jardin Botanique Cushion Cover,6.19,4,13436,United Kingdom,24.76
581233,12/8/2019,84832,Zinc Willie Winkie Candle Stick,7.24,12,13436,United Kingdom,86.88
581233,12/8/2019,22846,Bread Bin Diner Style Red,7.24,1,13436,United Kingdom,7.24
581233,12/8/2019,21497,Fancy Fonts Birthday Wrap,7.24,25,13436,United Kingdom,181
581233,12/8/2019,23455,Small Parlour Picture Frame,7.24,6,13436,United Kingdom,43.44
581236,12/8/2019,22059,Ceramic Strawberry Design Mug,7.24,24,13468,United Kingdom,173.76
581236,12/8/2019,22055,Mini Cake Stand Hanging Strawbery,7.24,16,13468,United Kingdom,115.84
581236,12/8/2019,22063,Ceramic Bowl With Strawberry Design,7.24,18,13468,United Kingdom,130.32
581236,12/8/2019,22646,Ceramic Strawberry Cake Money Bank,7.24,36,13468,United Kingdom,260.64
581236,12/8/2019,22644,Ceramic Cherry Cake Money Bank,7.24,36,13468,United Kingdom,260.64
581236,12/8/2019,22645,Ceramic Heart Fairy Cake Money Bank,7.24,36,13468,United Kingdom,260.64
581236,12/8/2019,23320,Giant 50'S Christmas Cracker,6.19,12,13468,United Kingdom,74.28
581236,12/8/2019,21623,Vintage Union Jack Memoboard,6.19,2,13468,United Kingdom,12.38
581236,12/8/2019,22666,Recipe Box Pantry Yellow Design,6.19,6,13468,United Kingdom,37.14
581237,12/8/2019,23498,Classic Bicycle Clips,6.19,1,15443,United Kingdom,6.19
581237,12/8/2019,23507,Mini Playing Cards Buffalo Bill,6.19,1,15443,United Kingdom,6.19
581237,12/8/2019,23509,Mini Playing Cards Fun Fair,6.19,2,15443,United Kingdom,12.38
581237,12/8/2019,23508,Mini Playing Cards Dolly Girl,6.19,3,15443,United Kingdom,18.57
581237,12/8/2019,23498,Classic Bicycle Clips,6.19,1,15443,United Kingdom,6.19
581237,12/8/2019,23497,Classic Chrome Bicycle Bell,6.19,1,15443,United Kingdom,6.19
581237,12/8/2019,22952,60 Cake Cases Vintage Christmas,6.19,4,15443,United Kingdom,24.76
581237,12/8/2019,23552,Bicycle Puncture Repair Kit,6.19,3,15443,United Kingdom,18.57
581237,12/8/2019,23497,Classic Chrome Bicycle Bell,6.19,1,15443,United Kingdom,6.19
581237,12/8/2019,23378,Pack Of 12 50'S Christmas Tissues,6.19,5,15443,United Kingdom,30.95
581237,12/8/2019,23509,Mini Playing Cards Fun Fair,6.19,2,15443,United Kingdom,12.38
581237,12/8/2019,21916,Set 12 Retro White Chalk Sticks,6.19,4,15443,United Kingdom,24.76
581237,12/8/2019,21889,Wooden Box Of Dominoes,6.19,1,15443,United Kingdom,6.19
581237,12/8/2019,23569,Tradtional Alphabet Stamp Set,6.19,2,15443,United Kingdom,12.38
581237,12/8/2019,23497,Classic Chrome Bicycle Bell,6.19,4,15443,United Kingdom,24.76
581237,12/8/2019,23552,Bicycle Puncture Repair Kit,6.19,1,15443,United Kingdom,6.19
581237,12/8/2019,23508,Mini Playing Cards Dolly Girl,6.19,1,15443,United Kingdom,6.19
581237,12/8/2019,23507,Mini Playing Cards Buffalo Bill,6.19,3,15443,United Kingdom,18.57
581237,12/8/2019,22948,Metal Decoration Naughty Children,6.19,7,15443,United Kingdom,43.33
581237,12/8/2019,21889,Wooden Box Of Dominoes,6.19,4,15443,United Kingdom,24.76
581237,12/8/2019,23378,Pack Of 12 50'S Christmas Tissues,6.19,1,15443,United Kingdom,6.19
581237,12/8/2019,23503,Playing Cards Keep Calm & Carry On,6.19,4,15443,United Kingdom,24.76
581237,12/8/2019,21135,Victorian Metal Postcard Spring,6.19,8,15443,United Kingdom,49.52
581237,12/8/2019,23552,Bicycle Puncture Repair Kit,6.19,2,15443,United Kingdom,12.38
581237,12/8/2019,22910,Paper Chain Kit Vintage Christmas,6.19,6,15443,United Kingdom,37.14
581237,12/8/2019,82567,Airline Lounge Metal Sign,6.19,4,15443,United Kingdom,24.76
581237,12/8/2019,82582,Area Patrolled Metal Sign,6.19,2,15443,United Kingdom,12.38
581237,12/8/2019,21174,Pottering In The Shed Metal Sign,6.19,2,15443,United Kingdom,12.38
581237,12/8/2019,23503,Playing Cards Keep Calm & Carry On,6.19,2,15443,United Kingdom,12.38
581237,12/8/2019,22086,Paper Chain Kit 50'S Christmas,6.19,7,15443,United Kingdom,43.33
581237,12/8/2019,22910,Paper Chain Kit Vintage Christmas,6.19,1,15443,United Kingdom,6.19
581237,12/8/2019,22086,Paper Chain Kit 50'S Christmas,6.19,8,15443,United Kingdom,49.52
581237,12/8/2019,22910,Paper Chain Kit Vintage Christmas,6.19,8,15443,United Kingdom,49.52
581237,12/8/2019,23378,Pack Of 12 50'S Christmas Tissues,6.19,1,15443,United Kingdom,6.19
581237,12/8/2019,22086,Paper Chain Kit 50'S Christmas,6.19,2,15443,United Kingdom,12.38
581237,12/8/2019,22909,Set Of 20 Vintage Christmas Napkins,6.19,7,15443,United Kingdom,43.33
581237,12/8/2019,23229,Vintage Donkey Tail Game,6.19,3,15443,United Kingdom,18.57
581237,12/8/2019,22360,Glass Jar English Confectionery,6.19,1,15443,United Kingdom,6.19
581237,12/8/2019,22362,Glass Jar Peacock Bath Salts,6.19,1,15443,United Kingdom,6.19
581237,12/8/2019,21591,Cosy Hour Cigar Box Matches,6.19,24,15443,United Kingdom,148.56
581237,12/8/2019,22111,Scottie Dog Hot Water Bottle,6.19,2,15443,United Kingdom,12.38
581237,12/8/2019,22112,Chocolate Hot Water Bottle,6.19,2,15443,United Kingdom,12.38
581237,12/8/2019,22835,Hot Water Bottle I Am So Poorly,6.19,2,15443,United Kingdom,12.38
581237,12/8/2019,23355,Hot Water Bottle Keep Calm,6.19,4,15443,United Kingdom,24.76
581237,12/8/2019,21485,Retrospot Heart Hot Water Bottle,6.19,2,15443,United Kingdom,12.38
581237,12/8/2019,22113,Grey Heart Hot Water Bottle,6.19,1,15443,United Kingdom,6.19
581237,12/8/2019,84030E,English Rose Hot Water Bottle,6.19,2,15443,United Kingdom,12.38
581237,12/8/2019,22113,Grey Heart Hot Water Bottle,6.19,3,15443,United Kingdom,18.57
581237,12/8/2019,23356,Love Hot Water Bottle,6.19,2,15443,United Kingdom,12.38
581237,12/8/2019,23328,Set 6 School Milk Bottles In Crate,6.19,6,15443,United Kingdom,37.14
581237,12/8/2019,84991,60 Teatime Fairy Cake Cases,6.19,1,15443,United Kingdom,6.19
581237,12/8/2019,22951,60 Cake Cases Dolly Girl Design,6.19,2,15443,United Kingdom,12.38
581237,12/8/2019,21977,Pack Of 60 Pink Paisley Cake Cases,6.19,3,15443,United Kingdom,18.57
581237,12/8/2019,22361,Glass Jar Daisy Fresh Cotton Wool,6.19,2,15443,United Kingdom,12.38
581237,12/8/2019,23012,Glass Apothecary Bottle Perfume,6.19,2,15443,United Kingdom,12.38
581238,12/8/2019,20676,Red Retrospot Bowl,6.19,2,16238,United Kingdom,12.38
581238,12/8/2019,20677,Pink Polkadot Bowl,6.19,1,16238,United Kingdom,6.19
581238,12/8/2019,20717,Strawberry Shopper Bag,6.19,1,16238,United Kingdom,6.19
581238,12/8/2019,20718,Red Retrospot Shopper Bag,6.19,2,16238,United Kingdom,12.38
581238,12/8/2019,20961,Strawberry Bath Sponge,6.19,1,16238,United Kingdom,6.19
581238,12/8/2019,20963,Apple Bath Sponge,6.19,1,16238,United Kingdom,6.19
581238,12/8/2019,20969,Red Floral Feltcraft Shoulder Bag,6.19,3,16238,United Kingdom,18.57
581238,12/8/2019,21042,Red Retrospot Apron,6.19,1,16238,United Kingdom,6.19
581238,12/8/2019,21115,Rose Caravan Doorstop,6.19,1,16238,United Kingdom,6.19
581238,12/8/2019,21137,Black Record Cover Frame,6.19,9,16238,United Kingdom,55.71
581238,12/8/2019,21155,Red Retrospot Peg Bag,6.19,4,16238,United Kingdom,24.76
581238,12/8/2019,21169,You're Confusing Me Metal Sign,6.19,1,16238,United Kingdom,6.19
581238,12/8/2019,21174,Pottering In The Shed Metal Sign,6.19,1,16238,United Kingdom,6.19
581238,12/8/2019,21181,Please One Person Metal Sign,6.19,6,16238,United Kingdom,37.14
581238,12/8/2019,21216,Set 3 Retrospot Tea/Coffee/Sugar,6.19,2,16238,United Kingdom,12.38
581238,12/8/2019,21217,Red Retrospot Round Cake Tins,6.19,1,16238,United Kingdom,6.19
581238,12/8/2019,21218,Red Spotty Biscuit Tin,6.19,6,16238,United Kingdom,37.14
581238,12/8/2019,21232,Strawberry Ceramic Trinket Pot,6.19,7,16238,United Kingdom,43.33
581238,12/8/2019,21239,Pink Polkadot Cup,6.19,1,16238,United Kingdom,6.19
581238,12/8/2019,21257,Victorian Sewing Box Medium,6.19,5,16238,United Kingdom,30.95
581238,12/8/2019,21259,Victorian Sewing Box Small,6.19,2,16238,United Kingdom,12.38
581238,12/8/2019,21329,Dinosaurs Writing Set,7.24,1,16238,United Kingdom,7.24
581238,12/8/2019,21411,Gingham Heart Doorstop Red,7.24,2,16238,United Kingdom,14.48
581238,12/8/2019,21430,Set/3 Red Gingham Rose Storage Box,7.24,4,16238,United Kingdom,28.96
581238,12/8/2019,21452,Toadstool Money Box,7.24,1,16238,United Kingdom,7.24
581238,12/8/2019,21485,Retrospot Heart Hot Water Bottle,7.24,1,16238,United Kingdom,7.24
581238,12/8/2019,21494,Rotating Leaves T-Light Holder,7.24,3,16238,United Kingdom,21.72
581238,12/8/2019,21558,Skull Lunch Box With Cutlery,7.24,2,16238,United Kingdom,14.48
581238,12/8/2019,21559,Strawberry Lunch Box With Cutlery,7.24,2,16238,United Kingdom,14.48
581238,12/8/2019,21581,Skulls Design Cotton Tote Bag,7.24,1,16238,United Kingdom,7.24
581238,12/8/2019,21731,Red Toadstool Led Night Light,7.24,7,16238,United Kingdom,50.68
581238,12/8/2019,21773,Decorative Rose Bathroom Bottle,7.24,1,16238,United Kingdom,7.24
581238,12/8/2019,21774,Decorative Cats Bathroom Bottle,7.24,1,16238,United Kingdom,7.24
581238,12/8/2019,21775,Decorative Flore Bathroom Bottle,7.24,1,16238,United Kingdom,7.24
581238,12/8/2019,21803,Christmas Tree Star Decoration,7.24,1,16238,United Kingdom,7.24
581238,12/8/2019,21812,Garland With Hearts And Bells,7.24,1,16238,United Kingdom,7.24
581238,12/8/2019,21864,Union Jack Flag Passport Cover,7.24,2,16238,United Kingdom,14.48
581238,12/8/2019,21874,Gin And Tonic Mug,6.19,1,16238,United Kingdom,6.19
581238,12/8/2019,21876,Pottering Mug,6.19,2,16238,United Kingdom,12.38
581238,12/8/2019,21881,Cute Cats Tape,6.19,1,16238,United Kingdom,6.19
581238,12/8/2019,21912,Vintage Snakes & Ladders,6.19,1,16238,United Kingdom,6.19
581238,12/8/2019,21916,Set 12 Retro White Chalk Sticks,6.19,4,16238,United Kingdom,24.76
581238,12/8/2019,21930,Jumbo Storage Bag Skulls,6.19,1,16238,United Kingdom,6.19
581238,12/8/2019,21931,Jumbo Storage Bag Suki,6.04,7,16238,United Kingdom,42.28
581238,12/8/2019,21934,Skull Shoulder Bag,6.19,1,16238,United Kingdom,6.19
581238,12/8/2019,21944,Kittens Design Flannel,6.19,1,16238,United Kingdom,6.19
581238,12/8/2019,21949,Set Of 6 Strawberry Chopsticks,6.19,1,16238,United Kingdom,6.19
581238,12/8/2019,21974,Set Of 36 Paisley Flower Doilies,6.19,1,16238,United Kingdom,6.19
581238,12/8/2019,21982,Pack Of 12 Suki Tissues,6.19,1,16238,United Kingdom,6.19
581238,12/8/2019,22069,Brown Pirate Treasure Chest,6.19,4,16238,United Kingdom,24.76
581238,12/8/2019,22075,6 Ribbons Elegant Christmas,6.19,1,16238,United Kingdom,6.19
581238,12/8/2019,22077,6 Ribbons Rustic Charm,6.19,1,16238,United Kingdom,6.19
581238,12/8/2019,22086,Paper Chain Kit 50'S Christmas,6.19,49,16238,United Kingdom,303.31
581238,12/8/2019,22109,Full English Breakfast Plate,6.19,1,16238,United Kingdom,6.19
581238,12/8/2019,22114,Hot Water Bottle Tea And Sympathy,6.19,42,16238,United Kingdom,259.98
581238,12/8/2019,22131,Food Container Set 3 Love Heart,6.19,2,16238,United Kingdom,12.38
581238,12/8/2019,22135,Mini Ladle Love Heart Pink,6.19,1,16238,United Kingdom,6.19
581238,12/8/2019,22136,Love Heart Sock Hanger,6.19,2,16238,United Kingdom,12.38
581238,12/8/2019,22139,Retrospot Tea Set Ceramic 11 Pc,7.24,1,16238,United Kingdom,7.24
581238,12/8/2019,22141,Christmas Craft Tree Top Angel,7.24,13,16238,United Kingdom,94.12
581238,12/8/2019,22142,Christmas Craft White Fairy,7.24,5,16238,United Kingdom,36.2
581238,12/8/2019,22144,Christmas Craft Little Friends,6.19,6,16238,United Kingdom,37.14
581238,12/8/2019,22166,Wall Mirror Rectangle Diamante Pink,6.19,1,16238,United Kingdom,6.19
581238,12/8/2019,22173,Metal 4 Hook Hanger French Chateau,6.19,2,16238,United Kingdom,12.38
581238,12/8/2019,22174,Photo Cube,6.19,3,16238,United Kingdom,18.57
581238,12/8/2019,22178,Victorian Glass Hanging T-Light,6.19,6,16238,United Kingdom,37.14
581238,12/8/2019,22179,Set 10 Night Owl Lights,6.19,2,16238,United Kingdom,12.38
581238,12/8/2019,22188,Black Heart Card Holder,6.19,1,16238,United Kingdom,6.19
581238,12/8/2019,22195,Large Heart Measuring Spoons,6.19,2,16238,United Kingdom,12.38
581238,12/8/2019,22207,Frying Pan Union Flag,6.19,1,16238,United Kingdom,6.19
581238,12/8/2019,22278,Overnight Bag Vintage Rose Paisley,6.19,3,16238,United Kingdom,18.57
581238,12/8/2019,22297,Heart Ivory Trellis Small,6.19,3,16238,United Kingdom,18.57
581238,12/8/2019,22300,Coffee Mug Dog + Ball Design,6.19,1,16238,United Kingdom,6.19
581238,12/8/2019,22314,Office Mug Warmer Choc+Blue,6.19,1,16238,United Kingdom,6.19
581238,12/8/2019,22327,Round Snack Boxes Set Of 4 Skulls,6.19,1,16238,United Kingdom,6.19
581238,12/8/2019,22341,Love Garland Painted Zinc,6.19,1,16238,United Kingdom,6.19
581238,12/8/2019,22352,Lunch Box With Cutlery Retrospot,6.19,4,16238,United Kingdom,24.76
581238,12/8/2019,22358,Kings Choice Tea Caddy,6.19,1,16238,United Kingdom,6.19
581238,12/8/2019,22367,Childrens Apron Spaceboy Design,6.19,1,16238,United Kingdom,6.19
581238,12/8/2019,22379,Recycling Bag Retrospot,6.19,6,16238,United Kingdom,37.14
581238,12/8/2019,22411,Jumbo Shopper Vintage Red Paisley,6.19,11,16238,United Kingdom,68.09
581238,12/8/2019,22414,Doormat Neighbourhood Witch,6.19,1,16238,United Kingdom,6.19
581238,12/8/2019,22418,10 Colour Spaceboy Pen,6.19,1,16238,United Kingdom,6.19
581238,12/8/2019,22422,Toothpaste Tube Pen,6.19,5,16238,United Kingdom,30.95
581238,12/8/2019,22425,Enamel Colander Cream,6.19,1,16238,United Kingdom,6.19
581238,12/8/2019,22429,Enamel Measuring Jug Cream,6.19,1,16238,United Kingdom,6.19
581238,12/8/2019,22457,Natural Slate Heart Chalkboard,6.04,12,16238,United Kingdom,72.48
581238,12/8/2019,22467,Gumball Coat Rack,6.19,1,16238,United Kingdom,6.19
581238,12/8/2019,22468,Babushka Lights String Of 10,6.19,1,16238,United Kingdom,6.19
581238,12/8/2019,22469,Heart Of Wicker Small,6.19,1,16238,United Kingdom,6.19
581238,12/8/2019,22470,Heart Of Wicker Large,6.19,1,16238,United Kingdom,6.19
581238,12/8/2019,22493,Paint Your Own Canvas Set,6.19,2,16238,United Kingdom,12.38
581238,12/8/2019,22507,Memo Board Retrospot Design,6.19,2,16238,United Kingdom,12.38
581238,12/8/2019,22549,Picture Dominoes,6.19,1,16238,United Kingdom,6.19
581238,12/8/2019,22551,Plasters In Tin Spaceboy,6.19,1,16238,United Kingdom,6.19
581238,12/8/2019,22621,Traditional Knitting Nancy,6.19,1,16238,United Kingdom,6.19
581238,12/8/2019,22622,Box Of Vintage Alphabet Blocks,6.19,1,16238,United Kingdom,6.19
581238,12/8/2019,22629,Spaceboy Lunch Box,6.19,3,16238,United Kingdom,18.57
581238,12/8/2019,22630,Dolly Girl Lunch Box,6.19,2,16238,United Kingdom,12.38
581238,12/8/2019,22632,Hand Warmer Red Retrospot,6.19,2,16238,United Kingdom,12.38
581238,12/8/2019,22644,Ceramic Cherry Cake Money Bank,6.19,1,16238,United Kingdom,6.19
581238,12/8/2019,22659,Lunch Box I Love London,6.19,1,16238,United Kingdom,6.19
581238,12/8/2019,22666,Recipe Box Pantry Yellow Design,6.19,16,16238,United Kingdom,99.04
581238,12/8/2019,22669,Red Baby Bunting,6.19,2,16238,United Kingdom,12.38
581238,12/8/2019,22692,Doormat Welcome To Our Home,6.19,1,16238,United Kingdom,6.19
581238,12/8/2019,22694,Wicker Star,6.19,1,16238,United Kingdom,6.19
581238,12/8/2019,22697,Green Regency Teacup And Saucer,6.19,1,16238,United Kingdom,6.19
581238,12/8/2019,22698,Pink Regency Teacup And Saucer,6.19,1,16238,United Kingdom,6.19
581238,12/8/2019,22699,Roses Regency Teacup And Saucer,6.19,1,16238,United Kingdom,6.19
581238,12/8/2019,22721,Set Of 3 Cake Tins Sketchbook,6.19,2,16238,United Kingdom,12.38
581238,12/8/2019,22722,Set Of 6 Spice Tins Pantry Design,6.19,1,16238,United Kingdom,6.19
581238,12/8/2019,22728,Alarm Clock Bakelike Pink,6.19,1,16238,United Kingdom,6.19
581238,12/8/2019,22734,Set Of 6 Ribbons Vintage Christmas,6.19,5,16238,United Kingdom,30.95
581238,12/8/2019,22757,Large Red Babushka Notebook,6.19,1,16238,United Kingdom,6.19
581238,12/8/2019,22776,Sweetheart 3 Tier Cake Stand,6.19,1,16238,United Kingdom,6.19
581238,12/8/2019,22781,Gumball Magazine Rack,6.04,1,16238,United Kingdom,6.04
581238,12/8/2019,22795,Sweetheart Recipe Book Stand,6.04,1,16238,United Kingdom,6.04
581238,12/8/2019,22813,Pack 3 Boxes Bird Panettone,6.04,1,16238,United Kingdom,6.04
581238,12/8/2019,22845,Vintage Cream Cat Food Container,6.04,1,16238,United Kingdom,6.04
581238,12/8/2019,22865,Hand Warmer Owl Design,6.19,4,16238,United Kingdom,24.76
581238,12/8/2019,22866,Hand Warmer Scotty Dog Design,6.19,4,16238,United Kingdom,24.76
581238,12/8/2019,22891,Tea For One Polkadot,6.19,1,16238,United Kingdom,6.19
581238,12/8/2019,22900,Set 2 Tea Towels I Love London,6.19,1,16238,United Kingdom,6.19
581238,12/8/2019,22910,Paper Chain Kit Vintage Christmas,6.19,4,16238,United Kingdom,24.76
581238,12/8/2019,22915,Assorted Bottle Top Magnets,6.19,6,16238,United Kingdom,37.14
581238,12/8/2019,22952,60 Cake Cases Vintage Christmas,6.19,3,16238,United Kingdom,18.57
581238,12/8/2019,22960,Jam Making Set With Jars,6.19,4,16238,United Kingdom,24.76
581238,12/8/2019,22961,Jam Making Set Printed,6.19,4,16238,United Kingdom,24.76
581238,12/8/2019,22972,Children's Spaceboy Mug,6.19,1,16238,United Kingdom,6.19
581238,12/8/2019,22988,Soldiers Egg Cup,6.19,1,16238,United Kingdom,6.19
581238,12/8/2019,22989,Set 2 Pantry Design Tea Towels,6.19,1,16238,United Kingdom,6.19
581238,12/8/2019,22993,Set Of 4 Pantry Jelly Moulds,6.19,1,16238,United Kingdom,6.19
581238,12/8/2019,22995,Travel Card Wallet Suki,6.19,4,16238,United Kingdom,24.76
581238,12/8/2019,23080,Red Metal Box Top Secret,6.19,1,16238,United Kingdom,6.19
581238,12/8/2019,23176,Abc Treasure Book Box,6.19,1,16238,United Kingdom,6.19
581238,12/8/2019,23177,Treasure Island Book Box,6.19,1,16238,United Kingdom,6.19
581238,12/8/2019,23182,Toilet Sign Occupied Or Vacant,6.19,1,16238,United Kingdom,6.19
581238,12/8/2019,23234,Biscuit Tin Vintage Christmas,6.19,1,16238,United Kingdom,6.19
581238,12/8/2019,23245,Set Of 3 Regency Cake Tins,6.19,5,16238,United Kingdom,30.95
581238,12/8/2019,23284,Doormat Keep Calm And Come In,7.24,2,16238,United Kingdom,14.48
581238,12/8/2019,23300,Gardeners Kneeling Pad Cup Of Tea,7.24,3,16238,United Kingdom,21.72
581238,12/8/2019,23301,Gardeners Kneeling Pad Keep Calm,7.24,35,16238,United Kingdom,253.4
581238,12/8/2019,23311,Vintage Christmas Stocking,7.24,3,16238,United Kingdom,21.72
581238,12/8/2019,23328,Set 6 School Milk Bottles In Crate,7.24,4,16238,United Kingdom,28.96
581238,12/8/2019,23349,Roll Wrap Vintage Christmas,7.24,4,16238,United Kingdom,28.96
581238,12/8/2019,23350,Roll Wrap Vintage Spot,7.24,1,16238,United Kingdom,7.24
581238,12/8/2019,23351,Roll Wrap 50'S Christmas,7.24,19,16238,United Kingdom,137.56
581238,12/8/2019,23352,Roll Wrap 50'S Red Christmas,7.24,5,16238,United Kingdom,36.2
581238,12/8/2019,23354,6 Gift Tags 50'S Christmas,7.24,4,16238,United Kingdom,28.96
581238,12/8/2019,23369,Set 36 Colour Pencils Love London,7.24,3,16238,United Kingdom,21.72
581238,12/8/2019,23370,Set 36 Colouring Pencils Doily,7.24,2,16238,United Kingdom,14.48
581238,12/8/2019,23371,Set 36 Colour Pencils Spaceboy,7.24,3,16238,United Kingdom,21.72
581238,12/8/2019,23382,Box Of 6 Christmas Cake Decorations,7.24,2,16238,United Kingdom,14.48
581238,12/8/2019,23474,Woodland Small Blue Felt Heart,7.24,4,16238,United Kingdom,28.96
581238,12/8/2019,23480,Mini Lights Woodland Mushrooms,7.24,1,16238,United Kingdom,7.24
581238,12/8/2019,23493,Vintage Doily Travel Sewing Kit,7.24,1,16238,United Kingdom,7.24
581238,12/8/2019,23535,Wall Art Bicycle Safety,7.24,2,16238,United Kingdom,14.48
581238,12/8/2019,23568,Egg Cup Henrietta Hen Cream,7.24,1,16238,United Kingdom,7.24
581238,12/8/2019,35970,Zinc Folkart Sleigh Bells,7.24,2,16238,United Kingdom,14.48
581238,12/8/2019,37340,Multicolour Spring Flower Mug,7.24,18,16238,United Kingdom,130.32
581238,12/8/2019,47559B,Tea Time Oven Glove,7.24,2,16238,United Kingdom,14.48
581238,12/8/2019,47591B,Scotties Childrens Apron,7.24,1,16238,United Kingdom,7.24
581238,12/8/2019,48138,Doormat Union Flag,7.24,1,16238,United Kingdom,7.24
581238,12/8/2019,72349B,Set/6 Purple Butterfly T-Lights,6.19,6,16238,United Kingdom,37.14
581238,12/8/2019,72801D,4 Sky Blue Dinner Candles,6.19,5,16238,United Kingdom,30.95
581238,12/8/2019,79321,Chilli Lights,6.19,7,16238,United Kingdom,43.33
581238,12/8/2019,82482,Wooden Picture Frame White Finish,6.19,3,16238,United Kingdom,18.57
581238,12/8/2019,82484,Wood Black Board Ant White Finish,6.19,1,16238,United Kingdom,6.19
581238,12/8/2019,82494L,Wooden Frame Antique White,6.19,5,16238,United Kingdom,30.95
581238,12/8/2019,82552,Washroom Metal Sign,6.19,3,16238,United Kingdom,18.57
581238,12/8/2019,21171,Bathroom Metal Sign,6.19,1,16238,United Kingdom,6.19
581238,12/8/2019,82600,N0 Singing Metal Sign,6.19,2,16238,United Kingdom,12.38
581238,12/8/2019,84029E,Red Woolly Hottie White Heart,6.19,10,16238,United Kingdom,61.9
581238,12/8/2019,84032A,Charlie+Lola Pink Hot Water Bottle,6.19,3,16238,United Kingdom,18.57
581238,12/8/2019,84032B,Charlie + Lola Red Hot Water Bottle,6.19,6,16238,United Kingdom,37.14
581238,12/8/2019,84375,Set Of 20 Kids Cookie Cutters,6.19,1,16238,United Kingdom,6.19
581238,12/8/2019,84509A,Set Of 4 English Rose Placemats,6.04,3,16238,United Kingdom,18.12
581238,12/8/2019,84988,Set Of 72 Pink Heart Paper Doilies,6.19,2,16238,United Kingdom,12.38
581238,12/8/2019,84997B,Childrens Cutlery Retrospot Red,6.19,4,16238,United Kingdom,24.76
581238,12/8/2019,84997D,Childrens Cutlery Polkadot Pink,6.19,5,16238,United Kingdom,30.95
581238,12/8/2019,85014B,Red Retrospot Umbrella,6.19,1,16238,United Kingdom,6.19
581238,12/8/2019,85039A,Set/4 Red Mini Rose Candle In Bowl,6.19,1,16238,United Kingdom,6.19
581238,12/8/2019,85048,15cm Christmas Glass Ball 20 Lights,6.19,4,16238,United Kingdom,24.76
581238,12/8/2019,85049A,Traditional Christmas Ribbons,6.19,3,16238,United Kingdom,18.57
581238,12/8/2019,85049E,Scandinavian Reds Ribbons,6.04,2,16238,United Kingdom,12.08
581238,12/8/2019,85114B,Ivory Enchanted Forest Placemat,6.04,4,16238,United Kingdom,24.16
581238,12/8/2019,85123A,Cream Hanging Heart T-Light Holder,6.04,7,16238,United Kingdom,42.28
581238,12/8/2019,85150,Ladies & Gentlemen Metal Sign,6.04,1,16238,United Kingdom,6.04
581238,12/8/2019,85174,S/4 Cacti Candles,6.04,1,16238,United Kingdom,6.04
581238,12/8/2019,20712,Jumbo Bag Woodland Animals,6.19,14,16238,United Kingdom,86.66
581238,12/8/2019,20713,Jumbo Bag Owls,6.19,5,16238,United Kingdom,30.95
581238,12/8/2019,21928,Jumbo Bag Scandinavian Blue Paisley,6.19,5,16238,United Kingdom,30.95
581238,12/8/2019,21929,Jumbo Bag Pink Vintage Paisley,6.19,1,16238,United Kingdom,6.19
581238,12/8/2019,22386,Jumbo Bag Pink Polkadot,6.19,5,16238,United Kingdom,30.95
581238,12/8/2019,23199,Jumbo Bag Apples,6.19,5,16238,United Kingdom,30.95
581238,12/8/2019,23201,Jumbo Bag Alphabet,6.19,4,16238,United Kingdom,24.76
581238,12/8/2019,23343,Jumbo Bag Vintage Christmas,7.24,1,16238,United Kingdom,7.24
581238,12/8/2019,23344,Jumbo Bag 50'S Christmas,7.24,2,16238,United Kingdom,14.48
581238,12/8/2019,85099B,Jumbo Bag Red Retrospot,6.04,5,16238,United Kingdom,30.2
581238,12/8/2019,85099C,Jumbo Bag Baroque Black White,6.04,3,16238,United Kingdom,18.12
581238,12/8/2019,20726,Lunch Bag Woodland,6.19,3,16238,United Kingdom,18.57
581238,12/8/2019,20728,Lunch Bag Cars Blue,6.19,3,16238,United Kingdom,18.57
581238,12/8/2019,22384,Lunch Bag Pink Polkadot,6.19,2,16238,United Kingdom,12.38
581241,12/8/2019,22922,Fridge Magnets Us Diner Assorted,6.19,12,15520,United Kingdom,74.28
581241,12/8/2019,22924,Fridge Magnets La Vie En Rose,6.19,12,15520,United Kingdom,74.28
581241,12/8/2019,22923,Fridge Magnets Les Enfants Assorted,6.19,12,15520,United Kingdom,74.28
581241,12/8/2019,21169,You're Confusing Me Metal Sign,6.19,12,15520,United Kingdom,74.28
581241,12/8/2019,22915,Assorted Bottle Top Magnets,6.19,120,15520,United Kingdom,742.8
581241,12/8/2019,22672,French Bathroom Sign Blue Metal,6.19,12,15520,United Kingdom,74.28
581241,12/8/2019,22115,Metal Sign Empire Tea,6.19,12,15520,United Kingdom,74.28
581241,12/8/2019,21908,Chocolate This Way Metal Sign,6.19,12,15520,United Kingdom,74.28
581241,12/8/2019,82600,N0 Singing Metal Sign,6.19,12,15520,United Kingdom,74.28
581241,12/8/2019,85152,Hand Over The Chocolate Sign,6.19,12,15520,United Kingdom,74.28
581241,12/8/2019,23426,Metal Sign Drop Your Pants,6.19,12,15520,United Kingdom,74.28
581241,12/8/2019,21181,Please One Person Metal Sign,6.19,12,15520,United Kingdom,74.28
581241,12/8/2019,82582,Area Patrolled Metal Sign,6.19,12,15520,United Kingdom,74.28
581241,12/8/2019,21174,Pottering In The Shed Metal Sign,6.19,12,15520,United Kingdom,74.28
581241,12/8/2019,22675,French Kitchen Sign Blue Metal,6.19,12,15520,United Kingdom,74.28
581241,12/8/2019,22674,French Toilet Sign Blue Metal,6.19,12,15520,United Kingdom,74.28
581241,12/8/2019,21770,Open Closed Metal Sign,6.19,2,15520,United Kingdom,12.38
581241,12/8/2019,22670,French Wc Sign Blue Metal,6.19,12,15520,United Kingdom,74.28
581246,12/8/2019,22694,Wicker Star,6.19,1,15453,United Kingdom,6.19
581246,12/8/2019,82484,Wood Black Board Ant White Finish,6.19,1,15453,United Kingdom,6.19
581246,12/8/2019,21876,Pottering Mug,6.19,2,15453,United Kingdom,12.38
581246,12/8/2019,23400,Shelf With 4 Hooks Home Sweet Home,6.19,1,15453,United Kingdom,6.19
581246,12/8/2019,22121,Noel Wooden Block Letters,6.19,1,15453,United Kingdom,6.19
581246,12/8/2019,23404,Home Sweet Home Blackboard,7.24,1,15453,United Kingdom,7.24
581246,12/8/2019,23401,Rustic Mirror With Lace Heart,7.24,1,15453,United Kingdom,7.24
581246,12/8/2019,22577,Wooden Heart Christmas Scandinavian,7.24,10,15453,United Kingdom,72.4
581246,12/8/2019,22581,Wood Stocking Christmas Scandispot,7.24,5,15453,United Kingdom,36.2
581246,12/8/2019,82494L,Wooden Frame Antique White,7.24,1,15453,United Kingdom,7.24
581246,12/8/2019,82482,Wooden Picture Frame White Finish,6.19,1,15453,United Kingdom,6.19
581246,12/8/2019,23496,Pantry Kitchen Thermometer,6.19,2,15453,United Kingdom,12.38
581246,12/8/2019,23323,White Wicker Star,6.19,1,15453,United Kingdom,6.19
581246,12/8/2019,22469,Heart Of Wicker Small,6.19,2,15453,United Kingdom,12.38
581246,12/8/2019,23321,Small White Heart Of Wicker,6.19,2,15453,United Kingdom,12.38
581246,12/8/2019,23322,Large White Heart Of Wicker,6.19,1,15453,United Kingdom,6.19
581246,12/8/2019,23103,Jingle Bell Heart Decoration,6.19,4,15453,United Kingdom,24.76
581246,12/8/2019,22804,Pink Hanging Heart T-Light Holder,6.19,1,15453,United Kingdom,6.19
581246,12/8/2019,85123A,Cream Hanging Heart T-Light Holder,6.19,1,15453,United Kingdom,6.19
581246,12/8/2019,22470,Heart Of Wicker Large,6.19,1,15453,United Kingdom,6.19
581246,12/8/2019,22695,Wicker Wreath Small,6.19,2,15453,United Kingdom,12.38
581246,12/8/2019,21754,Home Building Block Word,6.19,1,15453,United Kingdom,6.19
581246,12/8/2019,22171,3 Hook Photo Shelf Antique White,6.19,1,15453,United Kingdom,6.19
581246,12/8/2019,22633,Hand Warmer Union Jack,6.19,2,15453,United Kingdom,12.38
581246,12/8/2019,23439,Hand Warmer Red Love Heart,6.19,2,15453,United Kingdom,12.38
581246,12/8/2019,22632,Hand Warmer Red Retrospot,6.19,2,15453,United Kingdom,12.38
581246,12/8/2019,22865,Hand Warmer Owl Design,6.19,4,15453,United Kingdom,24.76
581246,12/8/2019,21411,Gingham Heart Doorstop Red,6.19,1,15453,United Kingdom,6.19
581246,12/8/2019,23301,Gardeners Kneeling Pad Keep Calm,6.19,6,15453,United Kingdom,37.14
581246,12/8/2019,23300,Gardeners Kneeling Pad Cup Of Tea,6.19,6,15453,United Kingdom,37.14
581251,12/8/2019,22941,Christmas Lights 10 Reindeer,6.19,2,18210,United Kingdom,12.38
581251,12/8/2019,21914,Blue Harmonica In Box,6.19,12,18210,United Kingdom,74.28
581251,12/8/2019,22193,Red Diner Wall Clock,6.19,2,18210,United Kingdom,12.38
581251,12/8/2019,22727,Alarm Clock Bakelike Red,6.19,4,18210,United Kingdom,24.76
581251,12/8/2019,22728,Alarm Clock Bakelike Pink,6.19,4,18210,United Kingdom,24.76
581251,12/8/2019,84978,Hanging Heart Jar T-Light Holder,6.19,12,18210,United Kingdom,74.28
581251,12/8/2019,22111,Scottie Dog Hot Water Bottle,6.19,3,18210,United Kingdom,18.57
581251,12/8/2019,23494,Vintage Doily Deluxe Sewing Kit,6.19,3,18210,United Kingdom,18.57
581251,12/8/2019,22627,Mint Kitchen Scales,6.19,2,18210,United Kingdom,12.38
581251,12/8/2019,22326,Round Snack Boxes Set Of4 Woodland,6.19,6,18210,United Kingdom,37.14
581251,12/8/2019,23081,Green Metal Box Army Supplies,6.19,2,18210,United Kingdom,12.38
581252,12/8/2019,23127,Feltcraft Girl Nicole Kit,6.19,4,14129,United Kingdom,24.76
581252,12/8/2019,23126,Feltcraft Girl Amelie Kit,6.19,4,14129,United Kingdom,24.76
581252,12/8/2019,23040,Paper Lantern 9 Point Snow Star,6.19,6,14129,United Kingdom,37.14
581252,12/8/2019,22585,Pack Of 6 Birdy Gift Tags,6.19,12,14129,United Kingdom,74.28
581252,12/8/2019,22563,Happy Stencil Craft,6.19,12,14129,United Kingdom,74.28
581252,12/8/2019,22562,Monsters Stencil Craft,6.19,12,14129,United Kingdom,74.28
581252,12/8/2019,22544,Mini Jigsaw Spaceboy,6.19,24,14129,United Kingdom,148.56
581252,12/8/2019,22150,3 Stripey Mice Feltcraft,6.19,12,14129,United Kingdom,74.28
581253,12/8/2019,23427,Stool Home Sweet Home,6.19,1,16891,United Kingdom,6.19
581253,12/8/2019,21533,Retrospot Large Milk Jug,6.19,1,16891,United Kingdom,6.19
581253,12/8/2019,22776,Sweetheart 3 Tier Cake Stand,6.04,1,16891,United Kingdom,6.04
581253,12/8/2019,21733,Red Hanging Heart T-Light Holder,6.19,2,16891,United Kingdom,12.38
581253,12/8/2019,85123A,Cream Hanging Heart T-Light Holder,6.19,2,16891,United Kingdom,12.38
581253,12/8/2019,22509,Sewing Box Retrospot Design,6.19,2,16891,United Kingdom,12.38
581253,12/8/2019,23413,Decorative Vintage Coffee Box,6.19,3,16891,United Kingdom,18.57
581253,12/8/2019,22364,Glass Jar Digestive Biscuits,6.19,1,16891,United Kingdom,6.19
581253,12/8/2019,22361,Glass Jar Daisy Fresh Cotton Wool,6.19,1,16891,United Kingdom,6.19
581253,12/8/2019,22363,Glass Jar Marmalade,6.19,1,16891,United Kingdom,6.19
581253,12/8/2019,22624,Ivory Kitchen Scales,6.19,1,16891,United Kingdom,6.19
581253,12/8/2019,23598,Paper Bunting Vintage Party,6.19,2,16891,United Kingdom,12.38
581253,12/8/2019,20932,Pink Pot Plant Candle,6.19,1,16891,United Kingdom,6.19
581253,12/8/2019,20933,Yellow Pot Plant Candle,6.19,1,16891,United Kingdom,6.19
581253,12/8/2019,22141,Christmas Craft Tree Top Angel,6.19,1,16891,United Kingdom,6.19
581253,12/8/2019,22144,Christmas Craft Little Friends,6.19,1,16891,United Kingdom,6.19
581253,12/8/2019,22142,Christmas Craft White Fairy,6.19,1,16891,United Kingdom,6.19
581253,12/8/2019,23427,Stool Home Sweet Home,6.19,1,16891,United Kingdom,6.19
581253,12/8/2019,22694,Wicker Star,6.19,4,16891,United Kingdom,24.76
581256,12/8/2019,20675,Blue Polkadot Bowl,6.04,4,12256,United Kingdom,24.16
581256,12/8/2019,20719,Woodland Charlotte Bag,6.04,56,12256,United Kingdom,338.24
581256,12/8/2019,20723,Strawberry Charlotte Bag,6.04,71,12256,United Kingdom,428.84
581256,12/8/2019,20724,Red Retrospot Charlotte Bag,6.04,105,12256,United Kingdom,634.2
581256,12/8/2019,21212,Pack Of 72 Retrospot Cake Cases,6.04,40,12256,United Kingdom,241.6
581256,12/8/2019,21212,Pack Of 72 Retrospot Cake Cases,6.04,1,12256,United Kingdom,6.04
581256,12/8/2019,21238,Red Retrospot Cup,6.04,4,12256,United Kingdom,24.16
581256,12/8/2019,21240,Blue Polkadot Cup,6.04,1,12256,United Kingdom,6.04
581256,12/8/2019,21242,Red Retrospot Plate,6.04,2,12256,United Kingdom,12.08
581256,12/8/2019,21479,White Skull Hot Water Bottle,6.04,35,12256,United Kingdom,211.4
581256,12/8/2019,21484,Chick Grey Hot Water Bottle,6.04,4,12256,United Kingdom,24.16
581256,12/8/2019,22110,Bird House Hot Water Bottle,6.04,7,12256,United Kingdom,42.28
581256,12/8/2019,22110,Bird House Hot Water Bottle,6.04,1,12256,United Kingdom,6.04
581256,12/8/2019,22111,Scottie Dog Hot Water Bottle,6.04,12,12256,United Kingdom,72.48
581256,12/8/2019,22111,Scottie Dog Hot Water Bottle,6.04,1,12256,United Kingdom,6.04
581256,12/8/2019,22112,Chocolate Hot Water Bottle,6.19,22,12256,United Kingdom,136.18
581256,12/8/2019,22112,Chocolate Hot Water Bottle,6.19,3,12256,United Kingdom,18.57
581256,12/8/2019,22113,Grey Heart Hot Water Bottle,6.19,1,12256,United Kingdom,6.19
581256,12/8/2019,22114,Hot Water Bottle Tea And Sympathy,6.19,24,12256,United Kingdom,148.56
581256,12/8/2019,22197,Popcorn Holder,6.19,98,12256,United Kingdom,606.62
581256,12/8/2019,22355,Charlotte Bag Suki Design,6.19,205,12256,United Kingdom,1268.95
581256,12/8/2019,22356,Charlotte Bag Pink Polkadot,6.19,43,12256,United Kingdom,266.17
581256,12/8/2019,22423,Regency Cakestand 3 Tier,6.19,5,12256,United Kingdom,30.95
581256,12/8/2019,22423,Regency Cakestand 3 Tier,6.19,1,12256,United Kingdom,6.19
581256,12/8/2019,22426,Enamel Wash Bowl Cream,6.19,1,12256,United Kingdom,6.19
581256,12/8/2019,22631,Circus Parade Lunch Box,6.19,2,12256,United Kingdom,12.38
581256,12/8/2019,22725,Alarm Clock Bakelike Chocolate,6.19,6,12256,United Kingdom,37.14
581256,12/8/2019,22726,Alarm Clock Bakelike Green,6.13,12,12256,United Kingdom,73.56
581256,12/8/2019,22727,Alarm Clock Bakelike Red,6.13,13,12256,United Kingdom,79.69
581256,12/8/2019,22730,Alarm Clock Bakelike Ivory,6.19,1,12256,United Kingdom,6.19
581256,12/8/2019,22735,Ribbon Reel Socks And Mittens,6.19,2,12256,United Kingdom,12.38
581256,12/8/2019,22736,Ribbon Reel Making Snowmen,6.19,4,12256,United Kingdom,24.76
581256,12/8/2019,22736,Ribbon Reel Making Snowmen,6.19,1,12256,United Kingdom,6.19
581256,12/8/2019,22738,Ribbon Reel Snowy Village,6.19,2,12256,United Kingdom,12.38
581256,12/8/2019,22834,Hand Warmer Babushka Design,6.19,1,12256,United Kingdom,6.19
581256,12/8/2019,22835,Hot Water Bottle I Am So Poorly,6.19,8,12256,United Kingdom,49.52
581256,12/8/2019,22895,Set Of 2 Tea Towels Apple And Pears,6.19,1,12256,United Kingdom,6.19
581256,12/8/2019,22896,Peg Bag Apples Design,6.19,2,12256,United Kingdom,12.38
581256,12/8/2019,22898,Childrens Apron Apples Design,6.19,5,12256,United Kingdom,30.95
581256,12/8/2019,22943,Christmas Lights 10 Vintage Baubles,6.19,1,12256,United Kingdom,6.19
581256,12/8/2019,23084,Rabbit Night Light,6.19,74,12256,United Kingdom,458.06
581256,12/8/2019,23168,Classic Cafe Sugar Dispenser,6.19,1,12256,United Kingdom,6.19
581256,12/8/2019,23168,Classic Cafe Sugar Dispenser,6.19,1,12256,United Kingdom,6.19
581256,12/8/2019,23204,Charlotte Bag Apples Design,6.19,22,12256,United Kingdom,136.18
581256,12/8/2019,23205,Charlotte Bag Vintage Alphabet,6.19,15,12256,United Kingdom,92.85
581256,12/8/2019,23355,Hot Water Bottle Keep Calm,6.19,47,12256,United Kingdom,290.93
581256,12/8/2019,23356,Love Hot Water Bottle,6.19,1,12256,United Kingdom,6.19
581256,12/8/2019,23357,Hot Water Bottle Sex Bomb,6.19,1,12256,United Kingdom,6.19
581256,12/8/2019,23358,Hot Stuff Hot Water Bottle,6.19,5,12256,United Kingdom,30.95
581256,12/8/2019,35970,Zinc Folkart Sleigh Bells,6.19,10,12256,United Kingdom,61.9
581256,12/8/2019,47566,Party Bunting,6.19,7,12256,United Kingdom,43.33
581256,12/8/2019,82583,Hot Baths Metal Sign,6.19,7,12256,United Kingdom,43.33
581256,12/8/2019,84029E,Red Woolly Hottie White Heart,6.19,3,12256,United Kingdom,18.57
581256,12/8/2019,84029G,Knitted Union Flag Hot Water Bottle,6.19,22,12256,United Kingdom,136.18
581256,12/8/2019,84030E,English Rose Hot Water Bottle,6.19,1,12256,United Kingdom,6.19
581256,12/8/2019,84347,Rotating Silver Angels T-Light Hldr,6.19,4,12256,United Kingdom,24.76
581256,12/8/2019,84997C,Childrens Cutlery Polkadot Blue,6.19,8,12256,United Kingdom,49.52
581256,12/8/2019,85049G,Chocolate Box Ribbons,6.19,5,12256,United Kingdom,30.95
581256,12/8/2019,20725,Lunch Bag Red Retrospot,6.04,1,12256,United Kingdom,6.04
581256,12/8/2019,20727,Lunch Bag Black Skull,6.04,8,12256,United Kingdom,48.32
581256,12/8/2019,22383,Lunch Bag Suki Design,6.19,12,12256,United Kingdom,74.28
581256,12/8/2019,23206,Lunch Bag Apple Design,6.19,11,12256,United Kingdom,68.09
581266,12/8/2019,23561,Set Of 6 Ribbons Party,6.19,12,12621,Germany,74.28
581266,12/8/2019,21576,Lets Go Shopping Cotton Tote Bag,6.19,6,12621,Germany,37.14
581266,12/8/2019,20719,Woodland Charlotte Bag,6.19,10,12621,Germany,61.9
581266,12/8/2019,23388,Woodland Mini Backpack,6.19,4,12621,Germany,24.76
581266,12/8/2019,21507,Elephant Birthday Card,6.19,12,12621,Germany,74.28
581266,12/8/2019,21519,Gin & Tonic Diet Greeting Card,6.19,12,12621,Germany,74.28
581266,12/8/2019,16169E,Wrap 50'S Christmas,6.19,25,12621,Germany,154.75
581266,12/8/2019,22704,Wrap Red Apples,6.19,25,12621,Germany,154.75
581266,12/8/2019,22709,Wrap Wedding Day,6.19,25,12621,Germany,154.75
581266,12/8/2019,23233,Wrap Poppies Design,6.19,25,12621,Germany,154.75
581266,12/8/2019,23349,Roll Wrap Vintage Christmas,6.19,12,12621,Germany,74.28
581266,12/8/2019,23232,Wrap Vintage Leaf Design,6.19,75,12621,Germany,464.25
581266,12/8/2019,22818,Card Christmas Village,6.19,12,12621,Germany,74.28
581266,12/8/2019,22734,Set Of 6 Ribbons Vintage Christmas,6.19,12,12621,Germany,74.28
581266,12/8/2019,22736,Ribbon Reel Making Snowmen,6.19,10,12621,Germany,61.9
581266,12/8/2019,22739,Ribbon Reel Christmas Sock Bauble,6.19,10,12621,Germany,61.9
581266,12/8/2019,22737,Ribbon Reel Christmas Present,6.19,10,12621,Germany,61.9
581266,12/8/2019,22738,Ribbon Reel Snowy Village,6.19,10,12621,Germany,61.9
581266,12/8/2019,22487,White Wood Garden Plant Ladder,6.19,1,12621,Germany,6.19
581266,12/8/2019,22564,Alphabet Stencil Craft,6.19,12,12621,Germany,74.28
581266,12/8/2019,22077,6 Ribbons Rustic Charm,6.19,12,12621,Germany,74.28
581266,12/8/2019,22078,Ribbon Reel Lace Design,6.19,10,12621,Germany,61.9
581266,12/8/2019,22964,3 Piece Spaceboy Cookie Cutter Set,6.19,12,12621,Germany,74.28
581266,12/8/2019,84375,Set Of 20 Kids Cookie Cutters,6.19,12,12621,Germany,74.28
581266,12/8/2019,23053,Recycled Acapulco Mat Pink,6.19,2,12621,Germany,12.38
581266,12/8/2019,23191,Bundle Of 3 Retro Note Books,6.19,12,12621,Germany,74.28
581266,12/8/2019,22992,Revolver Wooden Ruler,6.19,12,12621,Germany,74.28
581266,12/8/2019,21628,Triangular Pouffe Vintage,6.19,1,12621,Germany,6.19
581266,12/8/2019,22547,Mini Jigsaw Dinosaur,6.19,48,12621,Germany,297.12
581266,12/8/2019,22629,Spaceboy Lunch Box,6.19,64,12621,Germany,396.16
581266,12/8/2019,84006,Magic Tree -Paper Flowers,6.19,24,12621,Germany,148.56
581266,12/8/2019,22326,Round Snack Boxes Set Of4 Woodland,6.19,18,12621,Germany,111.42
581266,12/8/2019,22328,Round Snack Boxes Set Of 4 Fruits,6.19,18,12621,Germany,111.42
581266,12/8/2019,17003,Brocade Ring Purse,6.19,72,12621,Germany,445.68
581266,12/8/2019,22972,Children's Spaceboy Mug,6.19,12,12621,Germany,74.28
581266,12/8/2019,21914,Blue Harmonica In Box,6.19,12,12621,Germany,74.28
581266,12/8/2019,21703,Bag 125g Swirly Marbles,6.19,12,12621,Germany,74.28
581266,12/8/2019,21209,Multicolour Honeycomb Fan,6.19,12,12621,Germany,74.28
581266,12/8/2019,21208,Pastel Colour Honeycomb Fan,6.19,12,12621,Germany,74.28
581266,12/8/2019,21194,Pink Honeycomb Paper Fan,6.19,12,12621,Germany,74.28
581266,12/8/2019,16008,Small Folding Scissor(Pointed Edge),6.19,48,12621,Germany,297.12
581266,12/8/2019,85032C,Curious Images Gift Wrap Set,6.19,12,12621,Germany,74.28
581266,12/8/2019,85032B,Blossom Images Gift Wrap Set,6.19,12,12621,Germany,74.28
581266,12/8/2019,22075,6 Ribbons Elegant Christmas,6.19,24,12621,Germany,148.56
581266,12/8/2019,22074,6 Ribbons Shimmering Pinks,6.19,24,12621,Germany,148.56
581266,12/8/2019,22123,Ping Microwave Apron,6.19,12,12621,Germany,74.28
581266,12/8/2019,22438,Balloon Art Make Your Own Flowers,6.19,50,12621,Germany,309.5
581266,12/8/2019,23239,Set Of 4 Knick Knack Tins Poppies,6.19,6,12621,Germany,37.14
581266,12/8/2019,23552,Bicycle Puncture Repair Kit,6.19,12,12621,Germany,74.28
581266,12/8/2019,23497,Classic Chrome Bicycle Bell,6.19,12,12621,Germany,74.28
581266,12/8/2019,23498,Classic Bicycle Clips,6.19,12,12621,Germany,74.28
581266,12/8/2019,23569,Tradtional Alphabet Stamp Set,6.19,12,12621,Germany,74.28
581266,12/8/2019,23570,Traditional Pick Up Sticks Game,6.19,12,12621,Germany,74.28
581266,12/8/2019,23489,Vintage Bells Garland,6.19,6,12621,Germany,37.14
581266,12/8/2019,23562,Set Of 6 Ribbons Perfectly Pretty,6.19,12,12621,Germany,74.28
581266,12/8/2019,23560,Set Of 6 Ribbons Country Style,6.19,12,12621,Germany,74.28
581279,12/8/2019,22215,Cake Stand White Two Tier Lace,6.19,12,12437,France,74.28
581279,12/8/2019,22423,Regency Cakestand 3 Tier,6.19,6,12437,France,37.14
581281,12/8/2019,23111,Parisienne Sewing Box,6.19,8,18109,United Kingdom,49.52
581281,12/8/2019,85066,Cream Sweetheart Mini Chest,6.19,16,18109,United Kingdom,99.04
581281,12/8/2019,23118,Parisienne Jewellery Drawer,6.19,16,18109,United Kingdom,99.04
581281,12/8/2019,82484,Wood Black Board Ant White Finish,6.19,6,18109,United Kingdom,37.14
581281,12/8/2019,22169,Family Album White Picture Frame,6.19,4,18109,United Kingdom,24.76
581281,12/8/2019,22961,Jam Making Set Printed,7.24,10,18109,United Kingdom,72.4
581281,12/8/2019,22722,Set Of 6 Spice Tins Pantry Design,7.24,3,18109,United Kingdom,21.72
581281,12/8/2019,22667,Recipe Box Retrospot,7.24,4,18109,United Kingdom,28.96
581281,12/8/2019,21259,Victorian Sewing Box Small,7.24,12,18109,United Kingdom,86.88
581281,12/8/2019,22720,Set Of 3 Cake Tins Pantry Design,7.24,12,18109,United Kingdom,86.88
581281,12/8/2019,22171,3 Hook Photo Shelf Antique White,7.24,2,18109,United Kingdom,14.48
581281,12/8/2019,22763,Key Cabinet Ma Campagne,7.24,2,18109,United Kingdom,14.48
581281,12/8/2019,22151,Place Setting White Heart,7.24,96,18109,United Kingdom,695.04
581285,12/8/2019,22086,Paper Chain Kit 50'S Christmas,7.24,18,13394,United Kingdom,130.32
581285,12/8/2019,22910,Paper Chain Kit Vintage Christmas,7.24,6,13394,United Kingdom,43.44
581285,12/8/2019,22302,Coffee Mug Pears Design,7.24,6,13394,United Kingdom,43.44
581285,12/8/2019,22993,Set Of 4 Pantry Jelly Moulds,7.24,12,13394,United Kingdom,86.88
581285,12/8/2019,23307,Set Of 60 Pantry Design Cake Cases,7.24,24,13394,United Kingdom,173.76
581285,12/8/2019,22178,Victorian Glass Hanging T-Light,7.24,6,13394,United Kingdom,43.44
581285,12/8/2019,22304,Coffee Mug Blue Paisley Design,6.19,36,13394,United Kingdom,222.84
581285,12/8/2019,22083,Paper Chain Kit Retrospot,6.19,12,13394,United Kingdom,74.28
581285,12/8/2019,84945,Multi Colour Silver T-Light Holder,6.19,12,13394,United Kingdom,74.28
581285,12/8/2019,23076,Ice Cream Sundae Lip Gloss,6.19,24,13394,United Kingdom,148.56
581285,12/8/2019,22460,Embossed Glass Tealight Holder,6.19,12,13394,United Kingdom,74.28
581285,12/8/2019,84949,Silver Hanging T-Light Holder,6.19,6,13394,United Kingdom,37.14
581291,12/8/2019,23080,Red Metal Box Top Secret,6.19,2,14135,United Kingdom,12.38
581291,12/8/2019,21495,Skulls And Crossbones Wrap,6.19,25,14135,United Kingdom,154.75
581291,12/8/2019,23352,Roll Wrap 50'S Red Christmas,6.19,12,14135,United Kingdom,74.28
581291,12/8/2019,23307,Set Of 60 Pantry Design Cake Cases,6.19,24,14135,United Kingdom,148.56
581291,12/8/2019,21977,Pack Of 60 Pink Paisley Cake Cases,6.19,24,14135,United Kingdom,148.56
581291,12/8/2019,22457,Natural Slate Heart Chalkboard,6.19,6,14135,United Kingdom,37.14
581291,12/8/2019,21189,White Honeycomb Paper Garland,6.19,12,14135,United Kingdom,74.28
581291,12/8/2019,22636,Childs Breakfast Set Circus Parade,6.19,4,14135,United Kingdom,24.76
581310,12/8/2019,16238,Party Time Pencil Erasers,6.19,1,16442,United Kingdom,6.19
581310,12/8/2019,16236,Kitty Pencil Erasers,6.19,1,16442,United Kingdom,6.19
581310,12/8/2019,23499,Set 12 Vintage Doily Chalk,6.19,1,16442,United Kingdom,6.19
581310,12/8/2019,21429,Red Gingham Rose Jewellery Box,6.19,1,16442,United Kingdom,6.19
581310,12/8/2019,23552,Bicycle Puncture Repair Kit,6.19,2,16442,United Kingdom,12.38
581310,12/8/2019,23101,Silver Stars Table Decoration,6.19,2,16442,United Kingdom,12.38
581310,12/8/2019,23503,Playing Cards Keep Calm & Carry On,6.19,1,16442,United Kingdom,6.19
581310,12/8/2019,22616,Pack Of 12 London Tissues,6.19,1,16442,United Kingdom,6.19
581310,12/8/2019,21064,Boom Box Speaker Boys,6.19,1,16442,United Kingdom,6.19
581310,12/8/2019,22551,Plasters In Tin Spaceboy,6.19,1,16442,United Kingdom,6.19
581310,12/8/2019,23369,Set 36 Colour Pencils Love London,6.19,1,16442,United Kingdom,6.19
581310,12/8/2019,22422,Toothpaste Tube Pen,6.19,1,16442,United Kingdom,6.19
581310,12/8/2019,21832,Chocolate Calculator,6.19,1,16442,United Kingdom,6.19
581310,12/8/2019,23100,Silver Bells Table Decoration,6.19,1,16442,United Kingdom,6.19
581310,12/8/2019,21912,Vintage Snakes & Ladders,6.19,1,16442,United Kingdom,6.19
581310,12/8/2019,22550,Holiday Fun Ludo,6.19,1,16442,United Kingdom,6.19
581310,12/8/2019,21592,Retrospot Cigar Box Matches,6.19,2,16442,United Kingdom,12.38
581310,12/8/2019,23340,Vintage Christmas Cake Frill,6.19,1,16442,United Kingdom,6.19
581310,12/8/2019,23301,Gardeners Kneeling Pad Keep Calm,6.19,1,16442,United Kingdom,6.19
581310,12/8/2019,22745,Poppy's Playhouse Bedroom,6.19,1,16442,United Kingdom,6.19
581310,12/8/2019,22746,Poppy's Playhouse Livingroom,6.19,1,16442,United Kingdom,6.19
581310,12/8/2019,22748,Poppy's Playhouse Kitchen,6.19,1,16442,United Kingdom,6.19
581310,12/8/2019,22582,Pack Of 6 Sweetie Gift Boxes,6.19,1,16442,United Kingdom,6.19
581310,12/8/2019,23469,Card Holder Love Bird Small,6.19,2,16442,United Kingdom,12.38
581310,12/8/2019,23562,Set Of 6 Ribbons Perfectly Pretty,6.19,1,16442,United Kingdom,6.19
581310,12/8/2019,22900,Set 2 Tea Towels I Love London,6.19,1,16442,United Kingdom,6.19
581310,12/8/2019,22367,Childrens Apron Spaceboy Design,6.19,1,16442,United Kingdom,6.19
581310,12/8/2019,22488,Natural Slate Rectangle Chalkboard,6.19,3,16442,United Kingdom,18.57
581310,12/8/2019,22942,Christmas Lights 10 Santas,6.19,1,16442,United Kingdom,6.19
581310,12/8/2019,22642,Set Of 4 Napkin Charms Stars,6.19,1,16442,United Kingdom,6.19
581310,12/8/2019,22604,Set Of 4 Napkin Charms Cutlery,6.19,1,16442,United Kingdom,6.19
581310,12/8/2019,21724,Panda And Bunnies Sticker Sheet,6.19,1,16442,United Kingdom,6.19
581310,12/8/2019,21544,Skulls Water Transfer Tattoos,6.19,1,16442,United Kingdom,6.19
581310,12/8/2019,22584,Pack Of 6 Panettone Gift Boxes,6.19,2,16442,United Kingdom,12.38
581310,12/8/2019,22585,Pack Of 6 Birdy Gift Tags,6.19,2,16442,United Kingdom,12.38
581310,12/8/2019,23109,Pack Of Six Led Tea Lights,6.19,1,16442,United Kingdom,6.19
581310,12/8/2019,23382,Box Of 6 Christmas Cake Decorations,6.19,1,16442,United Kingdom,6.19
581310,12/8/2019,23579,Snack Tray I Love London,6.19,1,16442,United Kingdom,6.19
581310,12/8/2019,21588,Retrospot Giant Tube Matches,6.19,1,16442,United Kingdom,6.19
581310,12/8/2019,23505,Playing Cards I Love London,6.04,1,16442,United Kingdom,6.04
581310,12/8/2019,22906,12 Message Cards With Envelopes,6.19,1,16442,United Kingdom,6.19
581310,12/8/2019,23504,Playing Cards Jubilee Union Jack,6.19,1,16442,United Kingdom,6.19
581310,12/8/2019,22739,Ribbon Reel Christmas Sock Bauble,6.19,5,16442,United Kingdom,30.95
581310,12/8/2019,21098,Christmas Toilet Roll,6.19,1,16442,United Kingdom,6.19
581310,12/8/2019,22743,Make Your Own Flowerpower Card Kit,6.04,1,16442,United Kingdom,6.04
581310,12/8/2019,22607,Wooden Rounders Garden Set,6.04,1,16442,United Kingdom,6.04
581310,12/8/2019,84596B,Small Dolly Mix Design Orange Bowl,6.04,3,16442,United Kingdom,18.12
581310,12/8/2019,22210,Wood Stamp Set Best Wishes,6.19,1,16442,United Kingdom,6.19
581310,12/8/2019,22208,Wood Stamp Set Thank You,6.19,1,16442,United Kingdom,6.19
581310,12/8/2019,22211,Wood Stamp Set Flowers,6.19,1,16442,United Kingdom,6.19
581310,12/8/2019,22587,Feltcraft Hairband Red And Blue,6.04,1,16442,United Kingdom,6.04
581310,12/8/2019,23501,Key Ring Baseball Boot Union Jack,6.19,1,16442,United Kingdom,6.19
581310,12/8/2019,22113,Grey Heart Hot Water Bottle,6.19,1,16442,United Kingdom,6.19
581310,12/8/2019,22991,Giraffe Wooden Ruler,6.19,1,16442,United Kingdom,6.19
581310,12/8/2019,23084,Rabbit Night Light,6.19,1,16442,United Kingdom,6.19
581310,12/8/2019,23106,Zinc Hearts Plant Pot Holder,6.19,1,16442,United Kingdom,6.19
581310,12/8/2019,84347,Rotating Silver Angels T-Light Hldr,6.19,1,16442,United Kingdom,6.19
581310,12/8/2019,21159,Moody Boy Door Hanger,6.19,1,16442,United Kingdom,6.19
581310,12/8/2019,23083,Set 6 Paper Table Lantern Stars,6.19,1,16442,United Kingdom,6.19
581310,12/8/2019,23109,Pack Of Six Led Tea Lights,6.19,1,16442,United Kingdom,6.19
581310,12/8/2019,21561,Dinosaur Lunch Box With Cutlery,6.19,1,16442,United Kingdom,6.19
581310,12/8/2019,22352,Lunch Box With Cutlery Retrospot,6.19,1,16442,United Kingdom,6.19
581310,12/8/2019,23284,Doormat Keep Calm And Come In,6.19,1,16442,United Kingdom,6.19
581310,12/8/2019,23283,Doormat Vintage Leaf,6.19,1,16442,United Kingdom,6.19
581310,12/8/2019,21559,Strawberry Lunch Box With Cutlery,6.19,1,16442,United Kingdom,6.19
581310,12/8/2019,23497,Classic Chrome Bicycle Bell,6.19,1,16442,United Kingdom,6.19
581310,12/8/2019,23498,Classic Bicycle Clips,6.19,1,16442,United Kingdom,6.19
581310,12/8/2019,20712,Jumbo Bag Woodland Animals,6.19,1,16442,United Kingdom,6.19
581310,12/8/2019,23343,Jumbo Bag Vintage Christmas,6.19,2,16442,United Kingdom,12.38
581310,12/8/2019,23343,Jumbo Bag Vintage Christmas,6.19,1,16442,United Kingdom,6.19
581310,12/8/2019,23344,Jumbo Bag 50'S Christmas,6.19,1,16442,United Kingdom,6.19
581310,12/8/2019,23438,Red Spot Gift Bag Large,6.19,6,16442,United Kingdom,37.14
581324,12/8/2019,23407,Set Of 2 Trays Home Sweet Home,6.19,2,14217,United Kingdom,12.38
581324,12/8/2019,21115,Rose Caravan Doorstop,6.19,8,14217,United Kingdom,49.52
581324,12/8/2019,23425,Storage Tin Home Sweet Home,6.19,12,14217,United Kingdom,74.28
581324,12/8/2019,23284,Doormat Keep Calm And Come In,6.19,2,14217,United Kingdom,12.38
581324,12/8/2019,20685,Doormat Red Retrospot,6.19,2,14217,United Kingdom,12.38
581324,12/8/2019,22690,Doormat Home Sweet Home Blue,6.19,2,14217,United Kingdom,12.38
581325,12/8/2019,21791,Vintage Heads And Tails Card Game,6.19,4,15877,United Kingdom,24.76
581325,12/8/2019,21790,Vintage Snap Cards,6.19,6,15877,United Kingdom,37.14
581325,12/8/2019,20749,Assorted Colour Mini Cases,6.19,4,15877,United Kingdom,24.76
581325,12/8/2019,22966,Gingerbread Man Cookie Cutter,6.19,2,15877,United Kingdom,12.38
581325,12/8/2019,23512,Embroidered Ribbon Reel Rosie,6.19,2,15877,United Kingdom,12.38
581325,12/8/2019,23511,Embroidered Ribbon Reel Emily,6.19,2,15877,United Kingdom,12.38
581325,12/8/2019,22561,Wooden School Colouring Set,6.19,5,15877,United Kingdom,30.95
581325,12/8/2019,84997D,Childrens Cutlery Polkadot Pink,6.19,1,15877,United Kingdom,6.19
581325,12/8/2019,84997C,Childrens Cutlery Polkadot Blue,6.19,1,15877,United Kingdom,6.19
581325,12/8/2019,84997A,Childrens Cutlery Polkadot Green,6.19,4,15877,United Kingdom,24.76
581325,12/8/2019,22739,Ribbon Reel Christmas Sock Bauble,6.19,3,15877,United Kingdom,18.57
581325,12/8/2019,22178,Victorian Glass Hanging T-Light,6.19,18,15877,United Kingdom,111.42
581325,12/8/2019,22627,Mint Kitchen Scales,6.19,1,15877,United Kingdom,6.19
581325,12/8/2019,21889,Wooden Box Of Dominoes,6.19,6,15877,United Kingdom,37.14
581325,12/8/2019,22622,Box Of Vintage Alphabet Blocks,6.19,2,15877,United Kingdom,12.38
581325,12/8/2019,16169E,Wrap 50'S Christmas,6.19,100,15877,United Kingdom,619
581325,12/8/2019,22959,Wrap Christmas Village,6.19,25,15877,United Kingdom,154.75
581325,12/8/2019,23569,Tradtional Alphabet Stamp Set,6.19,4,15877,United Kingdom,24.76
581325,12/8/2019,23013,Glass Apothecary Bottle Tonic,6.19,2,15877,United Kingdom,12.38
581325,12/8/2019,22182,Cake Stand Victorian Filigree Small,6.19,4,15877,United Kingdom,24.76
581327,12/8/2019,23084,Rabbit Night Light,6.19,48,15187,United Kingdom,297.12
581327,12/8/2019,84945,Multi Colour Silver T-Light Holder,6.19,72,15187,United Kingdom,445.68
581327,12/8/2019,22991,Giraffe Wooden Ruler,6.19,12,15187,United Kingdom,74.28
581327,12/8/2019,22992,Revolver Wooden Ruler,6.19,12,15187,United Kingdom,74.28
581327,12/8/2019,22630,Dolly Girl Lunch Box,7.24,12,15187,United Kingdom,86.88
581327,12/8/2019,22355,Charlotte Bag Suki Design,7.24,10,15187,United Kingdom,72.4
581327,12/8/2019,23205,Charlotte Bag Vintage Alphabet,7.24,10,15187,United Kingdom,72.4
581327,12/8/2019,23391,I Love London Mini Backpack,7.24,4,15187,United Kingdom,28.96
581327,12/8/2019,23388,Woodland Mini Backpack,7.24,4,15187,United Kingdom,28.96
581327,12/8/2019,22663,Jumbo Bag Dolly Girl Design,7.24,10,15187,United Kingdom,72.4
581327,12/8/2019,21929,Jumbo Bag Pink Vintage Paisley,7.24,10,15187,United Kingdom,72.4
581327,12/8/2019,23199,Jumbo Bag Apples,7.24,10,15187,United Kingdom,72.4
581333,12/8/2019,23531,Wall Art Big Love,7.24,3,15159,United Kingdom,21.72
581333,12/8/2019,23526,Wall Art Dog Licence,7.24,4,15159,United Kingdom,28.96
581333,12/8/2019,23532,Wall Art Work Rest And Play,7.24,6,15159,United Kingdom,43.44
581333,12/8/2019,23535,Wall Art Bicycle Safety,7.24,4,15159,United Kingdom,28.96
581333,12/8/2019,23536,Wall Art Village Show,7.24,4,15159,United Kingdom,28.96
581334,12/8/2019,85123A,Cream Hanging Heart T-Light Holder,7.24,4,17841,United Kingdom,28.96
581334,12/8/2019,21733,Red Hanging Heart T-Light Holder,7.24,4,17841,United Kingdom,28.96
581334,12/8/2019,20978,36 Pencils Tube Skulls,7.24,5,17841,United Kingdom,36.2
581334,12/8/2019,20979,36 Pencils Tube Red Retrospot,7.24,5,17841,United Kingdom,36.2
581334,12/8/2019,23321,Small White Heart Of Wicker,7.24,3,17841,United Kingdom,21.72
581334,12/8/2019,22666,Recipe Box Pantry Yellow Design,7.24,3,17841,United Kingdom,21.72
581334,12/8/2019,20973,12 Pencil Small Tube Woodland,7.24,2,17841,United Kingdom,14.48
581334,12/8/2019,20975,12 Pencils Small Tube Red Retrospot,7.24,1,17841,United Kingdom,7.24
581334,12/8/2019,22594,Christmas Gingham Tree,7.24,3,17841,United Kingdom,21.72
581334,12/8/2019,22593,Christmas Gingham Star,7.24,3,17841,United Kingdom,21.72
581334,12/8/2019,22795,Sweetheart Recipe Book Stand,7.24,1,17841,United Kingdom,7.24
581334,12/8/2019,22061,Large Cake Stand Hanging Strawbery,7.24,1,17841,United Kingdom,7.24
581334,12/8/2019,20724,Red Retrospot Charlotte Bag,7.24,6,17841,United Kingdom,43.44
581334,12/8/2019,22993,Set Of 4 Pantry Jelly Moulds,7.24,12,17841,United Kingdom,86.88
581334,12/8/2019,84510A,Set Of 4 English Rose Coasters,7.24,8,17841,United Kingdom,57.92
581334,12/8/2019,22595,Gingham Heart Decoration,7.24,8,17841,United Kingdom,57.92
581334,12/8/2019,23213,Star Wreath Decoration With Bell,7.24,2,17841,United Kingdom,14.48
581334,12/8/2019,23212,Heart Wreath Decoration With Bell,6.19,2,17841,United Kingdom,12.38
581334,12/8/2019,23220,Reindeer Heart Decoration Gold,6.19,7,17841,United Kingdom,43.33
581334,12/8/2019,23221,Reindeer Heart Decoration Silver,6.19,4,17841,United Kingdom,24.76
581334,12/8/2019,23224,Cherub Heart Decoration Gold,6.19,5,17841,United Kingdom,30.95
581334,12/8/2019,23228,Filigree Heart Bird White,6.19,1,17841,United Kingdom,6.19
581334,12/8/2019,23211,Red Rocking Horse Hand Painted,6.19,5,17841,United Kingdom,30.95
581334,12/8/2019,23210,White Rocking Horse Hand Painted,6.19,10,17841,United Kingdom,61.9
581334,12/8/2019,79321,Chilli Lights,6.19,24,17841,United Kingdom,148.56
581334,12/8/2019,22475,Skull Design Tv Dinner Tray,6.19,10,17841,United Kingdom,61.9
581334,12/8/2019,23500,Key Ring Baseball Boot Assorted,6.19,2,17841,United Kingdom,12.38
581334,12/8/2019,22094,Red Retrospot Tissue Box,6.19,2,17841,United Kingdom,12.38
581334,12/8/2019,22092,Blue Paisley Tissue Box,6.04,2,17841,United Kingdom,12.08
581334,12/8/2019,23322,Large White Heart Of Wicker,6.19,2,17841,United Kingdom,12.38
581334,12/8/2019,22469,Heart Of Wicker Small,6.19,3,17841,United Kingdom,18.57
581334,12/8/2019,21262,White Goose Feather Christmas Tree,6.19,1,17841,United Kingdom,6.19
581334,12/8/2019,23548,Wrap Magic Forest,6.19,25,17841,United Kingdom,154.75
581334,12/8/2019,21867,Pink Union Jack Luggage Tag,6.19,2,17841,United Kingdom,12.38
581334,12/8/2019,21866,Union Jack Flag Luggage Tag,6.19,2,17841,United Kingdom,12.38
581334,12/8/2019,21865,Pink Union Jack Passport Cover,6.19,2,17841,United Kingdom,12.38
581334,12/8/2019,21864,Union Jack Flag Passport Cover,6.19,2,17841,United Kingdom,12.38
581334,12/8/2019,23395,Belle Jardiniere Cushion Cover,6.19,22,17841,United Kingdom,136.18
581334,12/8/2019,21181,Please One Person Metal Sign,6.19,1,17841,United Kingdom,6.19
581334,12/8/2019,23241,Treasure Tin Gymkhana Design,6.19,3,17841,United Kingdom,18.57
581334,12/8/2019,21668,Red Stripe Ceramic Drawer Knob,6.19,2,17841,United Kingdom,12.38
581334,12/8/2019,23264,Set Of 3 Wooden Sleigh Decorations,6.19,12,17841,United Kingdom,74.28
581334,12/8/2019,23263,Set Of 3 Wooden Heart Decorations,6.19,12,17841,United Kingdom,74.28
581334,12/8/2019,23300,Gardeners Kneeling Pad Cup Of Tea,6.19,4,17841,United Kingdom,24.76
581334,12/8/2019,22212,Four Hook White Lovebirds,6.19,1,17841,United Kingdom,6.19
581334,12/8/2019,22498,Wooden Regatta Bunting,6.19,1,17841,United Kingdom,6.19
581334,12/8/2019,47563A,Retro Longboard Ironing Board Cover,6.19,4,17841,United Kingdom,24.76
581334,12/8/2019,23194,Gymkhana Treasure Book Box,6.19,1,17841,United Kingdom,6.19
581334,12/8/2019,22420,Lipstick Pen Baby Pink,6.19,14,17841,United Kingdom,86.66
581334,12/8/2019,22419,Lipstick Pen Red,6.19,2,17841,United Kingdom,12.38
581334,12/8/2019,47421,Assorted Colour Lizard Suction Hook,6.19,3,17841,United Kingdom,18.57
581334,12/8/2019,47421,Assorted Colour Lizard Suction Hook,6.19,4,17841,United Kingdom,24.76
581334,12/8/2019,85199S,Small Hanging Ivory/Red Wood Bird,6.19,5,17841,United Kingdom,30.95
581334,12/8/2019,22196,Small Heart Measuring Spoons,6.19,4,17841,United Kingdom,24.76
581334,12/8/2019,84920,Pink Flower Fabric Pony,6.19,3,17841,United Kingdom,18.57
581334,12/8/2019,22919,Herb Marker Mint,6.19,2,17841,United Kingdom,12.38
581334,12/8/2019,22917,Herb Marker Rosemary,6.19,2,17841,United Kingdom,12.38
581334,12/8/2019,22916,Herb Marker Thyme,6.19,2,17841,United Kingdom,12.38
581334,12/8/2019,22921,Herb Marker Chives,6.19,2,17841,United Kingdom,12.38
581334,12/8/2019,22918,Herb Marker Parsley,6.19,2,17841,United Kingdom,12.38
581334,12/8/2019,22920,Herb Marker Basil,6.19,2,17841,United Kingdom,12.38
581334,12/8/2019,22439,6 Rocket Balloons,6.19,2,17841,United Kingdom,12.38
581334,12/8/2019,22430,Enamel Watering Can Cream,6.19,1,17841,United Kingdom,6.19
581334,12/8/2019,23266,Set Of 3 Wooden Stocking Decoration,6.19,12,17841,United Kingdom,74.28
581334,12/8/2019,23265,Set Of 3 Wooden Tree Decorations,6.19,12,17841,United Kingdom,74.28
581334,12/8/2019,23407,Set Of 2 Trays Home Sweet Home,6.19,2,17841,United Kingdom,12.38
581334,12/8/2019,23081,Green Metal Box Army Supplies,6.19,1,17841,United Kingdom,6.19
581334,12/8/2019,22941,Christmas Lights 10 Reindeer,6.19,2,17841,United Kingdom,12.38
581334,12/8/2019,22469,Heart Of Wicker Small,6.19,1,17841,United Kingdom,6.19
581334,12/8/2019,23103,Jingle Bell Heart Decoration,6.19,1,17841,United Kingdom,6.19
581334,12/8/2019,23214,Jingle Bell Heart Antique Gold,6.19,1,17841,United Kingdom,6.19
581334,12/8/2019,22179,Set 10 Night Owl Lights,6.19,1,17841,United Kingdom,6.19
581334,12/8/2019,20972,Pink Cream Felt Craft Trinket Box,6.19,1,17841,United Kingdom,6.19
581334,12/8/2019,23165,Large Ceramic Top Storage Jar,6.19,1,17841,United Kingdom,6.19
581334,12/8/2019,21889,Wooden Box Of Dominoes,6.19,1,17841,United Kingdom,6.19
581334,12/8/2019,22807,Set Of 6 T-Lights Toadstools,6.19,1,17841,United Kingdom,6.19
581334,12/8/2019,84828,Jungle Popsicles Ice Lolly Moulds,6.19,1,17841,United Kingdom,6.19
581334,12/8/2019,22757,Large Red Babushka Notebook,6.19,2,17841,United Kingdom,12.38
581334,12/8/2019,22756,Large Yellow Babushka Notebook,6.19,1,17841,United Kingdom,6.19
581334,12/8/2019,22758,Large Purple Babushka Notebook,7.24,1,17841,United Kingdom,7.24
581334,12/8/2019,23192,Bundle Of 3 Alphabet Exercise Books,7.24,2,17841,United Kingdom,14.48
581334,12/8/2019,22150,3 Stripey Mice Feltcraft,7.24,1,17841,United Kingdom,7.24
581334,12/8/2019,23179,Clock Magnet Mum's Kitchen,7.24,1,17841,United Kingdom,7.24
581334,12/8/2019,22953,Birthday Party Cordon Barrier Tape,7.24,1,17841,United Kingdom,7.24
581334,12/8/2019,84951B,Set Of 4 Black Lovebird Coasters,7.24,1,17841,United Kingdom,7.24
581334,12/8/2019,23075,Parlour Ceramic Wall Hook,7.24,1,17841,United Kingdom,7.24
581334,12/8/2019,84519B,Carrot Charlie+Lola Coaster Set,7.24,1,17841,United Kingdom,7.24
581334,12/8/2019,20969,Red Floral Feltcraft Shoulder Bag,7.24,1,17841,United Kingdom,7.24
581334,12/8/2019,23191,Bundle Of 3 Retro Note Books,7.24,1,17841,United Kingdom,7.24
581334,12/8/2019,21935,Suki Shoulder Bag,7.24,2,17841,United Kingdom,14.48
581334,12/8/2019,72351A,Set/6 Turquoise Butterfly T-Lights,7.24,1,17841,United Kingdom,7.24
581334,12/8/2019,20961,Strawberry Bath Sponge,7.24,2,17841,United Kingdom,14.48
581334,12/8/2019,84375,Set Of 20 Kids Cookie Cutters,7.24,1,17841,United Kingdom,7.24
581334,12/8/2019,21985,Pack Of 12 Hearts Design Tissues,7.24,1,17841,United Kingdom,7.24
581334,12/8/2019,85199S,Small Hanging Ivory/Red Wood Bird,7.24,1,17841,United Kingdom,7.24
581334,12/8/2019,22726,Alarm Clock Bakelike Green,7.24,1,17841,United Kingdom,7.24
581334,12/8/2019,22727,Alarm Clock Bakelike Red,7.24,1,17841,United Kingdom,7.24
581334,12/8/2019,21174,Pottering In The Shed Metal Sign,7.24,1,17841,United Kingdom,7.24
581334,12/8/2019,22726,Alarm Clock Bakelike Green,7.24,2,17841,United Kingdom,14.48
581334,12/8/2019,22775,Purple Drawerknob Acrylic Edwardian,7.24,12,17841,United Kingdom,86.88
581334,12/8/2019,21479,White Skull Hot Water Bottle,7.24,2,17841,United Kingdom,14.48
581334,12/8/2019,22464,Hanging Metal Heart Lantern,7.24,1,17841,United Kingdom,7.24
581334,12/8/2019,22309,Tea Cosy Red Stripe,7.24,1,17841,United Kingdom,7.24
581334,12/8/2019,21485,Retrospot Heart Hot Water Bottle,7.24,1,17841,United Kingdom,7.24
581334,12/8/2019,84032B,Charlie + Lola Red Hot Water Bottle,7.24,2,17841,United Kingdom,14.48
581334,12/8/2019,84032A,Charlie+Lola Pink Hot Water Bottle,7.24,2,17841,United Kingdom,14.48
581334,12/8/2019,84031A,Charlie+Lola Red Hot Water Bottle,6.04,1,17841,United Kingdom,6.04
581334,12/8/2019,84031B,Charlie Lola Blue Hot Water Bottle,6.04,1,17841,United Kingdom,6.04
581334,12/8/2019,23355,Hot Water Bottle Keep Calm,6.19,2,17841,United Kingdom,12.38
581334,12/8/2019,84031A,Charlie+Lola Red Hot Water Bottle,6.19,1,17841,United Kingdom,6.19
581334,12/8/2019,22308,Tea Cosy Blue Stripe,6.19,1,17841,United Kingdom,6.19
581334,12/8/2019,21232,Strawberry Ceramic Trinket Pot,6.19,4,17841,United Kingdom,24.76
581334,12/8/2019,85174,S/4 Cacti Candles,6.19,1,17841,United Kingdom,6.19
581334,12/8/2019,35471D,Set Of 3 Bird Light Pink Feather,6.19,24,17841,United Kingdom,148.56
581334,12/8/2019,23148,Miniature Antique Rose Hook Ivory,6.19,3,17841,United Kingdom,18.57
581334,12/8/2019,22179,Set 10 Night Owl Lights,6.19,1,17841,United Kingdom,6.19
581334,12/8/2019,22841,Round Cake Tin Vintage Green,6.19,1,17841,United Kingdom,6.19
581334,12/8/2019,22365,Doormat Respectable House,6.19,1,17841,United Kingdom,6.19
581334,12/8/2019,21137,Black Record Cover Frame,6.19,2,17841,United Kingdom,12.38
581334,12/8/2019,22041,"Record Frame 7"" Single Size",6.19,3,17841,United Kingdom,18.57
581334,12/8/2019,22838,3 Tier Cake Tin Red And Cream,6.19,1,17841,United Kingdom,6.19
581334,12/8/2019,22473,Tv Dinner Tray Vintage Paisley,6.19,1,17841,United Kingdom,6.19
581334,12/8/2019,22077,6 Ribbons Rustic Charm,6.19,1,17841,United Kingdom,6.19
581334,12/8/2019,23399,Home Sweet Home Hanging Heart,6.19,3,17841,United Kingdom,18.57
581334,12/8/2019,22893,Mini Cake Stand T-Light Holder,6.19,12,17841,United Kingdom,74.28
581334,12/8/2019,22371,Airline Bag Vintage Tokyo 78,6.19,1,17841,United Kingdom,6.19
581334,12/8/2019,22309,Tea Cosy Red Stripe,6.19,1,17841,United Kingdom,6.19
581334,12/8/2019,21926,Red/Cream Stripe Cushion Cover,6.19,8,17841,United Kingdom,49.52
581334,12/8/2019,22663,Jumbo Bag Dolly Girl Design,7.24,1,17841,United Kingdom,7.24
581334,12/8/2019,20727,Lunch Bag Black Skull,7.24,5,17841,United Kingdom,36.2
581334,12/8/2019,22384,Lunch Bag Pink Polkadot,7.24,2,17841,United Kingdom,14.48
581334,12/8/2019,23208,Lunch Bag Vintage Leaf Design,7.24,5,17841,United Kingdom,36.2
581334,12/8/2019,22383,Lunch Bag Suki Design,7.24,5,17841,United Kingdom,36.2
581335,12/8/2019,21944,Kittens Design Flannel,6.04,12,15214,United Kingdom,72.48
581335,12/8/2019,22075,6 Ribbons Elegant Christmas,6.04,24,15214,United Kingdom,144.96
581335,12/8/2019,22446,Pin Cushion Babushka Pink,6.04,12,15214,United Kingdom,72.48
581335,12/8/2019,22509,Sewing Box Retrospot Design,6.19,4,15214,United Kingdom,24.76
581335,12/8/2019,22596,Christmas Star Wish List Chalkboard,6.19,12,15214,United Kingdom,74.28
581335,12/8/2019,22701,Pink Dog Bowl,6.02,12,15214,United Kingdom,72.24
581335,12/8/2019,22703,Pink Cat Bowl,6.02,12,15214,United Kingdom,72.24
581335,12/8/2019,22808,Set Of 6 T-Lights Easter Chicks,6.02,12,15214,United Kingdom,72.24
581335,12/8/2019,22806,Set Of 6 T-Lights Wedding Cake,6.02,12,15214,United Kingdom,72.24
581335,12/8/2019,84819,Danish Rose Round Sewing Box,6.02,16,15214,United Kingdom,96.32
581335,12/8/2019,85034B,3 White Choc Morris Boxed Candles,6.02,12,15214,United Kingdom,72.24
581335,12/8/2019,21506,Fancy Font Birthday Card,6.02,12,15214,United Kingdom,72.24
581336,12/8/2019,23459,Dolly Cabinet 2 Drawers,6.02,2,16161,United Kingdom,12.04
581336,12/8/2019,23458,Dolly Cabinet 3 Drawers,6.02,2,16161,United Kingdom,12.04
581336,12/8/2019,82483,Wood 2 Drawer Cabinet White Finish,6.19,2,16161,United Kingdom,12.38
581336,12/8/2019,82486,3 Drawer Antique White Wood Cabinet,6.19,2,16161,United Kingdom,12.38
581336,12/8/2019,85066,Cream Sweetheart Mini Chest,6.19,2,16161,United Kingdom,12.38
581336,12/8/2019,22617,Baking Set Spaceboy Design,6.19,3,16161,United Kingdom,18.57
581336,12/8/2019,22138,Baking Set 9 Piece Retrospot,6.19,3,16161,United Kingdom,18.57
581336,12/8/2019,23302,Kneeling Mat Housework Design,6.19,24,16161,United Kingdom,148.56
581336,12/8/2019,23143,Zinc Wire Kitchen Organiser,6.19,4,16161,United Kingdom,24.76
581336,12/8/2019,22119,Peace Wooden Block Letters,6.19,12,16161,United Kingdom,74.28
581336,12/8/2019,22960,Jam Making Set With Jars,6.04,6,16161,United Kingdom,36.24
581336,12/8/2019,23275,Set Of 3 Hanging Owls Ollie Beak,6.04,12,16161,United Kingdom,72.48
581336,12/8/2019,22909,Set Of 20 Vintage Christmas Napkins,6.19,12,16161,United Kingdom,74.28
581336,12/8/2019,23118,Parisienne Jewellery Drawer,6.19,2,16161,United Kingdom,12.38
581336,12/8/2019,23111,Parisienne Sewing Box,6.19,2,16161,United Kingdom,12.38
581336,12/8/2019,21258,Victorian Sewing Box Large,6.04,1,16161,United Kingdom,6.04
581338,12/8/2019,23344,Jumbo Bag 50'S Christmas,6.04,140,14646,Netherlands,845.6
581345,12/8/2019,47566,Party Bunting,6.19,5,17315,United Kingdom,30.95
581345,12/8/2019,22852,Dog Bowl Vintage Cream,6.19,2,17315,United Kingdom,12.38
581345,12/8/2019,23084,Rabbit Night Light,6.19,1,17315,United Kingdom,6.19
581345,12/8/2019,22667,Recipe Box Retrospot,6.19,4,17315,United Kingdom,24.76
581345,12/8/2019,23300,Gardeners Kneeling Pad Cup Of Tea,6.19,8,17315,United Kingdom,49.52
581345,12/8/2019,23301,Gardeners Kneeling Pad Keep Calm,6.19,8,17315,United Kingdom,49.52
581345,12/8/2019,22151,Place Setting White Heart,6.19,24,17315,United Kingdom,148.56
581345,12/8/2019,72800C,4 Pink Dinner Candle Silver Flock,6.19,12,17315,United Kingdom,74.28
581345,12/8/2019,72800B,4 Purple Flock Dinner Candles,6.19,12,17315,United Kingdom,74.28
581345,12/8/2019,22488,Natural Slate Rectangle Chalkboard,6.19,6,17315,United Kingdom,37.14
581345,12/8/2019,85059,French Enamel Water Basin,6.19,2,17315,United Kingdom,12.38
581345,12/8/2019,22495,Set Of 2 Round Tins Camembert,6.19,2,17315,United Kingdom,12.38
581345,12/8/2019,22500,Set Of 2 Tins Jardin De Provence,6.19,2,17315,United Kingdom,12.38
581345,12/8/2019,22151,Place Setting White Heart,6.19,24,17315,United Kingdom,148.56
581345,12/8/2019,22698,Pink Regency Teacup And Saucer,6.19,9,17315,United Kingdom,55.71
581345,12/8/2019,22699,Roses Regency Teacup And Saucer,6.19,10,17315,United Kingdom,61.9
581352,12/8/2019,23328,Set 6 School Milk Bottles In Crate,6.19,1,14698,United Kingdom,6.19
581352,12/8/2019,22481,Black Tea Towel Classic Design,6.19,4,14698,United Kingdom,24.76
581352,12/8/2019,22562,Monsters Stencil Craft,6.19,1,14698,United Kingdom,6.19
581352,12/8/2019,22564,Alphabet Stencil Craft,7.24,1,14698,United Kingdom,7.24
581352,12/8/2019,22673,French Garden Sign Blue Metal,7.24,1,14698,United Kingdom,7.24
581352,12/8/2019,23360,Set 8 Candles Vintage Doily,7.24,2,14698,United Kingdom,14.48
581352,12/8/2019,72811,Small Zinc/Glass Candleholder,7.24,2,14698,United Kingdom,14.48
581352,12/8/2019,84978,Hanging Heart Jar T-Light Holder,7.24,2,14698,United Kingdom,14.48
581352,12/8/2019,35004B,Set Of 3 Black Flying Ducks,6.19,1,14698,United Kingdom,6.19
581352,12/8/2019,82494L,Wooden Frame Antique White,6.19,1,14698,United Kingdom,6.19
581352,12/8/2019,84032B,Charlie + Lola Red Hot Water Bottle,6.19,1,14698,United Kingdom,6.19
581352,12/8/2019,22481,Black Tea Towel Classic Design,6.19,2,14698,United Kingdom,12.38
581352,12/8/2019,22551,Plasters In Tin Spaceboy,6.04,1,14698,United Kingdom,6.04
581352,12/8/2019,23019,Small Apothecary Measuring Jar,6.04,1,14698,United Kingdom,6.04
581352,12/8/2019,23320,Giant 50'S Christmas Cracker,6.19,2,14698,United Kingdom,12.38
581352,12/8/2019,23533,Wall Art Garden Haven,6.19,1,14698,United Kingdom,6.19
581352,12/8/2019,22481,Black Tea Towel Classic Design,6.19,2,14698,United Kingdom,12.38
581352,12/8/2019,23323,White Wicker Star,6.19,2,14698,United Kingdom,12.38
581352,12/8/2019,82494L,Wooden Frame Antique White,6.19,1,14698,United Kingdom,6.19
581352,12/8/2019,85231B,Cinammon Set Of 9 T-Lights,6.19,3,14698,United Kingdom,18.57
581352,12/8/2019,23143,Zinc Wire Kitchen Organiser,7.24,1,14698,United Kingdom,7.24
581352,12/8/2019,23457,Large Parlour Picture Frame,7.24,1,14698,United Kingdom,7.24
581352,12/8/2019,23455,Small Parlour Picture Frame,7.24,2,14698,United Kingdom,14.48
581352,12/8/2019,22564,Alphabet Stencil Craft,7.24,1,14698,United Kingdom,7.24
581352,12/8/2019,22905,Calendar In Season Design,7.24,3,14698,United Kingdom,21.72
581352,12/8/2019,23576,Snack Tray Red Vintage Doily,7.24,1,14698,United Kingdom,7.24
581352,12/8/2019,23578,Snack Tray Red Gingham,7.24,2,14698,United Kingdom,14.48
581352,12/8/2019,22675,French Kitchen Sign Blue Metal,7.24,2,14698,United Kingdom,14.48
581352,12/8/2019,22673,French Garden Sign Blue Metal,7.24,2,14698,United Kingdom,14.48
581352,12/8/2019,21314,Small Glass Heart Trinket Pot,7.24,2,14698,United Kingdom,14.48
581352,12/8/2019,23151,Zinc Sweetheart Soap Dish,7.66,2,14698,United Kingdom,15.32
581352,12/8/2019,22185,Slate Tile Natural Hanging,7.66,4,14698,United Kingdom,30.64
581352,12/8/2019,21441,Blue Birdhouse Decoration,7.66,8,14698,United Kingdom,61.28
581352,12/8/2019,21442,Green Birdhouse Decoration,7.66,8,14698,United Kingdom,61.28
581352,12/8/2019,23106,Zinc Hearts Plant Pot Holder,7.66,2,14698,United Kingdom,15.32
581352,12/8/2019,22171,3 Hook Photo Shelf Antique White,7.66,1,14698,United Kingdom,7.66
581352,12/8/2019,85034B,3 White Choc Morris Boxed Candles,6.19,2,14698,United Kingdom,12.38
581352,12/8/2019,23569,Tradtional Alphabet Stamp Set,6.19,1,14698,United Kingdom,6.19
581352,12/8/2019,23571,Traditional Naughts & Crosses,6.19,3,14698,United Kingdom,18.57
581352,12/8/2019,22118,Joy Wooden Block Letters,6.19,2,14698,United Kingdom,12.38
581352,12/8/2019,22721,Set Of 3 Cake Tins Sketchbook,6.19,5,14698,United Kingdom,30.95
581352,12/8/2019,22138,Baking Set 9 Piece Retrospot,6.19,2,14698,United Kingdom,12.38
581352,12/8/2019,84978,Hanging Heart Jar T-Light Holder,6.19,6,14698,United Kingdom,37.14
581352,12/8/2019,22723,Set Of 6 Herb Tins Sketchbook,6.19,5,14698,United Kingdom,30.95
581352,12/8/2019,21034,Rex Cash+Carry Jumbo Shopper,6.19,1,14698,United Kingdom,6.19
581352,12/8/2019,23201,Jumbo Bag Alphabet,6.04,1,14698,United Kingdom,6.04
581356,12/8/2019,22692,Doormat Welcome To Our Home,6.19,2,17830,United Kingdom,12.38
581356,12/8/2019,21524,Doormat Spotty Home Sweet Home,6.19,2,17830,United Kingdom,12.38
581356,12/8/2019,21523,Doormat Fancy Font Home Sweet Home,6.19,2,17830,United Kingdom,12.38
581356,12/8/2019,48187,Doormat New England,6.19,2,17830,United Kingdom,12.38
581356,12/8/2019,22487,White Wood Garden Plant Ladder,6.19,1,17830,United Kingdom,6.19
581356,12/8/2019,22969,Homemade Jam Scented Candles,6.19,12,17830,United Kingdom,74.28
581356,12/8/2019,85123A,Cream Hanging Heart T-Light Holder,6.19,6,17830,United Kingdom,37.14
581357,12/8/2019,21285,Retrospot Candle Medium,6.19,12,13314,United Kingdom,74.28
581357,12/8/2019,22215,Cake Stand White Two Tier Lace,6.19,6,13314,United Kingdom,37.14
581357,12/8/2019,22442,Grow Your Own Flowers Set Of 3,6.19,12,13314,United Kingdom,74.28
581357,12/8/2019,22509,Sewing Box Retrospot Design,6.19,4,13314,United Kingdom,24.76
581357,12/8/2019,23415,Home Sweet Home Hook,6.19,12,13314,United Kingdom,74.28
581357,12/8/2019,23552,Bicycle Puncture Repair Kit,6.19,6,13314,United Kingdom,37.14
581357,12/8/2019,22986,Wrap Gingham Rose,6.19,25,13314,United Kingdom,154.75
581357,12/8/2019,16156S,Wrap Pink Fairy Cakes,6.19,25,13314,United Kingdom,154.75
581357,12/8/2019,22045,Spaceboy Gift Wrap,6.19,25,13314,United Kingdom,154.75
581357,12/8/2019,84251G,Greeting Card Overcrowded Pool,6.19,12,13314,United Kingdom,74.28
581357,12/8/2019,21499,Blue Polkadot Wrap,6.19,25,13314,United Kingdom,154.75
581357,12/8/2019,22624,Ivory Kitchen Scales,6.19,2,13314,United Kingdom,12.38
581357,12/8/2019,22424,Enamel Bread Bin Cream,6.19,1,13314,United Kingdom,6.19
581357,12/8/2019,23205,Charlotte Bag Vintage Alphabet,6.19,10,13314,United Kingdom,61.9
581357,12/8/2019,22866,Hand Warmer Scotty Dog Design,6.19,12,13314,United Kingdom,74.28
581358,12/8/2019,22979,Pantry Washing Up Brush,6.19,12,17436,United Kingdom,74.28
581358,12/8/2019,22300,Coffee Mug Dog + Ball Design,6.19,6,17436,United Kingdom,37.14
581358,12/8/2019,22301,Coffee Mug Cat + Bird Design,6.19,6,17436,United Kingdom,37.14
581358,12/8/2019,22971,Queens Guard Coffee Mug,6.19,12,17436,United Kingdom,74.28
581358,12/8/2019,22970,London Bus Coffee Mug,6.19,6,17436,United Kingdom,37.14
581361,12/8/2019,22178,Victorian Glass Hanging T-Light,6.19,48,17522,United Kingdom,297.12
581361,12/8/2019,22495,Set Of 2 Round Tins Camembert,6.19,12,17522,United Kingdom,74.28
581361,12/8/2019,22496,Set Of 2 Round Tins Dutch Cheese,6.19,12,17522,United Kingdom,74.28
581361,12/8/2019,22500,Set Of 2 Tins Jardin De Provence,6.19,6,17522,United Kingdom,37.14
581361,12/8/2019,22721,Set Of 3 Cake Tins Sketchbook,6.19,12,17522,United Kingdom,74.28
581361,12/8/2019,23235,Storage Tin Vintage Leaf,6.19,12,17522,United Kingdom,74.28
581375,12/8/2019,23535,Wall Art Bicycle Safety,6.19,8,16210,United Kingdom,49.52
581375,12/8/2019,21705,Bag 500g Swirly Marbles,6.19,48,16210,United Kingdom,297.12
581375,12/8/2019,23552,Bicycle Puncture Repair Kit,6.19,6,16210,United Kingdom,37.14
581375,12/8/2019,23498,Classic Bicycle Clips,6.19,12,16210,United Kingdom,74.28
581375,12/8/2019,21137,Black Record Cover Frame,6.19,960,16210,United Kingdom,5942.4
581375,12/8/2019,23536,Wall Art Village Show,6.19,4,16210,United Kingdom,24.76
581375,12/8/2019,23555,Landmark Frame Notting Hill,6.19,3,16210,United Kingdom,18.57
581375,12/8/2019,23558,Landmark Frame London Bridge,6.19,3,16210,United Kingdom,18.57
581375,12/8/2019,23553,Landmark Frame Camden Town,6.19,3,16210,United Kingdom,18.57
581375,12/8/2019,23556,Landmark Frame Covent Garden,6.19,3,16210,United Kingdom,18.57
581375,12/8/2019,23554,Landmark Frame Oxford Street,6.19,3,16210,United Kingdom,18.57
581375,12/8/2019,23557,Landmark Frame Baker Street,6.19,3,16210,United Kingdom,18.57
581376,12/8/2019,22586,Feltcraft Hairband Pink And Blue,6.19,6,14719,United Kingdom,37.14
581376,12/8/2019,20975,12 Pencils Small Tube Red Retrospot,6.19,4,14719,United Kingdom,24.76
581376,12/8/2019,23367,Set 12 Colour Pencils Spaceboy,6.19,4,14719,United Kingdom,24.76
581376,12/8/2019,20973,12 Pencil Small Tube Woodland,6.19,4,14719,United Kingdom,24.76
581376,12/8/2019,23366,Set 12 Colouring Pencils Doily,6.19,4,14719,United Kingdom,24.76
581376,12/8/2019,22211,Wood Stamp Set Flowers,6.19,4,14719,United Kingdom,24.76
581376,12/8/2019,22561,Wooden School Colouring Set,6.19,4,14719,United Kingdom,24.76
581376,12/8/2019,23569,Tradtional Alphabet Stamp Set,6.19,4,14719,United Kingdom,24.76
581376,12/8/2019,22669,Red Baby Bunting,6.19,5,14719,United Kingdom,30.95
581376,12/8/2019,22360,Glass Jar English Confectionery,6.19,4,14719,United Kingdom,24.76
581376,12/8/2019,84991,60 Teatime Fairy Cake Cases,6.19,6,14719,United Kingdom,37.14
581376,12/8/2019,23307,Set Of 60 Pantry Design Cake Cases,6.19,6,14719,United Kingdom,37.14
581376,12/8/2019,22951,60 Cake Cases Dolly Girl Design,6.19,6,14719,United Kingdom,37.14
581376,12/8/2019,22417,Pack Of 60 Spaceboy Cake Cases,6.19,6,14719,United Kingdom,37.14
581376,12/8/2019,22668,Pink Baby Bunting,6.19,5,14719,United Kingdom,30.95
581376,12/8/2019,22276,Wash Bag Vintage Rose Paisley,6.19,4,14719,United Kingdom,24.76
581376,12/8/2019,22277,Cosmetic Bag Vintage Rose Paisley,6.19,4,14719,United Kingdom,24.76
581376,12/8/2019,84378,Set Of 3 Heart Cookie Cutters,6.19,5,14719,United Kingdom,30.95
581376,12/8/2019,84380,Set Of 3 Butterfly Cookie Cutters,6.19,5,14719,United Kingdom,30.95
581376,12/8/2019,22966,Gingerbread Man Cookie Cutter,6.19,2,14719,United Kingdom,12.38
581376,12/8/2019,23552,Bicycle Puncture Repair Kit,6.19,1,14719,United Kingdom,6.19
581376,12/8/2019,23308,Set Of 60 Vintage Leaf Cake Cases,6.19,4,14719,United Kingdom,24.76
581376,12/8/2019,21977,Pack Of 60 Pink Paisley Cake Cases,6.19,6,14719,United Kingdom,37.14
581376,12/8/2019,84992,72 Sweetheart Fairy Cake Cases,6.19,6,14719,United Kingdom,37.14
581376,12/8/2019,21975,Pack Of 60 Dinosaur Cake Cases,6.19,4,14719,United Kingdom,24.76
581376,12/8/2019,22139,Retrospot Tea Set Ceramic 11 Pc,6.19,4,14719,United Kingdom,24.76
581376,12/8/2019,85032B,Blossom Images Gift Wrap Set,6.19,2,14719,United Kingdom,12.38
581376,12/8/2019,85032C,Curious Images Gift Wrap Set,6.19,2,14719,United Kingdom,12.38
581376,12/8/2019,85032A,Romantic Images Gift Wrap Set,6.19,2,14719,United Kingdom,12.38
581376,12/8/2019,85019A,Romantic Images Notebook Set,6.19,2,14719,United Kingdom,12.38
581376,12/8/2019,85019B,Blossom Images Notebook Set,6.19,2,14719,United Kingdom,12.38
581376,12/8/2019,70006,Love Heart Pocket Warmer,6.19,4,14719,United Kingdom,24.76
581376,12/8/2019,22834,Hand Warmer Babushka Design,6.19,6,14719,United Kingdom,37.14
581376,12/8/2019,22866,Hand Warmer Scotty Dog Design,6.19,6,14719,United Kingdom,37.14
581376,12/8/2019,22867,Hand Warmer Bird Design,6.19,6,14719,United Kingdom,37.14
581376,12/8/2019,23439,Hand Warmer Red Love Heart,7.24,6,14719,United Kingdom,43.44
581376,12/8/2019,22865,Hand Warmer Owl Design,7.24,6,14719,United Kingdom,43.44
581376,12/8/2019,22633,Hand Warmer Union Jack,7.24,6,14719,United Kingdom,43.44
581376,12/8/2019,22112,Chocolate Hot Water Bottle,7.24,2,14719,United Kingdom,14.48
581376,12/8/2019,23127,Feltcraft Girl Nicole Kit,7.24,2,14719,United Kingdom,14.48
581376,12/8/2019,22645,Ceramic Heart Fairy Cake Money Bank,7.24,4,14719,United Kingdom,28.96
581376,12/8/2019,22750,Feltcraft Princess Lola Doll,7.24,1,14719,United Kingdom,7.24
581376,12/8/2019,22751,Feltcraft Princess Olivia Doll,7.24,1,14719,United Kingdom,7.24
581376,12/8/2019,22556,Plasters In Tin Circus Parade,7.24,6,14719,United Kingdom,43.44
581376,12/8/2019,22555,Plasters In Tin Strongman,7.24,6,14719,United Kingdom,43.44
581376,12/8/2019,22557,Plasters In Tin Vintage Paisley,7.24,6,14719,United Kingdom,43.44
581376,12/8/2019,22554,Plasters In Tin Woodland Animals,6.19,6,14719,United Kingdom,37.14
581376,12/8/2019,22557,Plasters In Tin Vintage Paisley,6.19,4,14719,United Kingdom,24.76
581376,12/8/2019,22551,Plasters In Tin Spaceboy,6.19,6,14719,United Kingdom,37.14
581376,12/8/2019,22555,Plasters In Tin Strongman,6.19,4,14719,United Kingdom,24.76
581376,12/8/2019,23076,Ice Cream Sundae Lip Gloss,6.19,24,14719,United Kingdom,148.56
581376,12/8/2019,22969,Homemade Jam Scented Candles,6.19,12,14719,United Kingdom,74.28
581376,12/8/2019,22767,Triple Photo Frame Cornice,6.19,1,14719,United Kingdom,6.19
581376,12/8/2019,23301,Gardeners Kneeling Pad Keep Calm,6.19,1,14719,United Kingdom,6.19
581377,12/8/2019,21108,Fairy Cake Flannel Assorted Colour,6.19,18,14138,United Kingdom,111.42
581377,12/8/2019,23076,Ice Cream Sundae Lip Gloss,6.19,24,14138,United Kingdom,148.56
581377,12/8/2019,22809,Set Of 6 T-Lights Santa,6.19,12,14138,United Kingdom,74.28
581377,12/8/2019,22112,Chocolate Hot Water Bottle,6.19,3,14138,United Kingdom,18.57
581377,12/8/2019,22114,Hot Water Bottle Tea And Sympathy,6.19,4,14138,United Kingdom,24.76
581377,12/8/2019,22111,Scottie Dog Hot Water Bottle,6.19,6,14138,United Kingdom,37.14
581377,12/8/2019,21481,Fawn Blue Hot Water Bottle,6.19,4,14138,United Kingdom,24.76
581377,12/8/2019,21484,Chick Grey Hot Water Bottle,6.19,4,14138,United Kingdom,24.76
581377,12/8/2019,23355,Hot Water Bottle Keep Calm,6.19,4,14138,United Kingdom,24.76
581377,12/8/2019,22867,Hand Warmer Bird Design,6.19,12,14138,United Kingdom,74.28
581377,12/8/2019,22865,Hand Warmer Owl Design,6.19,12,14138,United Kingdom,74.28
581377,12/8/2019,22866,Hand Warmer Scotty Dog Design,6.19,24,14138,United Kingdom,148.56
581377,12/8/2019,23439,Hand Warmer Red Love Heart,6.19,12,14138,United Kingdom,74.28
581377,12/8/2019,22632,Hand Warmer Red Retrospot,6.19,12,14138,United Kingdom,74.28
581378,12/8/2019,85150,Ladies & Gentlemen Metal Sign,6.19,2,17673,United Kingdom,12.38
581378,12/8/2019,85152,Hand Over The Chocolate Sign,6.19,2,17673,United Kingdom,12.38
581378,12/8/2019,21164,Home Sweet Home Metal Sign,6.19,2,17673,United Kingdom,12.38
581378,12/8/2019,21172,Party Metal Sign,6.19,3,17673,United Kingdom,18.57
581378,12/8/2019,21162,Toxic Area Door Hanger,6.19,4,17673,United Kingdom,24.76
581378,12/8/2019,72122,Coffee Scent Pillar Candle,6.19,3,17673,United Kingdom,18.57
581378,12/8/2019,17012C,Origami Lavender Incense/Candl Set,6.19,4,17673,United Kingdom,24.76
581378,12/8/2019,17012F,Origami Sandlewood Incense/Cand Set,6.19,6,17673,United Kingdom,37.14
581378,12/8/2019,17012D,Origami Rose Incense/Candle Set,6.19,6,17673,United Kingdom,37.14
581378,12/8/2019,21790,Vintage Snap Cards,6.19,6,17673,United Kingdom,37.14
581378,12/8/2019,21791,Vintage Heads And Tails Card Game,6.19,4,17673,United Kingdom,24.76
581378,12/8/2019,23128,Feltcraft Boy Jean-Paul Kit,6.19,2,17673,United Kingdom,12.38
581378,12/8/2019,23126,Feltcraft Girl Amelie Kit,6.19,2,17673,United Kingdom,12.38
581378,12/8/2019,23127,Feltcraft Girl Nicole Kit,6.19,2,17673,United Kingdom,12.38
581378,12/8/2019,22439,6 Rocket Balloons,6.19,10,17673,United Kingdom,61.9
581378,12/8/2019,21328,Balloons Writing Set,6.19,4,17673,United Kingdom,24.76
581378,12/8/2019,21329,Dinosaurs Writing Set,6.19,2,17673,United Kingdom,12.38
581378,12/8/2019,21327,Skulls Writing Set,6.19,2,17673,United Kingdom,12.38
581378,12/8/2019,22566,Feltcraft Hairband Pink And Purple,6.19,4,17673,United Kingdom,24.76
581378,12/8/2019,20974,12 Pencils Small Tube Skull,6.19,3,17673,United Kingdom,18.57
581378,12/8/2019,21918,Set 12 Kids Colour Chalk Sticks,6.19,6,17673,United Kingdom,37.14
581378,12/8/2019,20979,36 Pencils Tube Red Retrospot,6.19,2,17673,United Kingdom,12.38
581378,12/8/2019,84692,Box Of 24 Cocktail Parasols,6.19,12,17673,United Kingdom,74.28
581379,12/8/2019,21109,Large Cake Towel Chocolate Spots,6.19,12,13954,United Kingdom,74.28
581379,12/8/2019,21417,Cockle Shell Dish,6.19,12,13954,United Kingdom,74.28
581379,12/8/2019,22061,Large Cake Stand Hanging Strawbery,6.19,8,13954,United Kingdom,49.52
581379,12/8/2019,22221,Cake Stand Lovebird 2 Tier Pink,6.19,6,13954,United Kingdom,37.14
581379,12/8/2019,22476,Empire Union Jack Tv Dinner Tray,6.19,8,13954,United Kingdom,49.52
581379,12/8/2019,22596,Christmas Star Wish List Chalkboard,6.19,12,13954,United Kingdom,74.28
581379,12/8/2019,22723,Set Of 6 Herb Tins Sketchbook,6.19,12,13954,United Kingdom,74.28
581379,12/8/2019,23143,Zinc Wire Kitchen Organiser,6.19,4,13954,United Kingdom,24.76
581379,12/8/2019,23320,Giant 50'S Christmas Cracker,6.04,12,13954,United Kingdom,72.48
581379,12/8/2019,84707A,Silver Jewelled Mirror Trinket Tray,6.19,12,13954,United Kingdom,74.28
581379,12/8/2019,23253,16 Piece Cutlery Set Pantry Design,6.19,2,13954,United Kingdom,12.38
581379,12/8/2019,22847,Bread Bin Diner Style Ivory,6.19,1,13954,United Kingdom,6.19
581380,12/8/2019,23498,Classic Bicycle Clips,6.19,12,13102,United Kingdom,74.28
581380,12/8/2019,23598,Paper Bunting Vintage Party,6.19,6,13102,United Kingdom,37.14
581380,12/8/2019,22466,Fairy Tale Cottage Night Light,6.19,12,13102,United Kingdom,74.28
581380,12/8/2019,23313,Vintage Christmas Bunting,6.19,5,13102,United Kingdom,30.95
581380,12/8/2019,22910,Paper Chain Kit Vintage Christmas,6.04,12,13102,United Kingdom,72.48
581380,12/8/2019,23234,Biscuit Tin Vintage Christmas,6.04,18,13102,United Kingdom,108.72
581380,12/8/2019,22630,Dolly Girl Lunch Box,6.04,12,13102,United Kingdom,72.48
581381,12/8/2019,23109,Pack Of Six Led Tea Lights,6.04,18,16933,United Kingdom,108.72
581381,12/8/2019,72800E,4 Ivory Dinner Candles Silver Flock,6.04,3,16933,United Kingdom,18.12
581381,12/8/2019,84947,Antique Silver Tea Glass Engraved,6.04,6,16933,United Kingdom,36.24
581381,12/8/2019,84946,Antique Silver T-Light Glass,6.19,6,16933,United Kingdom,37.14
581381,12/8/2019,21344,Moroccan Beaten Metal Dish,6.19,2,16933,United Kingdom,12.38
581381,12/8/2019,22800,Antique Tall Swirlglass Trinket Pot,6.19,4,16933,United Kingdom,24.76
581381,12/8/2019,22798,Antique Glass Dressing Table Pot,6.19,4,16933,United Kingdom,24.76
581381,12/8/2019,72799E,Ivory Pillar Candle Silver Flock,6.19,12,16933,United Kingdom,74.28
581381,12/8/2019,23534,Wall Art Stop For Tea,7.24,1,16933,United Kingdom,7.24
581381,12/8/2019,22113,Grey Heart Hot Water Bottle,7.24,4,16933,United Kingdom,28.96
581381,12/8/2019,72783,Black Sil't Squ Candle Plate,7.24,4,16933,United Kingdom,28.96
581381,12/8/2019,72780,Black Silouette Candle Plate,7.24,4,16933,United Kingdom,28.96
581381,12/8/2019,23538,Wall Art Vintage Heart,7.24,2,16933,United Kingdom,14.48
581381,12/8/2019,23082,Set 6 Paper Table Lantern Hearts,7.24,12,16933,United Kingdom,86.88
581381,12/8/2019,23083,Set 6 Paper Table Lantern Stars,7.24,15,16933,United Kingdom,108.6
581381,12/8/2019,22801,Antique Glass Pedestal Bowl,7.24,4,16933,United Kingdom,28.96
581381,12/8/2019,23381,Pack Of 12 Vintage Leaf Tissues,7.24,12,16933,United Kingdom,86.88
581381,12/8/2019,23378,Pack Of 12 50'S Christmas Tissues,7.24,12,16933,United Kingdom,86.88
581381,12/8/2019,21484,Chick Grey Hot Water Bottle,7.24,3,16933,United Kingdom,21.72
581381,12/8/2019,22411,Jumbo Shopper Vintage Red Paisley,7.24,2,16933,United Kingdom,14.48
581381,12/8/2019,23283,Doormat Vintage Leaf,7.24,1,16933,United Kingdom,7.24
581381,12/8/2019,23232,Wrap Vintage Leaf Design,7.24,25,16933,United Kingdom,181
581381,12/8/2019,21034,Rex Cash+Carry Jumbo Shopper,7.24,3,16933,United Kingdom,21.72
581381,12/8/2019,23202,Jumbo Bag Vintage Leaf,7.24,2,16933,United Kingdom,14.48
581382,12/8/2019,22457,Natural Slate Heart Chalkboard,7.24,6,13860,United Kingdom,43.44
581382,12/8/2019,22295,Heart Filigree Dove Large,7.24,12,13860,United Kingdom,86.88
581382,12/8/2019,23215,Jingle Bell Heart Antique Silver,7.24,12,13860,United Kingdom,86.88
581382,12/8/2019,21314,Small Glass Heart Trinket Pot,7.24,8,13860,United Kingdom,57.92
581382,12/8/2019,22779,Wooden Owls Light Garland,7.24,4,13860,United Kingdom,28.96
581382,12/8/2019,22780,Light Garland Butterfiles Pink,7.24,4,13860,United Kingdom,28.96
581382,12/8/2019,23083,Set 6 Paper Table Lantern Stars,7.24,6,13860,United Kingdom,43.44
581382,12/8/2019,22784,Lantern Cream Gazebo,7.24,3,13860,United Kingdom,21.72
581382,12/8/2019,23407,Set Of 2 Trays Home Sweet Home,7.24,2,13860,United Kingdom,14.48
581382,12/8/2019,22326,Round Snack Boxes Set Of4 Woodland,7.24,6,13860,United Kingdom,43.44
581382,12/8/2019,22178,Victorian Glass Hanging T-Light,7.24,6,13860,United Kingdom,43.44
581382,12/8/2019,23111,Parisienne Sewing Box,6.19,2,13860,United Kingdom,12.38
581382,12/8/2019,22338,Star Decoration Painted Zinc,6.19,48,13860,United Kingdom,297.12
581382,12/8/2019,22209,Wood Stamp Set Happy Birthday,6.19,24,13860,United Kingdom,148.56
581382,12/8/2019,22163,Heart String Memo Holder Hanging,6.04,12,13860,United Kingdom,72.48
581382,12/8/2019,22231,Jigsaw Tree With Birdhouse,6.19,12,13860,United Kingdom,74.28
581382,12/8/2019,22228,Bunny Wooden Painted With Bird,6.19,12,13860,United Kingdom,74.28
581382,12/8/2019,22597,Musical Zinc Heart Decoration,6.19,24,13860,United Kingdom,148.56
581382,12/8/2019,23199,Jumbo Bag Apples,7.24,10,13860,United Kingdom,72.4
581382,12/8/2019,20726,Lunch Bag Woodland,7.24,10,13860,United Kingdom,72.4
581383,12/8/2019,21791,Vintage Heads And Tails Card Game,6.19,12,15399,United Kingdom,74.28
581383,12/8/2019,22550,Holiday Fun Ludo,6.19,4,15399,United Kingdom,24.76
581383,12/8/2019,21912,Vintage Snakes & Ladders,6.04,4,15399,United Kingdom,24.16
581383,12/8/2019,21616,4 Pear Botanical Dinner Candles,6.19,6,15399,United Kingdom,37.14
581383,12/8/2019,22393,Paperweight Vintage Collage,6.19,12,15399,United Kingdom,74.28
581383,12/8/2019,21933,Pink Vintage Paisley Picnic Bag,6.19,10,15399,United Kingdom,61.9
581383,12/8/2019,35953,Folkart Star Christmas Decorations,6.19,12,15399,United Kingdom,74.28
581383,12/8/2019,35967,Folk Art Metal Star T-Light Holder,6.19,12,15399,United Kingdom,74.28
581383,12/8/2019,85179C,Pink Bitty Light Chain,6.19,12,15399,United Kingdom,74.28
581383,12/8/2019,21494,Rotating Leaves T-Light Holder,6.19,12,15399,United Kingdom,74.28
581383,12/8/2019,22909,Set Of 20 Vintage Christmas Napkins,6.19,12,15399,United Kingdom,74.28
581383,12/8/2019,22086,Paper Chain Kit 50'S Christmas,6.19,6,15399,United Kingdom,37.14
581383,12/8/2019,22910,Paper Chain Kit Vintage Christmas,6.19,6,15399,United Kingdom,37.14
581383,12/8/2019,84012,Magic Sheep Wool Growing From Paper,6.19,24,15399,United Kingdom,148.56
581383,12/8/2019,23300,Gardeners Kneeling Pad Cup Of Tea,6.19,12,15399,United Kingdom,74.28
581383,12/8/2019,23301,Gardeners Kneeling Pad Keep Calm,6.19,12,15399,United Kingdom,74.28
581383,12/8/2019,20725,Lunch Bag Red Retrospot,6.19,10,15399,United Kingdom,61.9
581383,12/8/2019,23206,Lunch Bag Apple Design,6.19,10,15399,United Kingdom,61.9
581385,12/8/2019,84029G,Knitted Union Flag Hot Water Bottle,6.19,24,13298,United Kingdom,148.56
581385,12/8/2019,21479,White Skull Hot Water Bottle,6.19,72,13298,United Kingdom,445.68
581394,12/8/2019,21733,Red Hanging Heart T-Light Holder,6.19,4,16892,United Kingdom,24.76
581395,12/8/2019,23485,Botanical Gardens Wall Clock,6.19,1,16892,United Kingdom,6.19
581395,12/8/2019,22086,Paper Chain Kit 50'S Christmas,6.19,1,16892,United Kingdom,6.19
581395,12/8/2019,23240,Set Of 4 Knick Knack Tins Doily,6.19,1,16892,United Kingdom,6.19
581395,12/8/2019,23080,Red Metal Box Top Secret,6.19,1,16892,United Kingdom,6.19
581395,12/8/2019,23359,Set Of 12 T-Lights Vintage Doily,6.19,1,16892,United Kingdom,6.19
581395,12/8/2019,23370,Set 36 Colouring Pencils Doily,6.19,1,16892,United Kingdom,6.19
581395,12/8/2019,22982,Pantry Pastry Brush,6.19,2,16892,United Kingdom,12.38
581395,12/8/2019,22753,Small Yellow Babushka Notebook,6.19,1,16892,United Kingdom,6.19
581395,12/8/2019,22208,Wood Stamp Set Thank You,6.19,1,16892,United Kingdom,6.19
581395,12/8/2019,21755,Love Building Block Word,6.19,1,16892,United Kingdom,6.19
581395,12/8/2019,22507,Memo Board Retrospot Design,6.19,1,16892,United Kingdom,6.19
581395,12/8/2019,21623,Vintage Union Jack Memoboard,7.24,1,16892,United Kingdom,7.24
581395,12/8/2019,23256,Childrens Cutlery Spaceboy,7.24,1,16892,United Kingdom,7.24
581395,12/8/2019,84997B,Childrens Cutlery Retrospot Red,7.24,1,16892,United Kingdom,7.24
581395,12/8/2019,85123A,Cream Hanging Heart T-Light Holder,7.24,6,16892,United Kingdom,43.44
581395,12/8/2019,23301,Gardeners Kneeling Pad Keep Calm,6.19,4,16892,United Kingdom,24.76
581395,12/8/2019,23300,Gardeners Kneeling Pad Cup Of Tea,6.19,4,16892,United Kingdom,24.76
581395,12/8/2019,23302,Kneeling Mat Housework Design,6.19,2,16892,United Kingdom,12.38
581395,12/8/2019,23081,Green Metal Box Army Supplies,6.19,1,16892,United Kingdom,6.19
581395,12/8/2019,22442,Grow Your Own Flowers Set Of 3,6.19,3,16892,United Kingdom,18.57
581396,12/8/2019,21756,Bath Building Block Word,6.19,18,15189,United Kingdom,111.42
581396,12/8/2019,22138,Baking Set 9 Piece Retrospot,6.19,48,15189,United Kingdom,297.12
581396,12/8/2019,22139,Retrospot Tea Set Ceramic 11 Pc,6.19,24,15189,United Kingdom,148.56
581397,12/8/2019,21843,Red Retrospot Cake Stand,6.19,3,17668,United Kingdom,18.57
581397,12/8/2019,22423,Regency Cakestand 3 Tier,6.19,3,17668,United Kingdom,18.57
581397,12/8/2019,72760B,Vintage Cream 3 Basket Cake Stand,6.19,2,17668,United Kingdom,12.38
581397,12/8/2019,22776,Sweetheart 3 Tier Cake Stand,6.19,2,17668,United Kingdom,12.38
581397,12/8/2019,37495,Fairy Cake Birthday Candle Set,6.19,4,17668,United Kingdom,24.76
581397,12/8/2019,21121,Set/10 Red Polkadot Party Candles,6.19,24,17668,United Kingdom,148.56
581397,12/8/2019,21123,Set/10 Ivory Polkadot Party Candles,6.19,24,17668,United Kingdom,148.56
581398,12/8/2019,85136C,Red Shark Helicopter,6.19,1,17243,United Kingdom,6.19
581398,12/8/2019,21055,Tool Box Soft Toy,6.19,1,17243,United Kingdom,6.19
581398,12/8/2019,48138,Doormat Union Flag,6.19,10,17243,United Kingdom,61.9
581398,12/8/2019,84029G,Knitted Union Flag Hot Water Bottle,6.19,36,17243,United Kingdom,222.84
581398,12/8/2019,22112,Chocolate Hot Water Bottle,6.19,12,17243,United Kingdom,74.28
581398,12/8/2019,23356,Love Hot Water Bottle,6.19,24,17243,United Kingdom,148.56
581398,12/8/2019,23355,Hot Water Bottle Keep Calm,6.19,24,17243,United Kingdom,148.56
581398,12/8/2019,23284,Doormat Keep Calm And Come In,6.19,10,17243,United Kingdom,61.9
581398,12/8/2019,48116,Doormat Multicolour Stripe,6.19,4,17243,United Kingdom,24.76
581399,12/8/2019,23535,Wall Art Bicycle Safety,6.19,4,17528,United Kingdom,24.76
581399,12/8/2019,22083,Paper Chain Kit Retrospot,6.19,6,17528,United Kingdom,37.14
581399,12/8/2019,22547,Mini Jigsaw Dinosaur,6.19,48,17528,United Kingdom,297.12
581399,12/8/2019,22543,Mini Jigsaw Bake A Cake,6.19,48,17528,United Kingdom,297.12
581399,12/8/2019,23497,Classic Chrome Bicycle Bell,6.19,12,17528,United Kingdom,74.28
581399,12/8/2019,23118,Parisienne Jewellery Drawer,6.19,4,17528,United Kingdom,24.76
581399,12/8/2019,22037,Robot Birthday Card,6.19,12,17528,United Kingdom,74.28
581399,12/8/2019,22029,Spaceboy Birthday Card,6.19,12,17528,United Kingdom,74.28
581399,12/8/2019,22031,Botanical Lavender Birthday Card,6.19,12,17528,United Kingdom,74.28
581399,12/8/2019,22819,Birthday Card Retro Spot,6.19,12,17528,United Kingdom,74.28
581399,12/8/2019,23012,Glass Apothecary Bottle Perfume,6.19,4,17528,United Kingdom,24.76
581399,12/8/2019,23013,Glass Apothecary Bottle Tonic,6.19,4,17528,United Kingdom,24.76
581399,12/8/2019,22385,Jumbo Bag Spaceboy Design,6.19,10,17528,United Kingdom,61.9
581399,12/8/2019,23201,Jumbo Bag Alphabet,6.19,10,17528,United Kingdom,61.9
581400,12/8/2019,22429,Enamel Measuring Jug Cream,6.19,1,14056,United Kingdom,6.19
581400,12/8/2019,84378,Set Of 3 Heart Cookie Cutters,6.19,3,14056,United Kingdom,18.57
581400,12/8/2019,23250,Vintage Red Trim Enamel Bowl,6.19,3,14056,United Kingdom,18.57
581400,12/8/2019,22720,Set Of 3 Cake Tins Pantry Design,6.19,2,14056,United Kingdom,12.38
581400,12/8/2019,23366,Set 12 Colouring Pencils Doily,6.19,4,14056,United Kingdom,24.76
581400,12/8/2019,22972,Children's Spaceboy Mug,6.19,2,14056,United Kingdom,12.38
581400,12/8/2019,23251,Vintage Red Enamel Trim Mug,6.19,2,14056,United Kingdom,12.38
581400,12/8/2019,21891,Traditional Wooden Skipping Rope,6.19,3,14056,United Kingdom,18.57
581400,12/8/2019,22899,Children's Apron Dolly Girl,6.19,3,14056,United Kingdom,18.57
581400,12/8/2019,23356,Love Hot Water Bottle,6.19,5,14056,United Kingdom,30.95
581400,12/8/2019,84030E,English Rose Hot Water Bottle,6.19,2,14056,United Kingdom,12.38
581400,12/8/2019,22113,Grey Heart Hot Water Bottle,6.19,4,14056,United Kingdom,24.76
581400,12/8/2019,23252,Vintage Red Enamel Trim Jug,6.19,1,14056,United Kingdom,6.19
581400,12/8/2019,23197,Sketchbook Magnetic Shopping List,6.19,4,14056,United Kingdom,24.76
581400,12/8/2019,22619,Set Of 6 Soldier Skittles,6.04,6,14056,United Kingdom,36.24
581400,12/8/2019,20914,Set/5 Red Retrospot Lid Glass Bowls,6.19,4,14056,United Kingdom,24.76
581400,12/8/2019,84755,Colour Glass T-Light Holder Hanging,6.19,8,14056,United Kingdom,49.52
581400,12/8/2019,22621,Traditional Knitting Nancy,6.19,4,14056,United Kingdom,24.76
581400,12/8/2019,23238,Set Of 4 Knick Knack Tins London,6.19,2,14056,United Kingdom,12.38
581400,12/8/2019,23309,Set Of 60 I Love London Cake Cases,6.19,6,14056,United Kingdom,37.14
581400,12/8/2019,22988,Soldiers Egg Cup,6.19,7,14056,United Kingdom,43.33
581400,12/8/2019,22897,Oven Mitt Apples Design,6.19,2,14056,United Kingdom,12.38
581400,12/8/2019,22424,Enamel Bread Bin Cream,6.19,1,14056,United Kingdom,6.19
581400,12/8/2019,23245,Set Of 3 Regency Cake Tins,6.19,2,14056,United Kingdom,12.38
581400,12/8/2019,22853,Cat Bowl Vintage Cream,6.19,2,14056,United Kingdom,12.38
581400,12/8/2019,23144,Zinc T-Light Holder Stars Small,6.19,6,14056,United Kingdom,37.14
581400,12/8/2019,23505,Playing Cards I Love London,6.19,2,14056,United Kingdom,12.38
581400,12/8/2019,22730,Alarm Clock Bakelike Ivory,6.19,1,14056,United Kingdom,6.19
581400,12/8/2019,22844,Vintage Cream Dog Food Container,6.19,3,14056,United Kingdom,18.57
581400,12/8/2019,85053,French Enamel Candleholder,6.19,3,14056,United Kingdom,18.57
581400,12/8/2019,23505,Playing Cards I Love London,6.19,1,14056,United Kingdom,6.19
581400,12/8/2019,20717,Strawberry Shopper Bag,6.19,2,14056,United Kingdom,12.38
581400,12/8/2019,20719,Woodland Charlotte Bag,6.19,3,14056,United Kingdom,18.57
581400,12/8/2019,22730,Alarm Clock Bakelike Ivory,6.19,2,14056,United Kingdom,12.38
581400,12/8/2019,22726,Alarm Clock Bakelike Green,6.19,4,14056,United Kingdom,24.76
581400,12/8/2019,22722,Set Of 6 Spice Tins Pantry Design,6.19,7,14056,United Kingdom,43.33
581400,12/8/2019,22553,Plasters In Tin Skulls,6.19,3,14056,United Kingdom,18.57
581400,12/8/2019,23660,Henrietta Hen Mug,6.19,2,14056,United Kingdom,12.38
581400,12/8/2019,23275,Set Of 3 Hanging Owls Ollie Beak,6.19,12,14056,United Kingdom,74.28
581400,12/8/2019,22917,Herb Marker Rosemary,6.19,8,14056,United Kingdom,49.52
581400,12/8/2019,22918,Herb Marker Parsley,6.19,12,14056,United Kingdom,74.28
581400,12/8/2019,22920,Herb Marker Basil,6.19,9,14056,United Kingdom,55.71
581400,12/8/2019,21930,Jumbo Storage Bag Skulls,6.04,1,14056,United Kingdom,6.04
581400,12/8/2019,22691,Doormat Welcome Sunrise,6.04,3,14056,United Kingdom,18.12
581400,12/8/2019,21523,Doormat Fancy Font Home Sweet Home,6.04,2,14056,United Kingdom,12.08
581400,12/8/2019,20713,Jumbo Bag Owls,6.19,1,14056,United Kingdom,6.19
581400,12/8/2019,23201,Jumbo Bag Alphabet,6.19,1,14056,United Kingdom,6.19
581400,12/8/2019,23208,Lunch Bag Vintage Leaf Design,6.19,5,14056,United Kingdom,30.95
581400,12/8/2019,20725,Lunch Bag Red Retrospot,6.19,2,14056,United Kingdom,12.38
581400,12/8/2019,20727,Lunch Bag Black Skull,6.19,2,14056,United Kingdom,12.38
581400,12/8/2019,23207,Lunch Bag Alphabet Design,6.19,5,14056,United Kingdom,30.95
581400,12/8/2019,22382,Lunch Bag Spaceboy Design,6.19,5,14056,United Kingdom,30.95
581401,12/8/2019,22509,Sewing Box Retrospot Design,6.04,4,17644,United Kingdom,24.16
581401,12/8/2019,20724,Red Retrospot Charlotte Bag,6.04,10,17644,United Kingdom,60.4
581401,12/8/2019,23205,Charlotte Bag Vintage Alphabet,6.19,10,17644,United Kingdom,61.9
581401,12/8/2019,20719,Woodland Charlotte Bag,6.19,10,17644,United Kingdom,61.9
581401,12/8/2019,23118,Parisienne Jewellery Drawer,6.19,4,17644,United Kingdom,24.76
581401,12/8/2019,23551,Pack Of 12 Paisley Park Tissues,6.19,24,17644,United Kingdom,148.56
581401,12/8/2019,23380,Pack Of 12 Vintage Doily Tissues,6.19,24,17644,United Kingdom,148.56
581401,12/8/2019,23298,Spotty Bunting,6.19,6,17644,United Kingdom,37.14
581401,12/8/2019,21429,Red Gingham Rose Jewellery Box,6.19,8,17644,United Kingdom,49.52
581401,12/8/2019,23284,Doormat Keep Calm And Come In,6.04,4,17644,United Kingdom,24.16
581401,12/8/2019,48194,Doormat Hearts,6.04,2,17644,United Kingdom,12.08
581401,12/8/2019,20685,Doormat Red Retrospot,6.04,2,17644,United Kingdom,12.08
581401,12/8/2019,23283,Doormat Vintage Leaf,6.04,2,17644,United Kingdom,12.08
581401,12/8/2019,90214A,"Letter ""A"" Bling Key Ring",6.04,12,17644,United Kingdom,72.48
581401,12/8/2019,90214C,"Letter ""C"" Bling Key Ring",6.04,12,17644,United Kingdom,72.48
581401,12/8/2019,90214D,"Letter ""D"" Bling Key Ring",6.04,12,17644,United Kingdom,72.48
581401,12/8/2019,90214E,"Letter ""E"" Bling Key Ring",6.04,12,17644,United Kingdom,72.48
581401,12/8/2019,90214K,"Letter ""K"" Bling Key Ring",6.04,12,17644,United Kingdom,72.48
581401,12/8/2019,90214L,"Letter ""L"" Bling Key Ring",6.04,12,17644,United Kingdom,72.48
581401,12/8/2019,90214P,"Letter ""P"" Bling Key Ring",6.04,12,17644,United Kingdom,72.48
581401,12/8/2019,90214S,"Letter ""S"" Bling Key Ring",6.04,12,17644,United Kingdom,72.48
581401,12/8/2019,23203,Jumbo Bag Vintage Doily,6.04,10,17644,United Kingdom,60.4
581401,12/8/2019,85099B,Jumbo Bag Red Retrospot,6.04,10,17644,United Kingdom,60.4
581401,12/8/2019,23581,Jumbo Bag Paisley Park,6.04,10,17644,United Kingdom,60.4
581401,12/8/2019,23583,Lunch Bag Paisley Park,6.04,10,17644,United Kingdom,60.4
581401,12/8/2019,23374,Red Spot Paper Gift Bag,6.04,10,17644,United Kingdom,60.4
581402,12/8/2019,23337,Egg Frying Pan Mint,6.04,4,14653,United Kingdom,24.16
581402,12/8/2019,23336,Egg Frying Pan Pink,6.04,4,14653,United Kingdom,24.16
581402,12/8/2019,23338,Egg Frying Pan Red,6.04,4,14653,United Kingdom,24.16
581402,12/8/2019,23339,Egg Frying Pan Blue,6.04,4,14653,United Kingdom,24.16
581402,12/8/2019,23335,Egg Frying Pan Ivory,6.04,4,14653,United Kingdom,24.16
581402,12/8/2019,22142,Christmas Craft White Fairy,6.04,3,14653,United Kingdom,18.12
581402,12/8/2019,22195,Large Heart Measuring Spoons,6.04,12,14653,United Kingdom,72.48
581402,12/8/2019,22196,Small Heart Measuring Spoons,6.19,12,14653,United Kingdom,74.28
581402,12/8/2019,23184,Bull Dog Bottle Opener,6.19,2,14653,United Kingdom,12.38
581402,12/8/2019,23013,Glass Apothecary Bottle Tonic,6.19,2,14653,United Kingdom,12.38
581402,12/8/2019,21314,Small Glass Heart Trinket Pot,6.04,4,14653,United Kingdom,24.16
581402,12/8/2019,85123A,Cream Hanging Heart T-Light Holder,6.19,6,14653,United Kingdom,37.14
581402,12/8/2019,22722,Set Of 6 Spice Tins Pantry Design,6.19,1,14653,United Kingdom,6.19
581402,12/8/2019,22587,Feltcraft Hairband Red And Blue,6.19,1,14653,United Kingdom,6.19
581402,12/8/2019,23198,Pantry Magnetic Shopping List,6.19,8,14653,United Kingdom,49.52
581402,12/8/2019,22309,Tea Cosy Red Stripe,6.19,2,14653,United Kingdom,12.38
581402,12/8/2019,22308,Tea Cosy Blue Stripe,6.19,2,14653,United Kingdom,12.38
581402,12/8/2019,23570,Traditional Pick Up Sticks Game,6.19,3,14653,United Kingdom,18.57
581402,12/8/2019,23084,Rabbit Night Light,6.19,3,14653,United Kingdom,18.57
581402,12/8/2019,20970,Pink Floral Feltcraft Shoulder Bag,6.19,1,14653,United Kingdom,6.19
581402,12/8/2019,79160,Heart Shape Wireless Doorbell,6.19,1,14653,United Kingdom,6.19
581402,12/8/2019,22751,Feltcraft Princess Olivia Doll,6.19,1,14653,United Kingdom,6.19
581402,12/8/2019,23557,Landmark Frame Baker Street,6.19,1,14653,United Kingdom,6.19
581402,12/8/2019,23092,Large Antique White Photo Frame,6.19,4,14653,United Kingdom,24.76
581402,12/8/2019,23457,Large Parlour Picture Frame,6.19,4,14653,United Kingdom,24.76
581402,12/8/2019,82494L,Wooden Frame Antique White,6.19,6,14653,United Kingdom,37.14
581402,12/8/2019,22796,Photo Frame 3 Classic Hanging,6.19,2,14653,United Kingdom,12.38
581402,12/8/2019,22980,Pantry Scrubbing Brush,6.19,3,14653,United Kingdom,18.57
581402,12/8/2019,22979,Pantry Washing Up Brush,6.19,6,14653,United Kingdom,37.14
581402,12/8/2019,23188,Vintage 2 Metre Folding Ruler,6.19,12,14653,United Kingdom,74.28
581402,12/8/2019,23439,Hand Warmer Red Love Heart,6.19,8,14653,United Kingdom,49.52
581402,12/8/2019,22632,Hand Warmer Red Retrospot,6.19,8,14653,United Kingdom,49.52
581402,12/8/2019,22633,Hand Warmer Union Jack,6.04,8,14653,United Kingdom,48.32
581402,12/8/2019,22865,Hand Warmer Owl Design,6.04,8,14653,United Kingdom,48.32
581402,12/8/2019,23438,Red Spot Gift Bag Large,6.19,20,14653,United Kingdom,123.8
581402,12/8/2019,23374,Red Spot Paper Gift Bag,6.04,12,14653,United Kingdom,72.48
581403,12/8/2019,23498,Classic Bicycle Clips,6.04,12,13510,United Kingdom,72.48
581403,12/8/2019,22367,Childrens Apron Spaceboy Design,6.04,8,13510,United Kingdom,48.32
581403,12/8/2019,47591D,Pink Fairy Cake Childrens Apron,6.19,8,13510,United Kingdom,49.52
581403,12/8/2019,84077,World War 2 Gliders Asstd Designs,6.19,48,13510,United Kingdom,297.12
581403,12/8/2019,20982,12 Pencils Tall Tube Skulls,6.19,24,13510,United Kingdom,148.56
581403,12/8/2019,20975,12 Pencils Small Tube Red Retrospot,6.19,24,13510,United Kingdom,148.56
581403,12/8/2019,22819,Birthday Card Retro Spot,6.19,12,13510,United Kingdom,74.28
581403,12/8/2019,21506,Fancy Font Birthday Card,6.19,12,13510,United Kingdom,74.28
581403,12/8/2019,84029G,Knitted Union Flag Hot Water Bottle,6.19,4,13510,United Kingdom,24.76
581403,12/8/2019,21485,Retrospot Heart Hot Water Bottle,6.19,3,13510,United Kingdom,18.57
581403,12/8/2019,22113,Grey Heart Hot Water Bottle,6.19,4,13510,United Kingdom,24.76
581403,12/8/2019,22111,Scottie Dog Hot Water Bottle,6.19,3,13510,United Kingdom,18.57
581403,12/8/2019,23381,Pack Of 12 Vintage Leaf Tissues,6.19,24,13510,United Kingdom,148.56
581403,12/8/2019,21931,Jumbo Storage Bag Suki,6.19,10,13510,United Kingdom,61.9
581403,12/8/2019,21930,Jumbo Storage Bag Skulls,6.19,10,13510,United Kingdom,61.9
581403,12/8/2019,23576,Snack Tray Red Vintage Doily,6.19,8,13510,United Kingdom,49.52
581403,12/8/2019,23575,Snack Tray Paisley Park,6.19,8,13510,United Kingdom,49.52
581403,12/8/2019,23314,Vintage Christmas Tablecloth,6.19,2,13510,United Kingdom,12.38
581403,12/8/2019,85099B,Jumbo Bag Red Retrospot,6.19,10,13510,United Kingdom,61.9
581403,12/8/2019,23581,Jumbo Bag Paisley Park,6.19,10,13510,United Kingdom,61.9
581403,12/8/2019,23203,Jumbo Bag Vintage Doily,6.19,10,13510,United Kingdom,61.9
581404,12/8/2019,85150,Ladies & Gentlemen Metal Sign,6.19,12,13680,United Kingdom,74.28
581404,12/8/2019,21181,Please One Person Metal Sign,6.19,12,13680,United Kingdom,74.28
581404,12/8/2019,21592,Retrospot Cigar Box Matches,6.19,17,13680,United Kingdom,105.23
581404,12/8/2019,22936,Baking Mould Rose White Chocolate,6.19,4,13680,United Kingdom,24.76
581404,12/8/2019,22935,Baking Mould Rose Milk Chocolate,6.19,4,13680,United Kingdom,24.76
581404,12/8/2019,22932,Baking Mould Toffee Cup Chocolate,6.19,4,13680,United Kingdom,24.76
581404,12/8/2019,22931,Baking Mould Heart White Chocolate,6.04,6,13680,United Kingdom,36.24
581404,12/8/2019,22930,Baking Mould Heart Milk Chocolate,6.19,6,13680,United Kingdom,37.14
581404,12/8/2019,22059,Ceramic Strawberry Design Mug,6.19,4,13680,United Kingdom,24.76
581404,12/8/2019,22966,Gingerbread Man Cookie Cutter,6.19,8,13680,United Kingdom,49.52
581404,12/8/2019,23398,Hanging Heart Bonheur,6.19,1,13680,United Kingdom,6.19
581404,12/8/2019,23399,Home Sweet Home Hanging Heart,6.19,1,13680,United Kingdom,6.19
581404,12/8/2019,85123A,Cream Hanging Heart T-Light Holder,6.19,4,13680,United Kingdom,24.76
581404,12/8/2019,22469,Heart Of Wicker Small,6.19,2,13680,United Kingdom,12.38
581404,12/8/2019,20961,Strawberry Bath Sponge,6.19,10,13680,United Kingdom,61.9
581404,12/8/2019,20963,Apple Bath Sponge,7.24,10,13680,United Kingdom,72.4
581404,12/8/2019,23337,Egg Frying Pan Mint,7.24,4,13680,United Kingdom,28.96
581404,12/8/2019,23339,Egg Frying Pan Blue,7.24,4,13680,United Kingdom,28.96
581404,12/8/2019,23336,Egg Frying Pan Pink,7.24,4,13680,United Kingdom,28.96
581404,12/8/2019,82600,N0 Singing Metal Sign,7.24,8,13680,United Kingdom,57.92
581404,12/8/2019,82583,Hot Baths Metal Sign,7.24,6,13680,United Kingdom,43.44
581404,12/8/2019,85152,Hand Over The Chocolate Sign,7.24,8,13680,United Kingdom,57.92
581404,12/8/2019,21175,Gin And Tonic Diet Metal Sign,7.24,8,13680,United Kingdom,57.92
581404,12/8/2019,23426,Metal Sign Drop Your Pants,7.24,6,13680,United Kingdom,43.44
581404,12/8/2019,22413,Metal Sign Take It Or Leave It,7.24,4,13680,United Kingdom,28.96
581404,12/8/2019,21169,You're Confusing Me Metal Sign,7.24,6,13680,United Kingdom,43.44
581404,12/8/2019,21908,Chocolate This Way Metal Sign,7.24,6,13680,United Kingdom,43.44
581404,12/8/2019,20914,Set/5 Red Retrospot Lid Glass Bowls,7.24,3,13680,United Kingdom,21.72
581404,12/8/2019,21351,Cinammon & Orange Wreath,6.04,3,13680,United Kingdom,18.12
581404,12/8/2019,22513,Doorstop Football Design,6.04,1,13680,United Kingdom,6.04
581404,12/8/2019,23109,Pack Of Six Led Tea Lights,6.04,6,13680,United Kingdom,36.24
581404,12/8/2019,22694,Wicker Star,6.04,4,13680,United Kingdom,24.16
581404,12/8/2019,23321,Small White Heart Of Wicker,6.04,4,13680,United Kingdom,24.16
581404,12/8/2019,23323,White Wicker Star,6.04,4,13680,United Kingdom,24.16
581404,12/8/2019,22470,Heart Of Wicker Large,6.04,3,13680,United Kingdom,18.12
581404,12/8/2019,22695,Wicker Wreath Small,6.04,3,13680,United Kingdom,18.12
581404,12/8/2019,22469,Heart Of Wicker Small,6.04,2,13680,United Kingdom,12.08
581404,12/8/2019,23398,Hanging Heart Bonheur,6.04,6,13680,United Kingdom,36.24
581404,12/8/2019,23399,Home Sweet Home Hanging Heart,6.04,6,13680,United Kingdom,36.24
581404,12/8/2019,22667,Recipe Box Retrospot,6.04,3,13680,United Kingdom,18.12
581404,12/8/2019,22666,Recipe Box Pantry Yellow Design,6.19,3,13680,United Kingdom,18.57
581404,12/8/2019,21098,Christmas Toilet Roll,6.19,8,13680,United Kingdom,49.52
581404,12/8/2019,23494,Vintage Doily Deluxe Sewing Kit,6.19,3,13680,United Kingdom,18.57
581404,12/8/2019,22114,Hot Water Bottle Tea And Sympathy,6.19,3,13680,United Kingdom,18.57
581404,12/8/2019,23300,Gardeners Kneeling Pad Cup Of Tea,6.19,4,13680,United Kingdom,24.76
581404,12/8/2019,23301,Gardeners Kneeling Pad Keep Calm,6.19,4,13680,United Kingdom,24.76
581404,12/8/2019,22644,Ceramic Cherry Cake Money Bank,6.19,4,13680,United Kingdom,24.76
581404,12/8/2019,22645,Ceramic Heart Fairy Cake Money Bank,6.19,4,13680,United Kingdom,24.76
581404,12/8/2019,21166,Cook With Wine Metal Sign,6.19,6,13680,United Kingdom,37.14
581404,12/8/2019,72741,Grand Chocolatecandle,6.19,9,13680,United Kingdom,55.71
581404,12/8/2019,23425,Storage Tin Home Sweet Home,6.19,4,13680,United Kingdom,24.76
581404,12/8/2019,21755,Love Building Block Word,6.19,2,13680,United Kingdom,12.38
581404,12/8/2019,23503,Playing Cards Keep Calm & Carry On,6.19,6,13680,United Kingdom,37.14
581404,12/8/2019,22511,Retrospot Babushka Doorstop,6.19,2,13680,United Kingdom,12.38
581404,12/8/2019,22510,Gingham Babushka Doorstop,6.19,2,13680,United Kingdom,12.38
581404,12/8/2019,21115,Rose Caravan Doorstop,6.19,2,13680,United Kingdom,12.38
581404,12/8/2019,21411,Gingham Heart Doorstop Red,6.19,2,13680,United Kingdom,12.38
581404,12/8/2019,23543,Wall Art Keep Calm,6.19,2,13680,United Kingdom,12.38
581404,12/8/2019,22632,Hand Warmer Red Retrospot,6.19,13,13680,United Kingdom,80.47
581404,12/8/2019,22633,Hand Warmer Union Jack,6.19,6,13680,United Kingdom,37.14
581404,12/8/2019,22866,Hand Warmer Scotty Dog Design,6.19,9,13680,United Kingdom,55.71
581404,12/8/2019,23320,Giant 50'S Christmas Cracker,6.19,3,13680,United Kingdom,18.57
581404,12/8/2019,23344,Jumbo Bag 50'S Christmas,6.19,6,13680,United Kingdom,37.14
581405,12/8/2019,22509,Sewing Box Retrospot Design,6.19,1,13521,United Kingdom,6.19
581405,12/8/2019,15056P,Edwardian Parasol Pink,6.19,1,13521,United Kingdom,6.19
581405,12/8/2019,20679,Edwardian Parasol Red,6.19,1,13521,United Kingdom,6.19
581405,12/8/2019,20686,Dolly Mixture Children's Umbrella,6.19,1,13521,United Kingdom,6.19
581405,12/8/2019,22170,Picture Frame Wood Triple Portrait,6.19,1,13521,United Kingdom,6.19
581405,12/8/2019,23084,Rabbit Night Light,6.19,8,13521,United Kingdom,49.52
581405,12/8/2019,20992,Jazz Hearts Purse Notebook,6.19,1,13521,United Kingdom,6.19
581405,12/8/2019,21984,Pack Of 12 Pink Paisley Tissues,6.19,3,13521,United Kingdom,18.57
581405,12/8/2019,21790,Vintage Snap Cards,6.19,2,13521,United Kingdom,12.38
581405,12/8/2019,23504,Playing Cards Jubilee Union Jack,6.19,1,13521,United Kingdom,6.19
581405,12/8/2019,22091,Empire Tissue Box,6.19,3,13521,United Kingdom,18.57
581405,12/8/2019,23376,Pack Of 12 Vintage Christmas Tissue,6.19,2,13521,United Kingdom,12.38
581405,12/8/2019,23506,Mini Playing Cards Spaceboy,6.19,2,13521,United Kingdom,12.38
581405,12/8/2019,23510,Mini Playing Cards Gymkhana,6.19,2,13521,United Kingdom,12.38
581405,12/8/2019,22280,Pocket Bag Pink Paisely Brown Spot,6.19,1,13521,United Kingdom,6.19
581405,12/8/2019,22279,Pocket Bag Blue Paisley Red Spot,6.19,1,13521,United Kingdom,6.19
581405,12/8/2019,22952,60 Cake Cases Vintage Christmas,6.19,2,13521,United Kingdom,12.38
581405,12/8/2019,85176,Sewing Susan 21 Needle Set,6.19,1,13521,United Kingdom,6.19
581405,12/8/2019,22727,Alarm Clock Bakelike Red,6.19,1,13521,United Kingdom,6.19
581405,12/8/2019,22389,Paperweight Save The Planet,6.19,4,13521,United Kingdom,24.76
581405,12/8/2019,23367,Set 12 Colour Pencils Spaceboy,6.19,2,13521,United Kingdom,12.38
581405,12/8/2019,22557,Plasters In Tin Vintage Paisley,6.19,2,13521,United Kingdom,12.38
581405,12/8/2019,22551,Plasters In Tin Spaceboy,6.19,1,13521,United Kingdom,6.19
581405,12/8/2019,90214E,"Letter ""E"" Bling Key Ring",6.19,1,13521,United Kingdom,6.19
581405,12/8/2019,22530,Magic Drawing Slate Dolly Girl,6.19,2,13521,United Kingdom,12.38
581405,12/8/2019,22546,Mini Jigsaw Purdey,6.19,2,13521,United Kingdom,12.38
581405,12/8/2019,22544,Mini Jigsaw Spaceboy,6.19,2,13521,United Kingdom,12.38
581405,12/8/2019,22544,Mini Jigsaw Spaceboy,6.19,1,13521,United Kingdom,6.19
581405,12/8/2019,22533,Magic Drawing Slate Bake A Cake,6.19,1,13521,United Kingdom,6.19
581405,12/8/2019,22534,Magic Drawing Slate Spaceboy,6.19,3,13521,United Kingdom,18.57
581405,12/8/2019,22144,Christmas Craft Little Friends,6.19,1,13521,United Kingdom,6.19
581405,12/8/2019,22744,Make Your Own Monsoon Card Kit,6.19,1,13521,United Kingdom,6.19
581405,12/8/2019,22743,Make Your Own Flowerpower Card Kit,6.19,1,13521,United Kingdom,6.19
581405,12/8/2019,23493,Vintage Doily Travel Sewing Kit,6.19,2,13521,United Kingdom,12.38
581405,12/8/2019,90214P,"Letter ""P"" Bling Key Ring",6.19,1,13521,United Kingdom,6.19
581405,12/8/2019,90214I,"Letter ""I"" Bling Key Ring",6.19,1,13521,United Kingdom,6.19
581405,12/8/2019,22651,Gentleman Shirt Repair Kit,6.19,2,13521,United Kingdom,12.38
581405,12/8/2019,21878,Pack Of 6 Sandcastle Flags Assorted,6.19,1,13521,United Kingdom,6.19
581405,12/8/2019,21739,Cosy Slipper Shoes Small Green,6.19,1,13521,United Kingdom,6.19
581405,12/8/2019,21064,Boom Box Speaker Boys,6.19,1,13521,United Kingdom,6.19
581405,12/8/2019,20733,Gold Mini Tape Measure,6.19,1,13521,United Kingdom,6.19
581405,12/8/2019,21984,Pack Of 12 Pink Paisley Tissues,6.19,1,13521,United Kingdom,6.19
581405,12/8/2019,21705,Bag 500g Swirly Marbles,6.19,4,13521,United Kingdom,24.76
581405,12/8/2019,23300,Gardeners Kneeling Pad Cup Of Tea,6.19,2,13521,United Kingdom,12.38
581405,12/8/2019,23301,Gardeners Kneeling Pad Keep Calm,6.19,2,13521,United Kingdom,12.38
581405,12/8/2019,22500,Set Of 2 Tins Jardin De Provence,6.19,1,13521,United Kingdom,6.19
581405,12/8/2019,21619,4 Vanilla Botanical Candles,6.19,2,13521,United Kingdom,12.38
581405,12/8/2019,23080,Red Metal Box Top Secret,6.19,1,13521,United Kingdom,6.19
581405,12/8/2019,22940,Feltcraft Christmas Fairy,6.19,1,13521,United Kingdom,6.19
581405,12/8/2019,20972,Pink Cream Felt Craft Trinket Box,6.19,1,13521,United Kingdom,6.19
581405,12/8/2019,22150,3 Stripey Mice Feltcraft,6.19,1,13521,United Kingdom,6.19
581405,12/8/2019,85015,Set Of 12 Vintage Postcard Set,6.19,1,13521,United Kingdom,6.19
581405,12/8/2019,15039,Sandalwood Fan,6.19,1,13521,United Kingdom,6.19
581405,12/8/2019,22621,Traditional Knitting Nancy,6.19,2,13521,United Kingdom,12.38
581405,12/8/2019,22500,Set Of 2 Tins Jardin De Provence,6.19,1,13521,United Kingdom,6.19
581405,12/8/2019,21115,Rose Caravan Doorstop,6.19,1,13521,United Kingdom,6.19
581405,12/8/2019,21891,Traditional Wooden Skipping Rope,6.19,2,13521,United Kingdom,12.38
581405,12/8/2019,21890,S/6 Wooden Skittles In Cotton Bag,6.19,1,13521,United Kingdom,6.19
581405,12/8/2019,22096,Pink Paisley Square Tissue Box,6.19,2,13521,United Kingdom,12.38
581405,12/8/2019,22754,Small Red Babushka Notebook,6.19,1,13521,United Kingdom,6.19
581405,12/8/2019,20996,Jazz Hearts Address Book,6.19,1,13521,United Kingdom,6.19
581405,12/8/2019,21894,Potting Shed Seed Envelopes,6.19,2,13521,United Kingdom,12.38
581405,12/8/2019,23144,Zinc T-Light Holder Stars Small,6.19,3,13521,United Kingdom,18.57
581405,12/8/2019,21260,First Aid Tin,6.19,1,13521,United Kingdom,6.19
581405,12/8/2019,21313,Glass Heart T-Light Holder,6.19,2,13521,United Kingdom,12.38
581405,12/8/2019,21383,Pack Of 12 Sticky Bunnies,6.19,1,13521,United Kingdom,6.19
581405,12/8/2019,84993A,75 Green Petit Four Cases,6.19,1,13521,United Kingdom,6.19
581405,12/8/2019,84879,Assorted Colour Bird Ornament,6.19,3,13521,United Kingdom,18.57
581405,12/8/2019,21136,Painted Metal Pears Assorted,6.19,1,13521,United Kingdom,6.19
581405,12/8/2019,21718,Red Metal Beach Spade,6.19,1,13521,United Kingdom,6.19
581405,12/8/2019,22522,Childs Garden Fork Blue,6.19,1,13521,United Kingdom,6.19
581405,12/8/2019,23189,Set Of 12 Fork Candles,6.19,1,13521,United Kingdom,6.19
581405,12/8/2019,85169A,Ivory Love Bird Candle,6.19,1,13521,United Kingdom,6.19
581405,12/8/2019,85169C,Eau De Nil Love Bird Candle,6.19,1,13521,United Kingdom,6.19
581405,12/8/2019,85026B,Eau De Nile Jewelled T-Light Holder,6.19,2,13521,United Kingdom,12.38
581405,12/8/2019,22495,Set Of 2 Round Tins Camembert,6.19,1,13521,United Kingdom,6.19
581405,12/8/2019,21494,Rotating Leaves T-Light Holder,6.19,2,13521,United Kingdom,12.38
581405,12/8/2019,23074,Embossed Heart Trinket Box,6.19,1,13521,United Kingdom,6.19
581405,12/8/2019,23309,Set Of 60 I Love London Cake Cases,6.19,1,13521,United Kingdom,6.19
581405,12/8/2019,22132,Red Love Heart Shape Cup,6.19,2,13521,United Kingdom,12.38
581405,12/8/2019,22099,Caravan Square Tissue Box,6.04,1,13521,United Kingdom,6.04
581405,12/8/2019,23398,Hanging Heart Bonheur,6.04,1,13521,United Kingdom,6.04
581405,12/8/2019,20986,Blue Calculator Ruler,6.19,1,13521,United Kingdom,6.19
581405,12/8/2019,22097,Swallow Square Tissue Box,6.19,1,13521,United Kingdom,6.19
581405,12/8/2019,21620,Set Of 4 Rose Botanical Candles,6.19,2,13521,United Kingdom,12.38
581405,12/8/2019,85231B,Cinammon Set Of 9 T-Lights,6.19,5,13521,United Kingdom,30.95
581405,12/8/2019,21976,Pack Of 60 Mushroom Cake Cases,6.19,1,13521,United Kingdom,6.19
581405,12/8/2019,84991,60 Teatime Fairy Cake Cases,6.19,1,13521,United Kingdom,6.19
581405,12/8/2019,84978,Hanging Heart Jar T-Light Holder,6.19,2,13521,United Kingdom,12.38
581405,12/8/2019,22139,Retrospot Tea Set Ceramic 11 Pc,6.19,1,13521,United Kingdom,6.19
581405,12/8/2019,21439,Basket Of Toadstools,6.19,1,13521,United Kingdom,6.19
581405,12/8/2019,22671,French Laundry Sign Blue Metal,6.19,1,13521,United Kingdom,6.19
581405,12/8/2019,21172,Party Metal Sign,6.19,2,13521,United Kingdom,12.38
581405,12/8/2019,23188,Vintage 2 Metre Folding Ruler,6.19,1,13521,United Kingdom,6.19
581405,12/8/2019,21993,Floral Folk Stationery Set,6.19,1,13521,United Kingdom,6.19
581405,12/8/2019,21329,Dinosaurs Writing Set,6.19,1,13521,United Kingdom,6.19
581405,12/8/2019,23551,Pack Of 12 Paisley Park Tissues,6.19,4,13521,United Kingdom,24.76
581405,12/8/2019,21109,Large Cake Towel Chocolate Spots,6.19,1,13521,United Kingdom,6.19
581405,12/8/2019,22119,Peace Wooden Block Letters,6.19,2,13521,United Kingdom,12.38
581405,12/8/2019,22473,Tv Dinner Tray Vintage Paisley,6.19,1,13521,United Kingdom,6.19
581405,12/8/2019,22474,Spaceboy Tv Dinner Tray,6.04,1,13521,United Kingdom,6.04
581405,12/8/2019,22209,Wood Stamp Set Happy Birthday,6.19,1,13521,United Kingdom,6.19
581405,12/8/2019,22422,Toothpaste Tube Pen,6.19,5,13521,United Kingdom,30.95
581405,12/8/2019,23399,Home Sweet Home Hanging Heart,6.19,1,13521,United Kingdom,6.19
581405,12/8/2019,47469,Assorted Shapes Photo Clip Silver,6.19,2,13521,United Kingdom,12.38
581405,12/8/2019,22398,Magnets Pack Of 4 Swallows,6.19,2,13521,United Kingdom,12.38
581405,12/8/2019,22402,Magnets Pack Of 4 Vintage Collage,7.24,2,13521,United Kingdom,14.48
581405,12/8/2019,23356,Love Hot Water Bottle,7.24,1,13521,United Kingdom,7.24
581405,12/8/2019,22111,Scottie Dog Hot Water Bottle,7.24,1,13521,United Kingdom,7.24
581405,12/8/2019,22835,Hot Water Bottle I Am So Poorly,7.24,2,13521,United Kingdom,14.48
581405,12/8/2019,22113,Grey Heart Hot Water Bottle,7.24,4,13521,United Kingdom,28.96
581405,12/8/2019,22110,Bird House Hot Water Bottle,7.24,2,13521,United Kingdom,14.48
581405,12/8/2019,22210,Wood Stamp Set Best Wishes,7.24,1,13521,United Kingdom,7.24
581405,12/8/2019,22211,Wood Stamp Set Flowers,7.24,1,13521,United Kingdom,7.24
581405,12/8/2019,22208,Wood Stamp Set Thank You,7.24,1,13521,United Kingdom,7.24
581405,12/8/2019,21446,12 Red Rose Peg Place Settings,7.24,2,13521,United Kingdom,14.48
581405,12/8/2019,79063C,Retro Pill Box Key Chain The King,7.24,1,13521,United Kingdom,7.24
581405,12/8/2019,22620,4 Traditional Spinning Tops,7.24,1,13521,United Kingdom,7.24
581405,12/8/2019,23122,Party Charms 50 Pieces,7.24,1,13521,United Kingdom,7.24
581405,12/8/2019,21638,Assorted Tutti Frutti Notebook,7.24,1,13521,United Kingdom,7.24
581405,12/8/2019,21640,Assorted Tutti Frutti Fob Notebook,7.24,1,13521,United Kingdom,7.24
581405,12/8/2019,20975,12 Pencils Small Tube Red Retrospot,7.24,1,13521,United Kingdom,7.24
581405,12/8/2019,22993,Set Of 4 Pantry Jelly Moulds,7.24,2,13521,United Kingdom,14.48
581405,12/8/2019,22075,6 Ribbons Elegant Christmas,7.24,2,13521,United Kingdom,14.48
581405,12/8/2019,22074,6 Ribbons Shimmering Pinks,7.24,1,13521,United Kingdom,7.24
581405,12/8/2019,22076,6 Ribbons Empire,7.24,4,13521,United Kingdom,28.96
581405,12/8/2019,22481,Black Tea Towel Classic Design,7.24,6,13521,United Kingdom,43.44
581405,12/8/2019,22563,Happy Stencil Craft,7.24,1,13521,United Kingdom,7.24
581405,12/8/2019,22562,Monsters Stencil Craft,7.24,1,13521,United Kingdom,7.24
581405,12/8/2019,22564,Alphabet Stencil Craft,7.24,2,13521,United Kingdom,14.48
581405,12/8/2019,22276,Wash Bag Vintage Rose Paisley,7.24,1,13521,United Kingdom,7.24
581405,12/8/2019,22072,Red Retrospot Tea Cup And Saucer,7.24,2,13521,United Kingdom,14.48
581405,12/8/2019,22109,Full English Breakfast Plate,7.24,1,13521,United Kingdom,7.24
581405,12/8/2019,22108,Ping! Microwave Plate,7.24,1,13521,United Kingdom,7.24
581405,12/8/2019,22124,Set Of 2 Tea Towels Ping Microwave,7.24,1,13521,United Kingdom,7.24
581405,12/8/2019,84596B,Small Dolly Mix Design Orange Bowl,7.24,3,13521,United Kingdom,21.72
581405,12/8/2019,23252,Vintage Red Enamel Trim Jug,7.24,1,13521,United Kingdom,7.24
581405,12/8/2019,22475,Skull Design Tv Dinner Tray,7.24,1,13521,United Kingdom,7.24
581405,12/8/2019,23340,Vintage Christmas Cake Frill,7.24,1,13521,United Kingdom,7.24
581405,12/8/2019,22314,Office Mug Warmer Choc+Blue,7.24,1,13521,United Kingdom,7.24
581405,12/8/2019,22938,Cupcake Lace Paper Set 6,7.24,1,13521,United Kingdom,7.24
581405,12/8/2019,70006,Love Heart Pocket Warmer,7.24,1,13521,United Kingdom,7.24
581405,12/8/2019,23368,Set 12 Colour Pencils Dolly Girl,7.24,1,13521,United Kingdom,7.24
581405,12/8/2019,23366,Set 12 Colouring Pencils Doily,7.24,1,13521,United Kingdom,7.24
581405,12/8/2019,20975,12 Pencils Small Tube Red Retrospot,7.24,1,13521,United Kingdom,7.24
581405,12/8/2019,22561,Wooden School Colouring Set,7.24,1,13521,United Kingdom,7.24
581405,12/8/2019,22955,36 Foil Star Cake Cases,7.24,1,13521,United Kingdom,7.24
581405,12/8/2019,22472,Tv Dinner Tray Dolly Girl,7.24,1,13521,United Kingdom,7.24
581405,12/8/2019,84819,Danish Rose Round Sewing Box,7.24,2,13521,United Kingdom,14.48
581405,12/8/2019,21591,Cosy Hour Cigar Box Matches,7.24,2,13521,United Kingdom,14.48
581405,12/8/2019,21592,Retrospot Cigar Box Matches,7.24,4,13521,United Kingdom,28.96
581405,12/8/2019,84692,Box Of 24 Cocktail Parasols,6.19,1,13521,United Kingdom,6.19
581405,12/8/2019,35970,Zinc Folkart Sleigh Bells,6.19,1,13521,United Kingdom,6.19
581405,12/8/2019,22642,Set Of 4 Napkin Charms Stars,7.24,2,13521,United Kingdom,14.48
581405,12/8/2019,22343,Party Pizza Dish Red Retrospot,7.24,1,13521,United Kingdom,7.24
581405,12/8/2019,22196,Small Heart Measuring Spoons,7.24,3,13521,United Kingdom,21.72
581405,12/8/2019,21563,Red Heart Shape Love Bucket,6.19,2,13521,United Kingdom,12.38
581405,12/8/2019,22195,Large Heart Measuring Spoons,6.19,2,13521,United Kingdom,12.38
581405,12/8/2019,21530,Dairy Maid Toastrack,6.19,1,13521,United Kingdom,6.19
581405,12/8/2019,21977,Pack Of 60 Pink Paisley Cake Cases,6.19,2,13521,United Kingdom,12.38
581405,12/8/2019,23123,Cocktail Swords 50 Pieces,6.19,1,13521,United Kingdom,6.19
581405,12/8/2019,20868,Silver Fabric Mirror,6.19,1,13521,United Kingdom,6.19
581405,12/8/2019,21715,Girls Vintage Tin Seaside Bucket,6.19,2,13521,United Kingdom,12.38
581405,12/8/2019,22638,Set Of 4 Napkin Charms Crowns,6.19,2,13521,United Kingdom,12.38
581405,12/8/2019,22643,Set Of 4 Napkin Charms Leaves,6.19,2,13521,United Kingdom,12.38
581405,12/8/2019,23212,Heart Wreath Decoration With Bell,6.19,1,13521,United Kingdom,6.19
581405,12/8/2019,21162,Toxic Area Door Hanger,6.19,1,13521,United Kingdom,6.19
581405,12/8/2019,23281,Folding Butterfly Mirror Red,6.19,2,13521,United Kingdom,12.38
581405,12/8/2019,23382,Box Of 6 Christmas Cake Decorations,6.19,1,13521,United Kingdom,6.19
581405,12/8/2019,23100,Silver Bells Table Decoration,6.19,2,13521,United Kingdom,12.38
581405,12/8/2019,21819,Glitter Christmas Star,6.19,4,13521,United Kingdom,24.76
581405,12/8/2019,21810,Christmas Hanging Star With Bell,6.19,1,13521,United Kingdom,6.19
581405,12/8/2019,23212,Heart Wreath Decoration With Bell,6.19,1,13521,United Kingdom,6.19
581405,12/8/2019,23215,Jingle Bell Heart Antique Silver,6.19,2,13521,United Kingdom,12.38
581405,12/8/2019,21810,Christmas Hanging Star With Bell,6.19,3,13521,United Kingdom,18.57
581405,12/8/2019,21808,Christmas Garland Stars Trees,6.19,2,13521,United Kingdom,12.38
581405,12/8/2019,21803,Christmas Tree Star Decoration,6.19,4,13521,United Kingdom,24.76
581405,12/8/2019,22955,36 Foil Star Cake Cases,6.19,4,13521,United Kingdom,24.76
581405,12/8/2019,22956,36 Foil Heart Cake Cases,6.19,2,13521,United Kingdom,12.38
581405,12/8/2019,23320,Giant 50'S Christmas Cracker,6.19,2,13521,United Kingdom,12.38
581405,12/8/2019,22094,Red Retrospot Tissue Box,6.19,4,13521,United Kingdom,24.76
581405,12/8/2019,22942,Christmas Lights 10 Santas,6.19,1,13521,United Kingdom,6.19
581407,12/8/2019,23227,Filigree Heart Butterfly White,6.19,4,13263,United Kingdom,24.76
581407,12/8/2019,21877,Home Sweet Home Mug,6.19,1,13263,United Kingdom,6.19
581407,12/8/2019,21873,If You Can't Stand The Heat Mug,6.19,1,13263,United Kingdom,6.19
581407,12/8/2019,21872,Glamorous Mug,6.19,1,13263,United Kingdom,6.19
581407,12/8/2019,21068,Vintage Billboard Love/Hate Mug,6.19,3,13263,United Kingdom,18.57
581407,12/8/2019,22113,Grey Heart Hot Water Bottle,6.19,1,13263,United Kingdom,6.19
581407,12/8/2019,21481,Fawn Blue Hot Water Bottle,6.19,1,13263,United Kingdom,6.19
581407,12/8/2019,23358,Hot Stuff Hot Water Bottle,6.19,4,13263,United Kingdom,24.76
581407,12/8/2019,22805,Blue Drawer Knob Acrylic Edwardian,6.19,1,13263,United Kingdom,6.19
581407,12/8/2019,22577,Wooden Heart Christmas Scandinavian,6.19,1,13263,United Kingdom,6.19
581407,12/8/2019,22581,Wood Stocking Christmas Scandispot,6.19,26,13263,United Kingdom,160.94
581407,12/8/2019,21810,Christmas Hanging Star With Bell,6.19,5,13263,United Kingdom,30.95
581407,12/8/2019,21809,Christmas Hanging Tree With Bell,6.19,5,13263,United Kingdom,30.95
581407,12/8/2019,23223,Christmas Tree Hanging Silver,6.19,2,13263,United Kingdom,12.38
581407,12/8/2019,23222,Christmas Tree Hanging Gold,6.19,2,13263,United Kingdom,12.38
581407,12/8/2019,23266,Set Of 3 Wooden Stocking Decoration,6.19,2,13263,United Kingdom,12.38
581407,12/8/2019,23275,Set Of 3 Hanging Owls Ollie Beak,6.19,2,13263,United Kingdom,12.38
581407,12/8/2019,23264,Set Of 3 Wooden Sleigh Decorations,6.19,2,13263,United Kingdom,12.38
581407,12/8/2019,23265,Set Of 3 Wooden Tree Decorations,6.19,2,13263,United Kingdom,12.38
581407,12/8/2019,23263,Set Of 3 Wooden Heart Decorations,6.19,2,13263,United Kingdom,12.38
581407,12/8/2019,22593,Christmas Gingham Star,6.19,3,13263,United Kingdom,18.57
581407,12/8/2019,22594,Christmas Gingham Tree,6.19,3,13263,United Kingdom,18.57
581407,12/8/2019,22595,Gingham Heart Decoration,6.19,12,13263,United Kingdom,74.28
581407,12/8/2019,21034,Rex Cash+Carry Jumbo Shopper,6.19,1,13263,United Kingdom,6.19
581407,12/8/2019,22942,Christmas Lights 10 Santas,6.19,1,13263,United Kingdom,6.19
581407,12/8/2019,23323,White Wicker Star,6.19,1,13263,United Kingdom,6.19
581407,12/8/2019,22694,Wicker Star,6.19,1,13263,United Kingdom,6.19
581407,12/8/2019,21754,Home Building Block Word,6.19,1,13263,United Kingdom,6.19
581407,12/8/2019,21755,Love Building Block Word,6.19,1,13263,United Kingdom,6.19
581407,12/8/2019,22119,Peace Wooden Block Letters,6.19,2,13263,United Kingdom,12.38
581407,12/8/2019,22118,Joy Wooden Block Letters,6.19,2,13263,United Kingdom,12.38
581407,12/8/2019,22121,Noel Wooden Block Letters,6.19,1,13263,United Kingdom,6.19
581407,12/8/2019,79321,Chilli Lights,6.19,2,13263,United Kingdom,12.38
581407,12/8/2019,23267,Set Of 4 Santa Place Settings,6.19,1,13263,United Kingdom,6.19
581407,12/8/2019,22558,Clothes Pegs Retrospot Pack 24,6.19,2,13263,United Kingdom,12.38
581407,12/8/2019,22112,Chocolate Hot Water Bottle,6.19,2,13263,United Kingdom,12.38
581407,12/8/2019,21485,Retrospot Heart Hot Water Bottle,6.19,1,13263,United Kingdom,6.19
581407,12/8/2019,23356,Love Hot Water Bottle,6.19,1,13263,United Kingdom,6.19
581407,12/8/2019,23355,Hot Water Bottle Keep Calm,6.19,2,13263,United Kingdom,12.38
581407,12/8/2019,22835,Hot Water Bottle I Am So Poorly,6.19,2,13263,United Kingdom,12.38
581407,12/8/2019,22109,Full English Breakfast Plate,6.19,2,13263,United Kingdom,12.38
581407,12/8/2019,23452,Heart Mini Portrait Frame,6.19,1,13263,United Kingdom,6.19
581407,12/8/2019,23451,Square Mini Portrait Frame,6.19,1,13263,United Kingdom,6.19
581407,12/8/2019,23453,Oval Mini Portrait Frame,6.19,1,13263,United Kingdom,6.19
581407,12/8/2019,22766,Photo Frame Cornice,6.19,2,13263,United Kingdom,12.38
581407,12/8/2019,85150,Ladies & Gentlemen Metal Sign,6.19,3,13263,United Kingdom,18.57
581407,12/8/2019,82582,Area Patrolled Metal Sign,6.19,2,13263,United Kingdom,12.38
581407,12/8/2019,23486,Antique Heart Shelf Unit,6.19,1,13263,United Kingdom,6.19
581410,12/8/2019,84949,Silver Hanging T-Light Holder,6.19,72,13098,United Kingdom,445.68
581410,12/8/2019,84692,Box Of 24 Cocktail Parasols,7.24,25,13098,United Kingdom,181
581410,12/8/2019,84347,Rotating Silver Angels T-Light Hldr,7.24,48,13098,United Kingdom,347.52
581410,12/8/2019,48184,Doormat English Rose,7.24,10,13098,United Kingdom,72.4
581410,12/8/2019,23576,Snack Tray Red Vintage Doily,7.24,8,13098,United Kingdom,57.92
581410,12/8/2019,23575,Snack Tray Paisley Park,7.24,8,13098,United Kingdom,57.92
581410,12/8/2019,23546,Wrap Paisley Park,7.24,50,13098,United Kingdom,362
581410,12/8/2019,23545,Wrap Red Vintage Doily,7.24,75,13098,United Kingdom,543
581410,12/8/2019,23346,Spaceboy Beaker,7.24,12,13098,United Kingdom,86.88
581410,12/8/2019,23345,Dolly Girl Beaker,7.24,12,13098,United Kingdom,86.88
581410,12/8/2019,23231,Wrap Vintage Doily,6.19,50,13098,United Kingdom,309.5
581410,12/8/2019,23230,Wrap Alphabet Design,6.19,50,13098,United Kingdom,309.5
581410,12/8/2019,23084,Rabbit Night Light,7.66,168,13098,United Kingdom,1286.88
581410,12/8/2019,22749,Feltcraft Princess Charlotte Doll,7.66,48,13098,United Kingdom,367.68
581410,12/8/2019,22585,Pack Of 6 Birdy Gift Tags,7.66,36,13098,United Kingdom,275.76
581410,12/8/2019,22150,3 Stripey Mice Feltcraft,7.66,40,13098,United Kingdom,306.4
581410,12/8/2019,22086,Paper Chain Kit 50'S Christmas,7.66,80,13098,United Kingdom,612.8
581410,12/8/2019,21498,Red Retrospot Wrap,6.19,75,13098,United Kingdom,464.25
581410,12/8/2019,21210,Set Of 72 Retrospot Paper Doilies,6.19,12,13098,United Kingdom,74.28
581410,12/8/2019,20685,Doormat Red Retrospot,6.19,10,13098,United Kingdom,61.9
581410,12/8/2019,23582,Vintage Doily Jumbo Bag Red,7.24,100,13098,United Kingdom,724
581410,12/8/2019,23344,Jumbo Bag 50'S Christmas,6.19,20,13098,United Kingdom,123.8
581410,12/8/2019,23681,Lunch Bag Red Vintage Doily,7.24,20,13098,United Kingdom,144.8
581410,12/8/2019,23209,Lunch Bag Vintage Doily,7.66,20,13098,United Kingdom,153.2
581410,12/8/2019,20725,Lunch Bag Red Retrospot,6.19,20,13098,United Kingdom,123.8
581411,12/8/2019,22725,Alarm Clock Bakelike Chocolate,6.19,16,17554,United Kingdom,99.04
581411,12/8/2019,22726,Alarm Clock Bakelike Green,6.19,20,17554,United Kingdom,123.8
581411,12/8/2019,22727,Alarm Clock Bakelike Red,6.19,16,17554,United Kingdom,99.04
581411,12/8/2019,22730,Alarm Clock Bakelike Ivory,6.19,4,17554,United Kingdom,24.76
581411,12/8/2019,16016,Large Chinese Style Scissor,6.19,10,17554,United Kingdom,61.9
581411,12/8/2019,23188,Vintage 2 Metre Folding Ruler,6.19,12,17554,United Kingdom,74.28
581412,12/8/2019,22411,Jumbo Shopper Vintage Red Paisley,6.19,3,14415,United Kingdom,18.57
581412,12/8/2019,22111,Scottie Dog Hot Water Bottle,6.19,2,14415,United Kingdom,12.38
581412,12/8/2019,21481,Fawn Blue Hot Water Bottle,6.19,1,14415,United Kingdom,6.19
581412,12/8/2019,21034,Rex Cash+Carry Jumbo Shopper,6.19,1,14415,United Kingdom,6.19
581412,12/8/2019,22553,Plasters In Tin Skulls,6.19,2,14415,United Kingdom,12.38
581412,12/8/2019,22556,Plasters In Tin Circus Parade,6.19,2,14415,United Kingdom,12.38
581412,12/8/2019,22555,Plasters In Tin Strongman,6.19,4,14415,United Kingdom,24.76
581412,12/8/2019,23439,Hand Warmer Red Love Heart,6.19,5,14415,United Kingdom,30.95
581412,12/8/2019,22633,Hand Warmer Union Jack,6.19,4,14415,United Kingdom,24.76
581412,12/8/2019,22865,Hand Warmer Owl Design,6.19,10,14415,United Kingdom,61.9
581412,12/8/2019,22632,Hand Warmer Red Retrospot,6.19,9,14415,United Kingdom,55.71
581412,12/8/2019,22110,Bird House Hot Water Bottle,6.19,2,14415,United Kingdom,12.38
581412,12/8/2019,23355,Hot Water Bottle Keep Calm,6.19,2,14415,United Kingdom,12.38
581412,12/8/2019,21479,White Skull Hot Water Bottle,6.19,1,14415,United Kingdom,6.19
581412,12/8/2019,84032B,Charlie + Lola Red Hot Water Bottle,6.19,3,14415,United Kingdom,18.57
581412,12/8/2019,21481,Fawn Blue Hot Water Bottle,6.19,1,14415,United Kingdom,6.19
581412,12/8/2019,21485,Retrospot Heart Hot Water Bottle,6.19,1,14415,United Kingdom,6.19
581412,12/8/2019,22835,Hot Water Bottle I Am So Poorly,6.19,1,14415,United Kingdom,6.19
581412,12/8/2019,22112,Chocolate Hot Water Bottle,6.19,1,14415,United Kingdom,6.19
581412,12/8/2019,84032B,Charlie + Lola Red Hot Water Bottle,6.19,7,14415,United Kingdom,43.33
581412,12/8/2019,22867,Hand Warmer Bird Design,6.19,6,14415,United Kingdom,37.14
581412,12/8/2019,22866,Hand Warmer Scotty Dog Design,6.19,6,14415,United Kingdom,37.14
581412,12/8/2019,22688,Doormat Peace On Earth Blue,6.19,1,14415,United Kingdom,6.19
581412,12/8/2019,20685,Doormat Red Retrospot,6.19,1,14415,United Kingdom,6.19
581412,12/8/2019,23283,Doormat Vintage Leaf,6.19,2,14415,United Kingdom,12.38
581412,12/8/2019,22303,Coffee Mug Apples Design,6.19,6,14415,United Kingdom,37.14
581412,12/8/2019,22301,Coffee Mug Cat + Bird Design,6.19,6,14415,United Kingdom,37.14
581412,12/8/2019,22302,Coffee Mug Pears Design,6.19,12,14415,United Kingdom,74.28
581412,12/8/2019,23266,Set Of 3 Wooden Stocking Decoration,6.19,12,14415,United Kingdom,74.28
581412,12/8/2019,23265,Set Of 3 Wooden Tree Decorations,6.19,12,14415,United Kingdom,74.28
581412,12/8/2019,22300,Coffee Mug Dog + Ball Design,6.19,6,14415,United Kingdom,37.14
581412,12/8/2019,21314,Small Glass Heart Trinket Pot,6.19,4,14415,United Kingdom,24.76
581412,12/8/2019,22847,Bread Bin Diner Style Ivory,6.19,1,14415,United Kingdom,6.19
581412,12/8/2019,21819,Glitter Christmas Star,6.04,36,14415,United Kingdom,217.44
581412,12/8/2019,20914,Set/5 Red Retrospot Lid Glass Bowls,6.04,1,14415,United Kingdom,6.04
581412,12/8/2019,23210,White Rocking Horse Hand Painted,6.04,24,14415,United Kingdom,144.96
581412,12/8/2019,23661,Milk Maids Mug,6.04,6,14415,United Kingdom,36.24
581412,12/8/2019,23660,Henrietta Hen Mug,6.04,6,14415,United Kingdom,36.24
581412,12/8/2019,35970,Zinc Folkart Sleigh Bells,6.04,12,14415,United Kingdom,72.48
581412,12/8/2019,22576,Swallow Wooden Christmas Decoration,6.04,20,14415,United Kingdom,120.8
581412,12/8/2019,22574,Heart Wooden Christmas Decoration,6.04,30,14415,United Kingdom,181.2
581412,12/8/2019,23380,Pack Of 12 Vintage Doily Tissues,6.04,12,14415,United Kingdom,72.48
581412,12/8/2019,23381,Pack Of 12 Vintage Leaf Tissues,6.04,12,14415,United Kingdom,72.48
581412,12/8/2019,21967,Pack Of 12 Skull Tissues,6.04,12,14415,United Kingdom,72.48
581412,12/8/2019,21982,Pack Of 12 Suki Tissues,6.04,12,14415,United Kingdom,72.48
581412,12/8/2019,22614,Pack Of 12 Spaceboy Tissues,6.04,12,14415,United Kingdom,72.48
581412,12/8/2019,23313,Vintage Christmas Bunting,6.04,4,14415,United Kingdom,24.16
581412,12/8/2019,23497,Classic Chrome Bicycle Bell,6.19,1,14415,United Kingdom,6.19
581412,12/8/2019,22930,Baking Mould Heart Milk Chocolate,6.19,1,14415,United Kingdom,6.19
581412,12/8/2019,23103,Jingle Bell Heart Decoration,6.04,5,14415,United Kingdom,30.2
581412,12/8/2019,23184,Bull Dog Bottle Opener,6.04,4,14415,United Kingdom,24.16
581412,12/8/2019,23212,Heart Wreath Decoration With Bell,6.19,36,14415,United Kingdom,222.84
581412,12/8/2019,21733,Red Hanging Heart T-Light Holder,6.19,1,14415,United Kingdom,6.19
581412,12/8/2019,23498,Classic Bicycle Clips,6.19,1,14415,United Kingdom,6.19
581412,12/8/2019,23552,Bicycle Puncture Repair Kit,6.19,1,14415,United Kingdom,6.19
581412,12/8/2019,22554,Plasters In Tin Woodland Animals,6.19,2,14415,United Kingdom,12.38
581412,12/8/2019,22551,Plasters In Tin Spaceboy,6.19,3,14415,United Kingdom,18.57
581412,12/8/2019,22852,Dog Bowl Vintage Cream,6.19,1,14415,United Kingdom,6.19
581412,12/8/2019,22199,Frying Pan Red Retrospot,6.19,1,14415,United Kingdom,6.19
581412,12/8/2019,22200,Frying Pan Pink Polkadot,6.19,2,14415,United Kingdom,12.38
581412,12/8/2019,22201,Frying Pan Blue Polkadot,6.19,2,14415,United Kingdom,12.38
581412,12/8/2019,22207,Frying Pan Union Flag,6.19,2,14415,United Kingdom,12.38
581412,12/8/2019,22203,Milk Pan Red Retrospot,6.19,3,14415,United Kingdom,18.57
581412,12/8/2019,22556,Plasters In Tin Circus Parade,6.19,1,14415,United Kingdom,6.19
581412,12/8/2019,22199,Frying Pan Red Retrospot,6.19,1,14415,United Kingdom,6.19
581412,12/8/2019,22204,Milk Pan Blue Polkadot,6.19,2,14415,United Kingdom,12.38
581412,12/8/2019,23256,Childrens Cutlery Spaceboy,6.19,3,14415,United Kingdom,18.57
581412,12/8/2019,23255,Childrens Cutlery Circus Parade,6.19,3,14415,United Kingdom,18.57
581412,12/8/2019,23254,Childrens Cutlery Dolly Girl,6.19,3,14415,United Kingdom,18.57
581412,12/8/2019,22597,Musical Zinc Heart Decoration,6.19,27,14415,United Kingdom,167.13
581412,12/8/2019,23416,Chambre Hook,6.19,4,14415,United Kingdom,24.76
581412,12/8/2019,23417,Bathroom Hook,6.19,4,14415,United Kingdom,24.76
581412,12/8/2019,82582,Area Patrolled Metal Sign,6.19,6,14415,United Kingdom,37.14
581412,12/8/2019,22789,T-Light Holder Sweetheart Hanging,6.19,4,14415,United Kingdom,24.76
581412,12/8/2019,23147,Single Antique Rose Hook Ivory,6.19,6,14415,United Kingdom,37.14
581412,12/8/2019,22070,Small Red Retrospot Mug In Box,6.19,2,14415,United Kingdom,12.38
581412,12/8/2019,22071,Small White Retrospot Mug In Box,6.19,3,14415,United Kingdom,18.57
581412,12/8/2019,22979,Pantry Washing Up Brush,6.19,2,14415,United Kingdom,12.38
581412,12/8/2019,21080,Set/20 Red Retrospot Paper Napkins,6.19,3,14415,United Kingdom,18.57
581412,12/8/2019,23479,Wire Egg Basket,6.19,2,14415,United Kingdom,12.38
581412,12/8/2019,23165,Large Ceramic Top Storage Jar,6.19,3,14415,United Kingdom,18.57
581412,12/8/2019,23197,Sketchbook Magnetic Shopping List,6.19,4,14415,United Kingdom,24.76
581412,12/8/2019,23196,Vintage Leaf Magnetic Notepad,6.19,6,14415,United Kingdom,37.14
581412,12/8/2019,22838,3 Tier Cake Tin Red And Cream,6.19,1,14415,United Kingdom,6.19
581412,12/8/2019,23213,Star Wreath Decoration With Bell,6.19,12,14415,United Kingdom,74.28
581412,12/8/2019,22571,Rocking Horse Red Christmas,6.19,31,14415,United Kingdom,191.89
581412,12/8/2019,85061W,White Jewelled Heart Decoration,6.19,24,14415,United Kingdom,148.56
581412,12/8/2019,21843,Red Retrospot Cake Stand,6.19,1,14415,United Kingdom,6.19
581412,12/8/2019,22592,Cardholder Holly Wreath Metal,6.19,5,14415,United Kingdom,30.95
581412,12/8/2019,84836,Zinc Metal Heart Decoration,6.19,12,14415,United Kingdom,74.28
581412,12/8/2019,22189,Cream Heart Card Holder,6.19,2,14415,United Kingdom,12.38
581412,12/8/2019,23107,White Hearts Wire Plant Pot Holder,6.19,4,14415,United Kingdom,24.76
581412,12/8/2019,84792,Enchanted Bird Coathanger 5 Hook,6.19,3,14415,United Kingdom,18.57
581412,12/8/2019,21733,Red Hanging Heart T-Light Holder,6.19,4,14415,United Kingdom,24.76
581412,12/8/2019,84755,Colour Glass T-Light Holder Hanging,6.19,8,14415,United Kingdom,49.52
581412,12/8/2019,85123A,Cream Hanging Heart T-Light Holder,6.19,4,14415,United Kingdom,24.76
581412,12/8/2019,23144,Zinc T-Light Holder Stars Small,6.19,12,14415,United Kingdom,74.28
581412,12/8/2019,23145,Zinc T-Light Holder Star Large,6.19,12,14415,United Kingdom,74.28
581412,12/8/2019,23153,Zinc Sweetheart Wire Letter Rack,6.19,2,14415,United Kingdom,12.38
581412,12/8/2019,21430,Set/3 Red Gingham Rose Storage Box,6.19,1,14415,United Kingdom,6.19
581412,12/8/2019,22928,Yellow Giant Garden Thermometer,6.19,1,14415,United Kingdom,6.19
581412,12/8/2019,23582,Vintage Doily Jumbo Bag Red,6.19,10,14415,United Kingdom,61.9
581412,12/8/2019,23202,Jumbo Bag Vintage Leaf,6.19,5,14415,United Kingdom,30.95
581412,12/8/2019,20713,Jumbo Bag Owls,6.19,5,14415,United Kingdom,30.95
581412,12/8/2019,85099B,Jumbo Bag Red Retrospot,6.19,3,14415,United Kingdom,18.57
581412,12/8/2019,23344,Jumbo Bag 50'S Christmas,6.04,10,14415,United Kingdom,60.4
581412,12/8/2019,23343,Jumbo Bag Vintage Christmas,6.04,10,14415,United Kingdom,60.4
581412,12/8/2019,23681,Lunch Bag Red Vintage Doily,6.19,4,14415,United Kingdom,24.76
581412,12/8/2019,23208,Lunch Bag Vintage Leaf Design,6.19,3,14415,United Kingdom,18.57
581412,12/8/2019,20726,Lunch Bag Woodland,6.19,2,14415,United Kingdom,12.38
581412,12/8/2019,20725,Lunch Bag Red Retrospot,6.19,3,14415,United Kingdom,18.57
581412,12/8/2019,23583,Lunch Bag Paisley Park,6.19,3,14415,United Kingdom,18.57
581412,12/8/2019,20727,Lunch Bag Black Skull,6.19,1,14415,United Kingdom,6.19
581412,12/8/2019,23583,Lunch Bag Paisley Park,6.19,2,14415,United Kingdom,12.38
581412,12/8/2019,20727,Lunch Bag Black Skull,6.19,3,14415,United Kingdom,18.57
581413,12/8/2019,21481,Fawn Blue Hot Water Bottle,6.19,4,16833,United Kingdom,24.76
581413,12/8/2019,21137,Black Record Cover Frame,6.19,24,16833,United Kingdom,148.56
581413,12/8/2019,23526,Wall Art Dog Licence,6.19,4,16833,United Kingdom,24.76
581413,12/8/2019,23535,Wall Art Bicycle Safety,6.19,4,16833,United Kingdom,24.76
581413,12/8/2019,23108,Set Of 10 Led Dolly Lights,6.19,12,16833,United Kingdom,74.28
581413,12/8/2019,23084,Rabbit Night Light,6.19,10,16833,United Kingdom,61.9
581413,12/8/2019,23355,Hot Water Bottle Keep Calm,6.19,4,16833,United Kingdom,24.76
581413,12/8/2019,79321,Chilli Lights,6.19,4,16833,United Kingdom,24.76
581413,12/8/2019,82582,Area Patrolled Metal Sign,6.19,12,16833,United Kingdom,74.28
581413,12/8/2019,22941,Christmas Lights 10 Reindeer,6.19,6,16833,United Kingdom,37.14
581413,12/8/2019,23202,Jumbo Bag Vintage Leaf,6.19,10,16833,United Kingdom,61.9
581413,12/8/2019,23208,Lunch Bag Vintage Leaf Design,6.19,10,16833,United Kingdom,61.9
581413,12/8/2019,22662,Lunch Bag Dolly Girl Design,5.13,10,16833,United Kingdom,51.3
581413,12/8/2019,22382,Lunch Bag Spaceboy Design,6.19,10,16833,United Kingdom,61.9
581413,12/8/2019,20727,Lunch Bag Black Skull,6.19,10,16833,United Kingdom,61.9
581414,12/8/2019,23454,Three Mini Hanging Frames,6.19,1,14730,United Kingdom,6.19
581414,12/8/2019,23452,Heart Mini Portrait Frame,6.19,6,14730,United Kingdom,37.14
581414,12/8/2019,23316,Red Refectory Clock,6.19,1,14730,United Kingdom,6.19
581414,12/8/2019,22822,Cream Wall Planter Heart Shaped,6.04,1,14730,United Kingdom,6.04
581414,12/8/2019,23346,Spaceboy Beaker,6.19,2,14730,United Kingdom,12.38
581414,12/8/2019,21314,Small Glass Heart Trinket Pot,6.19,1,14730,United Kingdom,6.19
581414,12/8/2019,22596,Christmas Star Wish List Chalkboard,6.19,1,14730,United Kingdom,6.19
581414,12/8/2019,23256,Childrens Cutlery Spaceboy,6.19,1,14730,United Kingdom,6.19
581414,12/8/2019,22326,Round Snack Boxes Set Of4 Woodland,6.19,1,14730,United Kingdom,6.19
581414,12/8/2019,21509,Cowboys And Indians Birthday Card,6.19,12,14730,United Kingdom,74.28
581414,12/8/2019,22027,Tea Party Birthday Card,6.19,12,14730,United Kingdom,74.28
581414,12/8/2019,22505,Memo Board Cottage Design,6.19,1,14730,United Kingdom,6.19
581414,12/8/2019,23417,Bathroom Hook,6.19,1,14730,United Kingdom,6.19
581414,12/8/2019,21592,Retrospot Cigar Box Matches,6.19,2,14730,United Kingdom,12.38
581414,12/8/2019,84997B,Childrens Cutlery Retrospot Red,6.19,1,14730,United Kingdom,6.19
581414,12/8/2019,22757,Large Red Babushka Notebook,6.19,2,14730,United Kingdom,12.38
581414,12/8/2019,21137,Black Record Cover Frame,6.19,1,14730,United Kingdom,6.19
581414,12/8/2019,22094,Red Retrospot Tissue Box,6.19,1,14730,United Kingdom,6.19
581414,12/8/2019,23346,Spaceboy Beaker,6.19,1,14730,United Kingdom,6.19
581414,12/8/2019,23371,Set 36 Colour Pencils Spaceboy,6.19,1,14730,United Kingdom,6.19
581414,12/8/2019,22327,Round Snack Boxes Set Of 4 Skulls,6.19,1,14730,United Kingdom,6.19
581414,12/8/2019,20914,Set/5 Red Retrospot Lid Glass Bowls,7.24,1,14730,United Kingdom,7.24
581414,12/8/2019,22326,Round Snack Boxes Set Of4 Woodland,7.24,1,14730,United Kingdom,7.24
581414,12/8/2019,23148,Miniature Antique Rose Hook Ivory,7.24,2,14730,United Kingdom,14.48
581414,12/8/2019,23290,Spaceboy Childrens Bowl,7.24,1,14730,United Kingdom,7.24
581414,12/8/2019,23291,Dolly Girl Childrens Cup,7.24,1,14730,United Kingdom,7.24
581414,12/8/2019,22212,Four Hook White Lovebirds,7.24,2,14730,United Kingdom,14.48
581414,12/8/2019,22094,Red Retrospot Tissue Box,7.24,1,14730,United Kingdom,7.24
581414,12/8/2019,23014,Glass Apothecary Bottle Elixir,7.24,1,14730,United Kingdom,7.24
581414,12/8/2019,22379,Recycling Bag Retrospot,7.24,1,14730,United Kingdom,7.24
581414,12/8/2019,22630,Dolly Girl Lunch Box,6.19,1,14730,United Kingdom,6.19
581414,12/8/2019,22629,Spaceboy Lunch Box,6.19,2,14730,United Kingdom,12.38
581414,12/8/2019,22098,Boudoir Square Tissue Box,6.19,1,14730,United Kingdom,6.19
581414,12/8/2019,22379,Recycling Bag Retrospot,6.19,1,14730,United Kingdom,6.19
581414,12/8/2019,82581,Toilet Metal Sign,6.19,1,14730,United Kingdom,6.19
581414,12/8/2019,22946,Wooden Advent Calendar Cream,6.19,2,14730,United Kingdom,12.38
581414,12/8/2019,23490,T-Light Holder Hanging Love Bird,6.19,1,14730,United Kingdom,6.19
581414,12/8/2019,23571,Traditional Naughts & Crosses,6.19,1,14730,United Kingdom,6.19
581414,12/8/2019,21591,Cosy Hour Cigar Box Matches,6.19,2,14730,United Kingdom,12.38
581414,12/8/2019,21592,Retrospot Cigar Box Matches,6.04,5,14730,United Kingdom,30.2
581414,12/8/2019,22096,Pink Paisley Square Tissue Box,6.19,1,14730,United Kingdom,6.19
581414,12/8/2019,22703,Pink Cat Bowl,6.19,1,14730,United Kingdom,6.19
581414,12/8/2019,23291,Dolly Girl Childrens Cup,6.19,1,14730,United Kingdom,6.19
581414,12/8/2019,23345,Dolly Girl Beaker,6.19,1,14730,United Kingdom,6.19
581414,12/8/2019,22942,Christmas Lights 10 Santas,6.19,2,14730,United Kingdom,12.38
581414,12/8/2019,22988,Soldiers Egg Cup,6.19,1,14730,United Kingdom,6.19
581414,12/8/2019,22596,Christmas Star Wish List Chalkboard,6.19,24,14730,United Kingdom,148.56
581414,12/8/2019,22327,Round Snack Boxes Set Of 4 Skulls,6.19,1,14730,United Kingdom,6.19
581414,12/8/2019,23320,Giant 50'S Christmas Cracker,6.19,1,14730,United Kingdom,6.19
581414,12/8/2019,22721,Set Of 3 Cake Tins Sketchbook,6.19,2,14730,United Kingdom,12.38
581414,12/8/2019,21286,Retrospot Candle Large,6.19,2,14730,United Kingdom,12.38
581414,12/8/2019,22723,Set Of 6 Herb Tins Sketchbook,6.19,1,14730,United Kingdom,6.19
581414,12/8/2019,22327,Round Snack Boxes Set Of 4 Skulls,6.19,1,14730,United Kingdom,6.19
581414,12/8/2019,22722,Set Of 6 Spice Tins Pantry Design,6.19,1,14730,United Kingdom,6.19
581414,12/8/2019,22723,Set Of 6 Herb Tins Sketchbook,6.19,2,14730,United Kingdom,12.38
581414,12/8/2019,21164,Home Sweet Home Metal Sign,6.19,1,14730,United Kingdom,6.19
581414,12/8/2019,23454,Three Mini Hanging Frames,6.19,1,14730,United Kingdom,6.19
581414,12/8/2019,22445,Pencil Case Life Is Beautiful,6.19,2,14730,United Kingdom,12.38
581414,12/8/2019,22319,Hairclips Forties Fabric Assorted,6.19,24,14730,United Kingdom,148.56
581414,12/8/2019,22539,Mini Jigsaw Dolly Girl,6.19,6,14730,United Kingdom,37.14
581414,12/8/2019,22543,Mini Jigsaw Bake A Cake,6.19,2,14730,United Kingdom,12.38
581414,12/8/2019,22539,Mini Jigsaw Dolly Girl,6.19,1,14730,United Kingdom,6.19
581414,12/8/2019,23697,A Pretty Thank You Card,6.19,12,14730,United Kingdom,74.28
581414,12/8/2019,90214R,"Letter ""R"" Bling Key Ring",6.19,1,14730,United Kingdom,6.19
581414,12/8/2019,21408,Spotty Pink Duck Doorstop,6.19,1,14730,United Kingdom,6.19
581414,12/8/2019,22068,Black Pirate Treasure Chest,6.19,1,14730,United Kingdom,6.19
581414,12/8/2019,21411,Gingham Heart Doorstop Red,6.19,4,14730,United Kingdom,24.76
581414,12/8/2019,23415,Home Sweet Home Hook,6.19,3,14730,United Kingdom,18.57
581414,12/8/2019,23416,Chambre Hook,6.19,1,14730,United Kingdom,6.19
581414,12/8/2019,23486,Antique Heart Shelf Unit,6.19,1,14730,United Kingdom,6.19
581414,12/8/2019,21929,Jumbo Bag Pink Vintage Paisley,6.19,2,14730,United Kingdom,12.38
581415,12/8/2019,23552,Bicycle Puncture Repair Kit,6.19,6,13269,United Kingdom,37.14
581415,12/8/2019,21563,Red Heart Shape Love Bucket,6.19,24,13269,United Kingdom,148.56
581415,12/8/2019,21441,Blue Birdhouse Decoration,6.19,24,13269,United Kingdom,148.56
581415,12/8/2019,22509,Sewing Box Retrospot Design,6.19,4,13269,United Kingdom,24.76
581415,12/8/2019,22752,Set 7 Babushka Nesting Boxes,6.19,12,13269,United Kingdom,74.28
581415,12/8/2019,23084,Rabbit Night Light,6.19,72,13269,United Kingdom,445.68
581415,12/8/2019,23497,Classic Chrome Bicycle Bell,6.04,12,13269,United Kingdom,72.48
581415,12/8/2019,23498,Classic Bicycle Clips,6.19,12,13269,United Kingdom,74.28
581415,12/8/2019,22952,60 Cake Cases Vintage Christmas,6.19,24,13269,United Kingdom,148.56
581415,12/8/2019,22961,Jam Making Set Printed,6.19,12,13269,United Kingdom,74.28
581415,12/8/2019,22867,Hand Warmer Bird Design,6.19,12,13269,United Kingdom,74.28
581415,12/8/2019,22993,Set Of 4 Pantry Jelly Moulds,6.19,12,13269,United Kingdom,74.28
581416,12/8/2019,22466,Fairy Tale Cottage Night Light,6.19,1,14569,United Kingdom,6.19
581416,12/8/2019,21731,Red Toadstool Led Night Light,6.19,1,14569,United Kingdom,6.19
581416,12/8/2019,23458,Dolly Cabinet 3 Drawers,6.19,1,14569,United Kingdom,6.19
581416,12/8/2019,22801,Antique Glass Pedestal Bowl,6.19,16,14569,United Kingdom,99.04
581416,12/8/2019,22798,Antique Glass Dressing Table Pot,6.19,48,14569,United Kingdom,297.12
581416,12/8/2019,22808,Set Of 6 T-Lights Easter Chicks,6.19,2,14569,United Kingdom,12.38
581416,12/8/2019,72349B,Set/6 Purple Butterfly T-Lights,6.19,3,14569,United Kingdom,18.57
581416,12/8/2019,22809,Set Of 6 T-Lights Santa,7.24,1,14569,United Kingdom,7.24
581416,12/8/2019,22807,Set Of 6 T-Lights Toadstools,7.24,2,14569,United Kingdom,14.48
581416,12/8/2019,72349B,Set/6 Purple Butterfly T-Lights,7.24,1,14569,United Kingdom,7.24
581416,12/8/2019,22809,Set Of 6 T-Lights Santa,7.24,2,14569,United Kingdom,14.48
581416,12/8/2019,23487,Sweet Heart Cake Carrier,7.24,1,14569,United Kingdom,7.24
581417,12/8/2019,84029G,Knitted Union Flag Hot Water Bottle,7.24,4,13013,United Kingdom,28.96
581417,12/8/2019,47566,Party Bunting,7.24,8,13013,United Kingdom,57.92
581417,12/8/2019,22084,Paper Chain Kit Empire,7.24,6,13013,United Kingdom,43.44
581417,12/8/2019,22835,Hot Water Bottle I Am So Poorly,6.19,8,13013,United Kingdom,49.52
581417,12/8/2019,23313,Vintage Christmas Bunting,7.24,10,13013,United Kingdom,72.4
581417,12/8/2019,22738,Ribbon Reel Snowy Village,7.24,10,13013,United Kingdom,72.4
581417,12/8/2019,22952,60 Cake Cases Vintage Christmas,7.24,24,13013,United Kingdom,173.76
581417,12/8/2019,22910,Paper Chain Kit Vintage Christmas,7.24,40,13013,United Kingdom,289.6
581418,12/8/2019,23313,Vintage Christmas Bunting,6.19,5,17451,United Kingdom,30.95
581418,12/8/2019,22086,Paper Chain Kit 50'S Christmas,6.19,12,17451,United Kingdom,74.28
581418,12/8/2019,22083,Paper Chain Kit Retrospot,6.04,12,17451,United Kingdom,72.48
581418,12/8/2019,22910,Paper Chain Kit Vintage Christmas,6.19,12,17451,United Kingdom,74.28
581418,12/8/2019,23695,Doily Thank You Card,6.19,24,17451,United Kingdom,148.56
581418,12/8/2019,22867,Hand Warmer Bird Design,6.19,12,17451,United Kingdom,74.28
581418,12/8/2019,70007,Hi Tec Alpine Hand Warmer,6.19,30,17451,United Kingdom,185.7
581418,12/8/2019,22112,Chocolate Hot Water Bottle,6.19,3,17451,United Kingdom,18.57
581418,12/8/2019,22865,Hand Warmer Owl Design,6.19,12,17451,United Kingdom,74.28
581418,12/8/2019,23153,Zinc Sweetheart Wire Letter Rack,6.19,4,17451,United Kingdom,24.76
581418,12/8/2019,21383,Pack Of 12 Sticky Bunnies,6.19,12,17451,United Kingdom,74.28
581418,12/8/2019,23240,Set Of 4 Knick Knack Tins Doily,6.19,6,17451,United Kingdom,37.14
581418,12/8/2019,23681,Lunch Bag Red Vintage Doily,6.19,10,17451,United Kingdom,61.9
581419,12/8/2019,23318,Box Of 6 Mini Vintage Crackers,6.19,48,15484,United Kingdom,297.12
581419,12/8/2019,84077,World War 2 Gliders Asstd Designs,6.19,288,15484,United Kingdom,1782.72
581419,12/8/2019,22531,Magic Drawing Slate Circus Parade,6.19,48,15484,United Kingdom,297.12
581419,12/8/2019,22532,Magic Drawing Slate Leap Frog,6.19,24,15484,United Kingdom,148.56
581419,12/8/2019,22529,Magic Drawing Slate Go To The Fair,6.19,24,15484,United Kingdom,148.56
581419,12/8/2019,79321,Chilli Lights,6.19,12,15484,United Kingdom,74.28
581419,12/8/2019,21917,Set 12 Kids White Chalk Sticks,6.19,24,15484,United Kingdom,148.56
581419,12/8/2019,84536A,English Rose Notebook A7 Size,6.19,16,15484,United Kingdom,99.04
581419,12/8/2019,22952,60 Cake Cases Vintage Christmas,6.19,24,15484,United Kingdom,148.56
581419,12/8/2019,22636,Childs Breakfast Set Circus Parade,6.19,2,15484,United Kingdom,12.38
581419,12/8/2019,22899,Children's Apron Dolly Girl,6.19,6,15484,United Kingdom,37.14
581419,12/8/2019,23158,Set Of 5 Lucky Cat Magnets,6.19,12,15484,United Kingdom,74.28
581419,12/8/2019,23579,Snack Tray I Love London,6.19,8,15484,United Kingdom,49.52
581419,12/8/2019,23505,Playing Cards I Love London,6.19,12,15484,United Kingdom,74.28
581419,12/8/2019,22970,London Bus Coffee Mug,6.19,18,15484,United Kingdom,111.42
581419,12/8/2019,22441,Grow Your Own Basil In Enamel Mug,6.19,8,15484,United Kingdom,49.52
581419,12/8/2019,22453,Measuring Tape Babushka Blue,6.19,12,15484,United Kingdom,74.28
581419,12/8/2019,22434,Balloon Pump With 10 Balloons,6.19,8,15484,United Kingdom,49.52
581419,12/8/2019,22966,Gingerbread Man Cookie Cutter,6.19,12,15484,United Kingdom,74.28
581419,12/8/2019,23292,Spaceboy Childrens Cup,6.19,8,15484,United Kingdom,49.52
581419,12/8/2019,21495,Skulls And Crossbones Wrap,6.04,25,15484,United Kingdom,151
581419,12/8/2019,21497,Fancy Fonts Birthday Wrap,6.04,25,15484,United Kingdom,151
581419,12/8/2019,21498,Red Retrospot Wrap,6.04,25,15484,United Kingdom,151
581419,12/8/2019,23313,Vintage Christmas Bunting,6.19,15,15484,United Kingdom,92.85
581419,12/8/2019,23351,Roll Wrap 50'S Christmas,6.19,12,15484,United Kingdom,74.28
581419,12/8/2019,23349,Roll Wrap Vintage Christmas,6.19,12,15484,United Kingdom,74.28
581419,12/8/2019,23352,Roll Wrap 50'S Red Christmas,6.19,12,15484,United Kingdom,74.28
581420,12/8/2019,23004,Travel Card Wallet Pantry,6.19,24,16358,United Kingdom,148.56
581420,12/8/2019,22999,Travel Card Wallet Vintage Leaf,6.19,24,16358,United Kingdom,148.56
581420,12/8/2019,23205,Charlotte Bag Vintage Alphabet,6.19,10,16358,United Kingdom,61.9
581420,12/8/2019,23204,Charlotte Bag Apples Design,6.19,10,16358,United Kingdom,61.9
581420,12/8/2019,20719,Woodland Charlotte Bag,6.19,10,16358,United Kingdom,61.9
581420,12/8/2019,22326,Round Snack Boxes Set Of4 Woodland,6.19,6,16358,United Kingdom,37.14
581420,12/8/2019,23191,Bundle Of 3 Retro Note Books,6.19,12,16358,United Kingdom,74.28
581420,12/8/2019,23507,Mini Playing Cards Buffalo Bill,7.24,20,16358,United Kingdom,144.8
581420,12/8/2019,23506,Mini Playing Cards Spaceboy,7.24,20,16358,United Kingdom,144.8
581420,12/8/2019,23370,Set 36 Colouring Pencils Doily,7.24,16,16358,United Kingdom,115.84
581420,12/8/2019,23367,Set 12 Colour Pencils Spaceboy,7.24,24,16358,United Kingdom,173.76
581420,12/8/2019,20973,12 Pencil Small Tube Woodland,7.24,24,16358,United Kingdom,173.76
581420,12/8/2019,23493,Vintage Doily Travel Sewing Kit,7.24,10,16358,United Kingdom,72.4
581420,12/8/2019,21791,Vintage Heads And Tails Card Game,7.24,12,16358,United Kingdom,86.88
581420,12/8/2019,21790,Vintage Snap Cards,7.24,12,16358,United Kingdom,86.88
581420,12/8/2019,22747,Poppy's Playhouse Bathroom,7.24,6,16358,United Kingdom,43.44
581420,12/8/2019,22746,Poppy's Playhouse Livingroom,7.24,6,16358,United Kingdom,43.44
581420,12/8/2019,22748,Poppy's Playhouse Kitchen,7.24,6,16358,United Kingdom,43.44
581420,12/8/2019,22745,Poppy's Playhouse Bedroom,7.24,6,16358,United Kingdom,43.44
581420,12/8/2019,22621,Traditional Knitting Nancy,7.24,12,16358,United Kingdom,86.88
581420,12/8/2019,84945,Multi Colour Silver T-Light Holder,7.24,12,16358,United Kingdom,86.88
581420,12/8/2019,22738,Ribbon Reel Snowy Village,7.24,10,16358,United Kingdom,72.4
581420,12/8/2019,23353,6 Gift Tags Vintage Christmas,7.24,12,16358,United Kingdom,86.88
581420,12/8/2019,22818,Card Christmas Village,7.24,12,16358,United Kingdom,86.88
581420,12/8/2019,21507,Elephant Birthday Card,7.24,12,16358,United Kingdom,86.88
581420,12/8/2019,22027,Tea Party Birthday Card,7.24,12,16358,United Kingdom,86.88
581420,12/8/2019,22037,Robot Birthday Card,7.24,12,16358,United Kingdom,86.88
581420,12/8/2019,22028,Penny Farthing Birthday Card,7.24,12,16358,United Kingdom,86.88
581420,12/8/2019,22716,Card Circus Parade,7.24,12,16358,United Kingdom,86.88
581420,12/8/2019,84032B,Charlie + Lola Red Hot Water Bottle,7.24,6,16358,United Kingdom,43.44
581420,12/8/2019,23207,Lunch Bag Alphabet Design,6.19,10,16358,United Kingdom,61.9
581420,12/8/2019,20726,Lunch Bag Woodland,6.19,10,16358,United Kingdom,61.9
581420,12/8/2019,23209,Lunch Bag Vintage Doily,6.19,10,16358,United Kingdom,61.9
581420,12/8/2019,23208,Lunch Bag Vintage Leaf Design,6.19,10,16358,United Kingdom,61.9
581420,12/8/2019,22382,Lunch Bag Spaceboy Design,6.19,10,16358,United Kingdom,61.9
581421,12/8/2019,21497,Fancy Fonts Birthday Wrap,7.24,25,15898,United Kingdom,181
581421,12/8/2019,48185,Doormat Fairy Cake,7.24,3,15898,United Kingdom,21.72
581421,12/8/2019,48194,Doormat Hearts,7.24,2,15898,United Kingdom,14.48
581421,12/8/2019,21523,Doormat Fancy Font Home Sweet Home,6.19,2,15898,United Kingdom,12.38
581421,12/8/2019,48185,Doormat Fairy Cake,7.24,2,15898,United Kingdom,14.48
581421,12/8/2019,21524,Doormat Spotty Home Sweet Home,6.19,1,15898,United Kingdom,6.19
581421,12/8/2019,22900,Set 2 Tea Towels I Love London,6.19,53,15898,United Kingdom,328.07
581421,12/8/2019,85099B,Jumbo Bag Red Retrospot,6.19,9,15898,United Kingdom,55.71
581421,12/8/2019,23202,Jumbo Bag Vintage Leaf,6.19,19,15898,United Kingdom,117.61
581421,12/8/2019,23201,Jumbo Bag Alphabet,6.19,10,15898,United Kingdom,61.9
581421,12/8/2019,85099C,Jumbo Bag Baroque Black White,6.19,10,15898,United Kingdom,61.9
581421,12/8/2019,85099F,Jumbo Bag Strawberry,6.19,10,15898,United Kingdom,61.9
581423,12/8/2019,22367,Childrens Apron Spaceboy Design,6.19,8,16688,United Kingdom,49.52
581423,12/8/2019,22899,Children's Apron Dolly Girl,6.19,6,16688,United Kingdom,37.14
581423,12/8/2019,22853,Cat Bowl Vintage Cream,6.19,12,16688,United Kingdom,74.28
581423,12/8/2019,22852,Dog Bowl Vintage Cream,6.19,12,16688,United Kingdom,74.28
581423,12/8/2019,21154,Red Retrospot Oven Glove,6.19,10,16688,United Kingdom,61.9
581423,12/8/2019,22727,Alarm Clock Bakelike Red,6.19,4,16688,United Kingdom,24.76
581424,12/8/2019,84978,Hanging Heart Jar T-Light Holder,6.19,12,13890,United Kingdom,74.28
581424,12/8/2019,23394,Poste France Cushion Cover,6.19,4,13890,United Kingdom,24.76
581424,12/8/2019,22189,Cream Heart Card Holder,6.19,4,13890,United Kingdom,24.76
581424,12/8/2019,22720,Set Of 3 Cake Tins Pantry Design,6.19,6,13890,United Kingdom,37.14
581424,12/8/2019,46000S,Polyester Filler Pad 40x40cm,6.19,4,13890,United Kingdom,24.76
581424,12/8/2019,22457,Natural Slate Heart Chalkboard,6.19,6,13890,United Kingdom,37.14
581424,12/8/2019,21485,Retrospot Heart Hot Water Bottle,6.19,3,13890,United Kingdom,18.57
581424,12/8/2019,21098,Christmas Toilet Roll,6.19,12,13890,United Kingdom,74.28
581424,12/8/2019,23439,Hand Warmer Red Love Heart,6.19,12,13890,United Kingdom,74.28
581425,12/8/2019,21908,Chocolate This Way Metal Sign,6.19,4,14796,United Kingdom,24.76
581425,12/8/2019,21181,Please One Person Metal Sign,6.19,7,14796,United Kingdom,43.33
581425,12/8/2019,82582,Area Patrolled Metal Sign,6.19,6,14796,United Kingdom,37.14
581425,12/8/2019,82600,N0 Singing Metal Sign,6.19,6,14796,United Kingdom,37.14
581425,12/8/2019,22115,Metal Sign Empire Tea,6.02,5,14796,United Kingdom,30.1
581425,12/8/2019,22116,Metal Sign His Dinner Is Served,6.19,2,14796,United Kingdom,12.38
581425,12/8/2019,85152,Hand Over The Chocolate Sign,6.19,12,14796,United Kingdom,74.28
581425,12/8/2019,85152,Hand Over The Chocolate Sign,6.19,12,14796,United Kingdom,74.28
581425,12/8/2019,21166,Cook With Wine Metal Sign,6.19,12,14796,United Kingdom,74.28
581425,12/8/2019,22423,Regency Cakestand 3 Tier,6.19,1,14796,United Kingdom,6.19
581425,12/8/2019,22059,Ceramic Strawberry Design Mug,6.19,6,14796,United Kingdom,37.14
581425,12/8/2019,37448,Ceramic Cake Design Spotted Mug,6.19,6,14796,United Kingdom,37.14
581425,12/8/2019,22890,Novelty Biscuits Cake Stand 3 Tier,6.19,1,14796,United Kingdom,6.19
581425,12/8/2019,21232,Strawberry Ceramic Trinket Pot,6.19,12,14796,United Kingdom,74.28
581425,12/8/2019,21874,Gin And Tonic Mug,6.19,4,14796,United Kingdom,24.76
581425,12/8/2019,22064,Pink Doughnut Trinket Pot,6.19,4,14796,United Kingdom,24.76
581425,12/8/2019,37450,Ceramic Cake Bowl + Hanging Cakes,6.19,2,14796,United Kingdom,12.38
581425,12/8/2019,22067,Choc Truffle Gold Trinket Pot,6.19,2,14796,United Kingdom,12.38
581425,12/8/2019,21231,Sweetheart Ceramic Trinket Box,6.19,4,14796,United Kingdom,24.76
581425,12/8/2019,21232,Strawberry Ceramic Trinket Pot,6.19,4,14796,United Kingdom,24.76
581425,12/8/2019,21231,Sweetheart Ceramic Trinket Box,6.19,4,14796,United Kingdom,24.76
581425,12/8/2019,84596G,Small Chocolates Pink Bowl,6.19,8,14796,United Kingdom,49.52
581425,12/8/2019,84596F,Small Marshmallows Pink Bowl,6.19,8,14796,United Kingdom,49.52
581425,12/8/2019,84596B,Small Dolly Mix Design Orange Bowl,6.19,8,14796,United Kingdom,49.52
581425,12/8/2019,23155,Knickerbockerglory Magnet Assorted,6.19,6,14796,United Kingdom,37.14
581425,12/8/2019,23156,Set Of 5 Mini Grocery Magnets,6.19,1,14796,United Kingdom,6.19
581425,12/8/2019,23158,Set Of 5 Lucky Cat Magnets,6.19,1,14796,United Kingdom,6.19
581425,12/8/2019,22923,Fridge Magnets Les Enfants Assorted,6.19,12,14796,United Kingdom,74.28
581425,12/8/2019,20677,Pink Polkadot Bowl,6.19,6,14796,United Kingdom,37.14
581425,12/8/2019,20676,Red Retrospot Bowl,6.19,6,14796,United Kingdom,37.14
581425,12/8/2019,23309,Set Of 60 I Love London Cake Cases,6.19,24,14796,United Kingdom,148.56
581425,12/8/2019,23243,Set Of Tea Coffee Sugar Tins Pantry,6.19,1,14796,United Kingdom,6.19
581425,12/8/2019,20675,Blue Polkadot Bowl,6.19,6,14796,United Kingdom,37.14
581425,12/8/2019,20674,Green Polkadot Bowl,6.19,6,14796,United Kingdom,37.14
581425,12/8/2019,23178,Jam Clock Magnet,6.19,1,14796,United Kingdom,6.19
581425,12/8/2019,23178,Jam Clock Magnet,6.19,1,14796,United Kingdom,6.19
581425,12/8/2019,23179,Clock Magnet Mum's Kitchen,6.19,1,14796,United Kingdom,6.19
581425,12/8/2019,22966,Gingerbread Man Cookie Cutter,6.19,12,14796,United Kingdom,74.28
581425,12/8/2019,22659,Lunch Box I Love London,6.19,1,14796,United Kingdom,6.19
581425,12/8/2019,21417,Cockle Shell Dish,6.19,1,14796,United Kingdom,6.19
581425,12/8/2019,21415,Clam Shell Small,6.19,1,14796,United Kingdom,6.19
581425,12/8/2019,84992,72 Sweetheart Fairy Cake Cases,6.19,2,14796,United Kingdom,12.38
581425,12/8/2019,23307,Set Of 60 Pantry Design Cake Cases,6.19,4,14796,United Kingdom,24.76
581425,12/8/2019,22951,60 Cake Cases Dolly Girl Design,6.19,2,14796,United Kingdom,12.38
581425,12/8/2019,23308,Set Of 60 Vintage Leaf Cake Cases,6.19,1,14796,United Kingdom,6.19
581425,12/8/2019,21977,Pack Of 60 Pink Paisley Cake Cases,6.19,3,14796,United Kingdom,18.57
581425,12/8/2019,22952,60 Cake Cases Vintage Christmas,6.19,10,14796,United Kingdom,61.9
581425,12/8/2019,21212,Pack Of 72 Retrospot Cake Cases,6.19,2,14796,United Kingdom,12.38
581425,12/8/2019,84991,60 Teatime Fairy Cake Cases,6.19,8,14796,United Kingdom,49.52
581425,12/8/2019,23236,Storage Tin Vintage Doily,6.19,1,14796,United Kingdom,6.19
581425,12/8/2019,23235,Storage Tin Vintage Leaf,6.19,1,14796,United Kingdom,6.19
581425,12/8/2019,23579,Snack Tray I Love London,6.19,2,14796,United Kingdom,12.38
581425,12/8/2019,47559B,Tea Time Oven Glove,6.19,8,14796,United Kingdom,49.52
581425,12/8/2019,23238,Set Of 4 Knick Knack Tins London,6.19,1,14796,United Kingdom,6.19
581425,12/8/2019,23240,Set Of 4 Knick Knack Tins Doily,6.19,1,14796,United Kingdom,6.19
581425,12/8/2019,22500,Set Of 2 Tins Jardin De Provence,6.19,4,14796,United Kingdom,24.76
581425,12/8/2019,22509,Sewing Box Retrospot Design,6.19,1,14796,United Kingdom,6.19
581425,12/8/2019,22438,Balloon Art Make Your Own Flowers,6.19,2,14796,United Kingdom,12.38
581425,12/8/2019,35648,Vintage Bead Pink Purse,6.19,1,14796,United Kingdom,6.19
581425,12/8/2019,23510,Mini Playing Cards Gymkhana,6.04,1,14796,United Kingdom,6.04
581425,12/8/2019,90089,Pink Crystal Skull Phone Charm,6.19,1,14796,United Kingdom,6.19
581425,12/8/2019,90214K,"Letter ""K"" Bling Key Ring",6.19,1,14796,United Kingdom,6.19
581425,12/8/2019,90214N,"Letter ""N"" Bling Key Ring",6.19,1,14796,United Kingdom,6.19
581425,12/8/2019,21065,Boom Box Speaker Girls,6.19,1,14796,United Kingdom,6.19
581425,12/8/2019,22406,Money Box Kings Choice Design,6.19,1,14796,United Kingdom,6.19
581425,12/8/2019,17091J,Vanilla Incense In Tin,6.19,2,14796,United Kingdom,12.38
581425,12/8/2019,22442,Grow Your Own Flowers Set Of 3,6.19,2,14796,United Kingdom,12.38
581425,12/8/2019,22068,Black Pirate Treasure Chest,6.19,10,14796,United Kingdom,61.9
581425,12/8/2019,23319,Box Of 6 Mini 50'S Crackers,6.19,1,14796,United Kingdom,6.19
581425,12/8/2019,22596,Christmas Star Wish List Chalkboard,6.19,1,14796,United Kingdom,6.19
581425,12/8/2019,22422,Toothpaste Tube Pen,6.19,1,14796,United Kingdom,6.19
581425,12/8/2019,20996,Jazz Hearts Address Book,6.19,2,14796,United Kingdom,12.38
581425,12/8/2019,20868,Silver Fabric Mirror,6.19,1,14796,United Kingdom,6.19
581425,12/8/2019,22217,T-Light Holder Hanging Lace,6.19,1,14796,United Kingdom,6.19
581425,12/8/2019,85199S,Small Hanging Ivory/Red Wood Bird,6.19,1,14796,United Kingdom,6.19
581425,12/8/2019,22811,Set Of 6 T-Lights Cacti,6.19,1,14796,United Kingdom,6.19
581425,12/8/2019,22629,Spaceboy Lunch Box,6.19,2,14796,United Kingdom,12.38
581425,12/8/2019,22630,Dolly Girl Lunch Box,6.19,2,14796,United Kingdom,12.38
581425,12/8/2019,22659,Lunch Box I Love London,6.19,2,14796,United Kingdom,12.38
581425,12/8/2019,21034,Rex Cash+Carry Jumbo Shopper,6.19,1,14796,United Kingdom,6.19
581425,12/8/2019,22165,Diamante Heart Shaped Wall Mirror,6.19,1,14796,United Kingdom,6.19
581425,12/8/2019,21132,Silver Standing Gnome,6.19,1,14796,United Kingdom,6.19
581425,12/8/2019,22118,Joy Wooden Block Letters,6.19,2,14796,United Kingdom,12.38
581425,12/8/2019,84707A,Silver Jewelled Mirror Trinket Tray,6.19,4,14796,United Kingdom,24.76
581425,12/8/2019,84707B,Pink Jewelled Mirror Trinket Tray,6.19,2,14796,United Kingdom,12.38
581425,12/8/2019,22645,Ceramic Heart Fairy Cake Money Bank,6.19,12,14796,United Kingdom,74.28
581425,12/8/2019,22644,Ceramic Cherry Cake Money Bank,6.19,8,14796,United Kingdom,49.52
581425,12/8/2019,22646,Ceramic Strawberry Cake Money Bank,6.19,20,14796,United Kingdom,123.8
581426,12/8/2019,21218,Red Spotty Biscuit Tin,6.19,1,17757,United Kingdom,6.19
581426,12/8/2019,22086,Paper Chain Kit 50'S Christmas,6.19,10,17757,United Kingdom,61.9
581426,12/8/2019,21217,Red Retrospot Round Cake Tins,6.19,3,17757,United Kingdom,18.57
581426,12/8/2019,21210,Set Of 72 Retrospot Paper Doilies,6.19,1,17757,United Kingdom,6.19
581426,12/8/2019,47566,Party Bunting,6.19,1,17757,United Kingdom,6.19
581426,12/8/2019,23229,Vintage Donkey Tail Game,6.19,1,17757,United Kingdom,6.19
581426,12/8/2019,84006,Magic Tree -Paper Flowers,6.19,12,17757,United Kingdom,74.28
581426,12/8/2019,84012,Magic Sheep Wool Growing From Paper,6.19,2,17757,United Kingdom,12.38
581426,12/8/2019,21154,Red Retrospot Oven Glove,7.24,2,17757,United Kingdom,14.48
581426,12/8/2019,70007,Hi Tec Alpine Hand Warmer,7.24,6,17757,United Kingdom,43.44
581426,12/8/2019,70006,Love Heart Pocket Warmer,7.24,4,17757,United Kingdom,28.96
581426,12/8/2019,22666,Recipe Box Pantry Yellow Design,7.24,3,17757,United Kingdom,21.72
581426,12/8/2019,22114,Hot Water Bottle Tea And Sympathy,7.24,5,17757,United Kingdom,36.2
581426,12/8/2019,23316,Red Refectory Clock,6.19,1,17757,United Kingdom,6.19
581426,12/8/2019,22844,Vintage Cream Dog Food Container,6.19,1,17757,United Kingdom,6.19
581426,12/8/2019,22197,Popcorn Holder,6.19,30,17757,United Kingdom,185.7
581426,12/8/2019,22686,French Blue Metal Door Sign No,6.19,2,17757,United Kingdom,12.38
581426,12/8/2019,22909,Set Of 20 Vintage Christmas Napkins,6.19,7,17757,United Kingdom,43.33
581426,12/8/2019,22667,Recipe Box Retrospot,6.19,4,17757,United Kingdom,24.76
581426,12/8/2019,20914,Set/5 Red Retrospot Lid Glass Bowls,6.19,3,17757,United Kingdom,18.57
581426,12/8/2019,22138,Baking Set 9 Piece Retrospot,7.24,2,17757,United Kingdom,14.48
581426,12/8/2019,22625,Red Kitchen Scales,7.24,2,17757,United Kingdom,14.48
581426,12/8/2019,23206,Lunch Bag Apple Design,6.19,1,17757,United Kingdom,6.19
581427,12/8/2019,21485,Retrospot Heart Hot Water Bottle,7.24,3,13890,United Kingdom,21.72
581427,12/8/2019,22113,Grey Heart Hot Water Bottle,7.24,4,13890,United Kingdom,28.96
581427,12/8/2019,22111,Scottie Dog Hot Water Bottle,7.24,3,13890,United Kingdom,21.72
581427,12/8/2019,22114,Hot Water Bottle Tea And Sympathy,7.24,4,13890,United Kingdom,28.96
581427,12/8/2019,22112,Chocolate Hot Water Bottle,7.24,3,13890,United Kingdom,21.72
581427,12/8/2019,23356,Love Hot Water Bottle,7.24,3,13890,United Kingdom,21.72
581427,12/8/2019,22442,Grow Your Own Flowers Set Of 3,7.24,12,13890,United Kingdom,86.88
581427,12/8/2019,21181,Please One Person Metal Sign,7.24,12,13890,United Kingdom,86.88
581427,12/8/2019,20972,Pink Cream Felt Craft Trinket Box,7.24,12,13890,United Kingdom,86.88
581427,12/8/2019,22273,Feltcraft Doll Molly,7.24,6,13890,United Kingdom,43.44
581427,12/8/2019,22750,Feltcraft Princess Lola Doll,7.24,4,13890,United Kingdom,28.96
581427,12/8/2019,22749,Feltcraft Princess Charlotte Doll,7.24,4,13890,United Kingdom,28.96
581428,12/8/2019,23234,Biscuit Tin Vintage Christmas,7.24,6,13404,United Kingdom,43.44
581428,12/8/2019,23247,Biscuit Tin 50'S Christmas,7.24,6,13404,United Kingdom,43.44
581429,12/8/2019,23213,Star Wreath Decoration With Bell,7.24,12,16322,United Kingdom,86.88
581429,12/8/2019,23212,Heart Wreath Decoration With Bell,7.24,12,16322,United Kingdom,86.88
581429,12/8/2019,23265,Set Of 3 Wooden Tree Decorations,7.24,12,16322,United Kingdom,86.88
581429,12/8/2019,22603,Christmas Retrospot Tree Wood,7.24,12,16322,United Kingdom,86.88
581429,12/8/2019,22600,Christmas Retrospot Star Wood,7.24,12,16322,United Kingdom,86.88
581429,12/8/2019,22338,Star Decoration Painted Zinc,7.24,24,16322,United Kingdom,173.76
581429,12/8/2019,23222,Christmas Tree Hanging Gold,7.24,12,16322,United Kingdom,86.88
581429,12/8/2019,23275,Set Of 3 Hanging Owls Ollie Beak,7.24,12,16322,United Kingdom,86.88
581429,12/8/2019,21755,Love Building Block Word,7.24,3,16322,United Kingdom,21.72
581430,12/8/2019,22960,Jam Making Set With Jars,7.24,12,13471,United Kingdom,86.88
581430,12/8/2019,22961,Jam Making Set Printed,7.24,12,13471,United Kingdom,86.88
581430,12/8/2019,22055,Mini Cake Stand Hanging Strawbery,7.24,16,13471,United Kingdom,115.84
581430,12/8/2019,22061,Large Cake Stand Hanging Strawbery,7.24,8,13471,United Kingdom,57.92
581431,12/8/2019,23267,Set Of 4 Santa Place Settings,6.19,2,15431,United Kingdom,12.38
581431,12/8/2019,23269,Set Of 2 Ceramic Christmas Trees,6.19,2,15431,United Kingdom,12.38
581431,12/8/2019,23275,Set Of 3 Hanging Owls Ollie Beak,6.19,2,15431,United Kingdom,12.38
581431,12/8/2019,23264,Set Of 3 Wooden Sleigh Decorations,6.19,2,15431,United Kingdom,12.38
581431,12/8/2019,23263,Set Of 3 Wooden Heart Decorations,6.19,2,15431,United Kingdom,12.38
581431,12/8/2019,23266,Set Of 3 Wooden Stocking Decoration,6.19,2,15431,United Kingdom,12.38
581431,12/8/2019,23265,Set Of 3 Wooden Tree Decorations,6.19,2,15431,United Kingdom,12.38
581432,12/8/2019,21903,Man Flu Metal Sign,7.24,48,13798,United Kingdom,347.52
581432,12/8/2019,22064,Pink Doughnut Trinket Pot,7.24,48,13798,United Kingdom,347.52
581432,12/8/2019,20971,Pink Blue Felt Craft Trinket Box,7.24,144,13798,United Kingdom,1042.56
581432,12/8/2019,85123A,Cream Hanging Heart T-Light Holder,7.24,32,13798,United Kingdom,231.68
581433,12/8/2019,22942,Christmas Lights 10 Santas,7.24,12,14911,EIRE,86.88
581433,12/8/2019,22784,Lantern Cream Gazebo,7.24,3,14911,EIRE,21.72
581433,12/8/2019,22465,Hanging Metal Star Lantern,7.24,12,14911,EIRE,86.88
581433,12/8/2019,22464,Hanging Metal Heart Lantern,6.19,12,14911,EIRE,74.28
581433,12/8/2019,85014B,Red Retrospot Umbrella,6.19,3,14911,EIRE,18.57
581433,12/8/2019,20679,Edwardian Parasol Red,7.24,3,14911,EIRE,21.72
581433,12/8/2019,21155,Red Retrospot Peg Bag,7.24,6,14911,EIRE,43.44
581433,12/8/2019,22960,Jam Making Set With Jars,7.24,6,14911,EIRE,43.44
581433,12/8/2019,21286,Retrospot Candle Large,7.24,12,14911,EIRE,86.88
581433,12/8/2019,21285,Retrospot Candle Medium,7.24,12,14911,EIRE,86.88
581433,12/8/2019,21442,Green Birdhouse Decoration,7.24,24,14911,EIRE,173.76
581433,12/8/2019,21462,Nursery A B C Painted Letters,7.24,8,14911,EIRE,57.92
581433,12/8/2019,22059,Ceramic Strawberry Design Mug,7.24,24,14911,EIRE,173.76
581433,12/8/2019,22057,Ceramic Plate Strawberry Design,7.24,16,14911,EIRE,115.84
581433,12/8/2019,22072,Red Retrospot Tea Cup And Saucer,7.24,12,14911,EIRE,86.88
581433,12/8/2019,22391,Paperweight Home Sweet Home,7.24,24,14911,EIRE,173.76
581433,12/8/2019,22390,Paperweight Childhood Memories,7.24,12,14911,EIRE,86.88
581433,12/8/2019,22393,Paperweight Vintage Collage,7.24,24,14911,EIRE,173.76
581433,12/8/2019,22410,Money Box Housekeeping Design,7.24,12,14911,EIRE,86.88
581433,12/8/2019,22405,Money Box Pocket Money Design,7.24,12,14911,EIRE,86.88
581433,12/8/2019,22395,Paperweight Vintage Paisley,7.24,12,14911,EIRE,86.88
581433,12/8/2019,22442,Grow Your Own Flowers Set Of 3,7.24,12,14911,EIRE,86.88
581433,12/8/2019,22472,Tv Dinner Tray Dolly Girl,7.24,8,14911,EIRE,57.92
581433,12/8/2019,22473,Tv Dinner Tray Vintage Paisley,6.19,8,14911,EIRE,49.52
581433,12/8/2019,22509,Sewing Box Retrospot Design,6.19,4,14911,EIRE,24.76
581433,12/8/2019,22647,Ceramic Love Heart Money Bank,6.19,36,14911,EIRE,222.84
581433,12/8/2019,22723,Set Of 6 Herb Tins Sketchbook,6.19,12,14911,EIRE,74.28
581433,12/8/2019,22721,Set Of 3 Cake Tins Sketchbook,6.04,12,14911,EIRE,72.48
581433,12/8/2019,22743,Make Your Own Flowerpower Card Kit,6.19,12,14911,EIRE,74.28
581433,12/8/2019,22744,Make Your Own Monsoon Card Kit,6.19,12,14911,EIRE,74.28
581433,12/8/2019,22742,Make Your Own Playtime Card Kit,6.19,12,14911,EIRE,74.28
581433,12/8/2019,22758,Large Purple Babushka Notebook,6.19,24,14911,EIRE,148.56
581433,12/8/2019,22755,Small Purple Babushka Notebook,6.19,24,14911,EIRE,148.56
581433,12/8/2019,23320,Giant 50'S Christmas Cracker,6.19,12,14911,EIRE,74.28
581433,12/8/2019,23358,Hot Stuff Hot Water Bottle,6.19,18,14911,EIRE,111.42
581433,12/8/2019,23522,Wall Art Dog And Ball,6.19,12,14911,EIRE,74.28
581433,12/8/2019,23415,Home Sweet Home Hook,6.19,12,14911,EIRE,74.28
581433,12/8/2019,72799E,Ivory Pillar Candle Silver Flock,6.19,12,14911,EIRE,74.28
581433,12/8/2019,72819,Cupid Design Scented Candles,6.19,12,14911,EIRE,74.28
581433,12/8/2019,84031A,Charlie+Lola Red Hot Water Bottle,6.19,24,14911,EIRE,148.56
581433,12/8/2019,84509B,Set Of 4 Fairy Cake Placemats,6.19,12,14911,EIRE,74.28
581433,12/8/2019,84707B,Pink Jewelled Mirror Trinket Tray,6.19,12,14911,EIRE,74.28
581433,12/8/2019,84817,Danish Rose Decorative Plate,6.19,48,14911,EIRE,297.12
581433,12/8/2019,84820,Danish Rose Trinket Trays,6.19,16,14911,EIRE,99.04
581433,12/8/2019,84819,Danish Rose Round Sewing Box,6.19,16,14911,EIRE,99.04
581433,12/8/2019,84821,Danish Rose Deluxe Coaster,6.19,24,14911,EIRE,148.56
581433,12/8/2019,22171,3 Hook Photo Shelf Antique White,6.19,2,14911,EIRE,12.38
581433,12/8/2019,22914,Blue Coat Rack Paris Fashion,6.19,3,14911,EIRE,18.57
581433,12/8/2019,20718,Red Retrospot Shopper Bag,6.19,10,14911,EIRE,61.9
581433,12/8/2019,21108,Fairy Cake Flannel Assorted Colour,6.19,18,14911,EIRE,111.42
581433,12/8/2019,21111,Swiss Roll Towel Chocolate Spots,6.19,24,14911,EIRE,148.56
581433,12/8/2019,82486,3 Drawer Antique White Wood Cabinet,6.19,4,14911,EIRE,24.76
581433,12/8/2019,84509B,Set Of 4 Fairy Cake Placemats,6.19,4,14911,EIRE,24.76
581433,12/8/2019,22282,12 Egg House Painted Wood,6.19,2,14911,EIRE,12.38
581433,12/8/2019,22283,6 Egg House Painted Wood,6.19,2,14911,EIRE,12.38
581433,12/8/2019,23110,Parisienne Key Cabinet,6.19,2,14911,EIRE,12.38
581433,12/8/2019,23029,Drawer Knob Crackle Glaze Green,6.19,6,14911,EIRE,37.14
581433,12/8/2019,22767,Triple Photo Frame Cornice,6.19,2,14911,EIRE,12.38
581433,12/8/2019,22768,Family Photo Frame Cornice,6.19,2,14911,EIRE,12.38
581433,12/8/2019,22766,Photo Frame Cornice,6.19,8,14911,EIRE,49.52
581433,12/8/2019,22169,Family Album White Picture Frame,6.19,2,14911,EIRE,12.38
581433,12/8/2019,22796,Photo Frame 3 Classic Hanging,6.19,2,14911,EIRE,12.38
581433,12/8/2019,21210,Set Of 72 Retrospot Paper Doilies,6.19,12,14911,EIRE,74.28
581433,12/8/2019,22699,Roses Regency Teacup And Saucer,6.19,6,14911,EIRE,37.14
581433,12/8/2019,22697,Green Regency Teacup And Saucer,6.19,6,14911,EIRE,37.14
581433,12/8/2019,22698,Pink Regency Teacup And Saucer,6.19,6,14911,EIRE,37.14
581433,12/8/2019,23341,Pink Diner Wall Clock,6.19,2,14911,EIRE,12.38
581433,12/8/2019,22192,Blue Diner Wall Clock,6.19,2,14911,EIRE,12.38
581433,12/8/2019,48187,Doormat New England,6.19,2,14911,EIRE,12.38
581433,12/8/2019,48184,Doormat English Rose,6.19,2,14911,EIRE,12.38
581433,12/8/2019,20685,Doormat Red Retrospot,6.19,2,14911,EIRE,12.38
581433,12/8/2019,79302M,Art Lights Funk Monkey,6.19,6,14911,EIRE,37.14
581434,12/8/2019,23084,Rabbit Night Light,6.19,12,13599,United Kingdom,74.28
581434,12/8/2019,23524,Wall Art Horse & Pony,6.19,6,13599,United Kingdom,37.14
581434,12/8/2019,23194,Gymkhana Treasure Book Box,6.19,8,13599,United Kingdom,49.52
581434,12/8/2019,90210B,Clear Acrylic Faceted Bangle,6.19,10,13599,United Kingdom,61.9
581434,12/8/2019,90210C,Red Acrylic Faceted Bangle,6.19,10,13599,United Kingdom,61.9
581434,12/8/2019,90057,Diamante Ring Assorted In Box,6.19,24,13599,United Kingdom,148.56
581435,12/8/2019,72801D,4 Sky Blue Dinner Candles,6.19,1,14435,United Kingdom,6.19
581435,12/8/2019,72351A,Set/6 Turquoise Butterfly T-Lights,6.19,1,14435,United Kingdom,6.19
581436,12/8/2019,21742,Large Round Wicker Platter,6.19,2,17491,United Kingdom,12.38
581436,12/8/2019,84945,Multi Colour Silver T-Light Holder,6.19,60,17491,United Kingdom,371.4
581436,12/8/2019,22086,Paper Chain Kit 50'S Christmas,6.19,12,17491,United Kingdom,74.28
581436,12/8/2019,21314,Small Glass Heart Trinket Pot,6.19,32,17491,United Kingdom,198.08
581436,12/8/2019,22675,French Kitchen Sign Blue Metal,6.19,24,17491,United Kingdom,148.56
581436,12/8/2019,22672,French Bathroom Sign Blue Metal,6.19,12,17491,United Kingdom,74.28
581436,12/8/2019,21899,Garage Key Fob,6.19,24,17491,United Kingdom,148.56
581436,12/8/2019,21901,Key Fob Back Door,6.19,24,17491,United Kingdom,148.56
581436,12/8/2019,21902,Key Fob Front Door,6.19,24,17491,United Kingdom,148.56
581436,12/8/2019,21900,Key Fob Shed,6.19,24,17491,United Kingdom,148.56
581436,12/8/2019,22840,Round Cake Tin Vintage Red,6.19,4,17491,United Kingdom,24.76
581436,12/8/2019,22727,Alarm Clock Bakelike Red,6.19,4,17491,United Kingdom,24.76
581436,12/8/2019,22726,Alarm Clock Bakelike Green,6.19,4,17491,United Kingdom,24.76
581436,12/8/2019,23428,Ivory Retro Kitchen Wall Clock,6.19,4,17491,United Kingdom,24.76
581436,12/8/2019,22087,Paper Bunting White Lace,6.19,24,17491,United Kingdom,148.56
581437,12/8/2019,21481,Fawn Blue Hot Water Bottle,6.04,4,14621,United Kingdom,24.16
581437,12/8/2019,22114,Hot Water Bottle Tea And Sympathy,6.04,4,14621,United Kingdom,24.16
581437,12/8/2019,22741,Funky Diva Pen,6.19,48,14621,United Kingdom,297.12
581437,12/8/2019,22865,Hand Warmer Owl Design,6.19,12,14621,United Kingdom,74.28
581437,12/8/2019,22867,Hand Warmer Bird Design,6.19,12,14621,United Kingdom,74.28
581437,12/8/2019,22632,Hand Warmer Red Retrospot,6.19,12,14621,United Kingdom,74.28
581437,12/8/2019,22398,Magnets Pack Of 4 Swallows,6.19,36,14621,United Kingdom,222.84
581437,12/8/2019,23380,Pack Of 12 Vintage Doily Tissues,6.19,24,14621,United Kingdom,148.56
581437,12/8/2019,23493,Vintage Doily Travel Sewing Kit,6.04,10,14621,United Kingdom,60.4
581437,12/8/2019,23351,Roll Wrap 50'S Christmas,6.04,12,14621,United Kingdom,72.48
581437,12/8/2019,22584,Pack Of 6 Panettone Gift Boxes,6.04,12,14621,United Kingdom,72.48
581437,12/8/2019,22743,Make Your Own Flowerpower Card Kit,6.19,12,14621,United Kingdom,74.28
581437,12/8/2019,22961,Jam Making Set Printed,6.19,12,14621,United Kingdom,74.28
581437,12/8/2019,23344,Jumbo Bag 50'S Christmas,6.04,10,14621,United Kingdom,60.4
581437,12/8/2019,16168M,Funky Monkey Gift Bag Medium,6.04,24,14621,United Kingdom,144.96
581437,12/8/2019,23375,50'S Christmas Paper Gift Bag,6.04,10,14621,United Kingdom,60.4
581438,12/8/2019,71477,Coloured Glass Star T-Light Holder,6.19,12,12955,United Kingdom,74.28
581438,12/8/2019,23083,Set 6 Paper Table Lantern Stars,6.19,12,12955,United Kingdom,74.28
581438,12/8/2019,23308,Set Of 60 Vintage Leaf Cake Cases,6.19,24,12955,United Kingdom,148.56
581438,12/8/2019,20668,Disco Ball Christmas Decoration,6.19,48,12955,United Kingdom,297.12
581438,12/8/2019,84347,Rotating Silver Angels T-Light Hldr,6.19,48,12955,United Kingdom,297.12
581438,12/8/2019,22492,Mini Paint Set Vintage,6.19,36,12955,United Kingdom,222.84
581438,12/8/2019,22530,Magic Drawing Slate Dolly Girl,6.19,24,12955,United Kingdom,148.56
581438,12/8/2019,20972,Pink Cream Felt Craft Trinket Box,6.19,12,12955,United Kingdom,74.28
581438,12/8/2019,22536,Magic Drawing Slate Purdey,6.19,24,12955,United Kingdom,148.56
581438,12/8/2019,22800,Antique Tall Swirlglass Trinket Pot,6.19,4,12955,United Kingdom,24.76
581438,12/8/2019,22493,Paint Your Own Canvas Set,6.19,12,12955,United Kingdom,74.28
581438,12/8/2019,22621,Traditional Knitting Nancy,6.19,12,12955,United Kingdom,74.28
581439,12/8/2019,23334,Ivory Wicker Heart Small,6.19,4,15439,United Kingdom,24.76
581439,12/8/2019,23336,Egg Frying Pan Pink,6.19,2,15439,United Kingdom,12.38
581439,12/8/2019,23337,Egg Frying Pan Mint,6.19,1,15439,United Kingdom,6.19
581439,12/8/2019,23338,Egg Frying Pan Red,6.19,2,15439,United Kingdom,12.38
581439,12/8/2019,23339,Egg Frying Pan Blue,6.19,1,15439,United Kingdom,6.19
581439,12/8/2019,23340,Vintage Christmas Cake Frill,6.19,1,15439,United Kingdom,6.19
581439,12/8/2019,23346,Spaceboy Beaker,6.19,1,15439,United Kingdom,6.19
581439,12/8/2019,23349,Roll Wrap Vintage Christmas,6.19,7,15439,United Kingdom,43.33
581439,12/8/2019,23351,Roll Wrap 50'S Christmas,6.19,6,15439,United Kingdom,37.14
581439,12/8/2019,23352,Roll Wrap 50'S Red Christmas,6.19,1,15439,United Kingdom,6.19
581439,12/8/2019,23353,6 Gift Tags Vintage Christmas,6.19,2,15439,United Kingdom,12.38
581439,12/8/2019,23356,Love Hot Water Bottle,7.24,1,15439,United Kingdom,7.24
581439,12/8/2019,23366,Set 12 Colouring Pencils Doily,7.24,4,15439,United Kingdom,28.96
581439,12/8/2019,23367,Set 12 Colour Pencils Spaceboy,6.19,6,15439,United Kingdom,37.14
581439,12/8/2019,23368,Set 12 Colour Pencils Dolly Girl,6.19,2,15439,United Kingdom,12.38
581439,12/8/2019,23370,Set 36 Colouring Pencils Doily,7.24,1,15439,United Kingdom,7.24
581439,12/8/2019,23371,Set 36 Colour Pencils Spaceboy,7.24,1,15439,United Kingdom,7.24
581439,12/8/2019,23372,Set 36 Colour Pencils Dolly Girl,6.19,1,15439,United Kingdom,6.19
581439,12/8/2019,23377,Pack Of 12 Dolly Girl Tissues,6.19,1,15439,United Kingdom,6.19
581439,12/8/2019,23378,Pack Of 12 50'S Christmas Tissues,6.19,2,15439,United Kingdom,12.38
581439,12/8/2019,23380,Pack Of 12 Vintage Doily Tissues,6.04,2,15439,United Kingdom,12.08
581439,12/8/2019,23382,Box Of 6 Christmas Cake Decorations,6.04,1,15439,United Kingdom,6.04
581439,12/8/2019,23391,I Love London Mini Backpack,6.19,1,15439,United Kingdom,6.19
581439,12/8/2019,23393,Home Sweet Home Cushion Cover,6.19,1,15439,United Kingdom,6.19
581439,12/8/2019,23394,Poste France Cushion Cover,6.19,2,15439,United Kingdom,12.38
581439,12/8/2019,23395,Belle Jardiniere Cushion Cover,6.19,1,15439,United Kingdom,6.19
581439,12/8/2019,23396,Le Jardin Botanique Cushion Cover,6.19,2,15439,United Kingdom,12.38
581439,12/8/2019,23397,Foot Stool Home Sweet Home,6.04,1,15439,United Kingdom,6.04
581439,12/8/2019,23399,Home Sweet Home Hanging Heart,6.04,8,15439,United Kingdom,48.32
581439,12/8/2019,23401,Rustic Mirror With Lace Heart,6.04,1,15439,United Kingdom,6.04
581439,12/8/2019,23403,Letter Holder Home Sweet Home,6.19,2,15439,United Kingdom,12.38
581439,12/8/2019,23404,Home Sweet Home Blackboard,6.19,1,15439,United Kingdom,6.19
581439,12/8/2019,23413,Decorative Vintage Coffee Box,6.19,1,15439,United Kingdom,6.19
581439,12/8/2019,23424,Gingham Recipe Book Box,6.19,1,15439,United Kingdom,6.19
581439,12/8/2019,23428,Ivory Retro Kitchen Wall Clock,6.19,1,15439,United Kingdom,6.19
581439,12/8/2019,23434,3 Raffia Ribbons 50'S Christmas,6.19,10,15439,United Kingdom,61.9
581439,12/8/2019,23435,3 Raffia Ribbons Vintage Christmas,6.19,4,15439,United Kingdom,24.76
581439,12/8/2019,23439,Hand Warmer Red Love Heart,6.19,2,15439,United Kingdom,12.38
581439,12/8/2019,23466,Tuscan Villa Dovecote Bird Feeder,6.19,1,15439,United Kingdom,6.19
581439,12/8/2019,23480,Mini Lights Woodland Mushrooms,6.19,3,15439,United Kingdom,18.57
581439,12/8/2019,23484,Heart Trellis Triple T-Light Holder,6.04,1,15439,United Kingdom,6.04
581439,12/8/2019,23489,Vintage Bells Garland,6.04,1,15439,United Kingdom,6.04
581439,12/8/2019,23493,Vintage Doily Travel Sewing Kit,6.04,3,15439,United Kingdom,18.12
581439,12/8/2019,23494,Vintage Doily Deluxe Sewing Kit,6.04,6,15439,United Kingdom,36.24
581439,12/8/2019,23495,Set Of 3 Pantry Wooden Spoons,6.04,2,15439,United Kingdom,12.08
581439,12/8/2019,23497,Classic Chrome Bicycle Bell,6.19,1,15439,United Kingdom,6.19
581439,12/8/2019,23498,Classic Bicycle Clips,6.19,1,15439,United Kingdom,6.19
581439,12/8/2019,23499,Set 12 Vintage Doily Chalk,6.19,1,15439,United Kingdom,6.19
581439,12/8/2019,23500,Key Ring Baseball Boot Assorted,6.19,1,15439,United Kingdom,6.19
581439,12/8/2019,23506,Mini Playing Cards Spaceboy,6.19,1,15439,United Kingdom,6.19
581439,12/8/2019,23507,Mini Playing Cards Buffalo Bill,6.19,1,15439,United Kingdom,6.19
581439,12/8/2019,23524,Wall Art Horse & Pony,6.19,1,15439,United Kingdom,6.19
581439,12/8/2019,23526,Wall Art Dog Licence,6.19,3,15439,United Kingdom,18.57
581439,12/8/2019,23528,Wall Art Spaceboy,7.24,2,15439,United Kingdom,14.48
581439,12/8/2019,23534,Wall Art Stop For Tea,7.24,3,15439,United Kingdom,21.72
581439,12/8/2019,23535,Wall Art Bicycle Safety,7.24,4,15439,United Kingdom,28.96
581439,12/8/2019,23551,Pack Of 12 Paisley Park Tissues,7.24,5,15439,United Kingdom,36.2
581439,12/8/2019,23552,Bicycle Puncture Repair Kit,7.24,7,15439,United Kingdom,50.68
581439,12/8/2019,23559,Woodland Bunnies Lolly Makers,6.19,1,15439,United Kingdom,6.19
581439,12/8/2019,23566,Egg Cup Milkmaid Heidi,6.19,2,15439,United Kingdom,12.38
581439,12/8/2019,23568,Egg Cup Henrietta Hen Cream,6.19,3,15439,United Kingdom,18.57
581439,12/8/2019,23570,Traditional Pick Up Sticks Game,6.19,6,15439,United Kingdom,37.14
581439,12/8/2019,23571,Traditional Naughts & Crosses,6.19,1,15439,United Kingdom,6.19
581439,12/8/2019,23575,Snack Tray Paisley Park,6.19,2,15439,United Kingdom,12.38
581439,12/8/2019,23576,Snack Tray Red Vintage Doily,6.19,1,15439,United Kingdom,6.19
581439,12/8/2019,23579,Snack Tray I Love London,6.19,2,15439,United Kingdom,12.38
581439,12/8/2019,23608,Set 10 Cards Rudolphs Nose 17097,6.04,1,15439,United Kingdom,6.04
581439,12/8/2019,23636,Set 10 Cards Wishing Tree 17116,6.04,1,15439,United Kingdom,6.04
581439,12/8/2019,23654,Set 10 Card Snowman 16965,6.04,1,15439,United Kingdom,6.04
581439,12/8/2019,35095A,Blue Victorian Fabric Oval Box,6.04,6,15439,United Kingdom,36.24
581439,12/8/2019,35095B,Red Victorian Fabric Oval Box,6.04,2,15439,United Kingdom,12.08
581439,12/8/2019,35646,Vintage Bead Pink Evening Bag,6.19,1,15439,United Kingdom,6.19
581439,12/8/2019,35953,Folkart Star Christmas Decorations,6.19,24,15439,United Kingdom,148.56
581439,12/8/2019,35964,Folkart Clip On Stars,6.19,1,15439,United Kingdom,6.19
581439,12/8/2019,35970,Zinc Folkart Sleigh Bells,6.19,3,15439,United Kingdom,18.57
581439,12/8/2019,37500,Tea Time Teapot In Gift Box,7.24,1,15439,United Kingdom,7.24
581439,12/8/2019,46118,Funky Monkey Cushion Cover,7.24,1,15439,United Kingdom,7.24
581439,12/8/2019,46776D,Woven Sunset Cushion Cover,7.24,2,15439,United Kingdom,14.48
581439,12/8/2019,46776F,Woven Rose Garden Cushion Cover,7.24,1,15439,United Kingdom,7.24
581439,12/8/2019,47310M,Small Pop Box Funky Monkey,7.24,1,15439,United Kingdom,7.24
581439,12/8/2019,47559B,Tea Time Oven Glove,7.24,3,15439,United Kingdom,21.72
581439,12/8/2019,47563A,Retro Longboard Ironing Board Cover,7.24,3,15439,United Kingdom,21.72
581439,12/8/2019,47591D,Pink Fairy Cake Childrens Apron,7.24,1,15439,United Kingdom,7.24
581439,12/8/2019,51014A,Feather Pen Hot Pink,7.24,1,15439,United Kingdom,7.24
581439,12/8/2019,51014C,Feather Pen Coal Black,7.24,4,15439,United Kingdom,28.96
581439,12/8/2019,51014L,Feather Pen Light Pink,7.24,2,15439,United Kingdom,14.48
581439,12/8/2019,70007,Hi Tec Alpine Hand Warmer,7.24,1,15439,United Kingdom,7.24
581439,12/8/2019,71053,White Moroccan Metal Lantern,7.24,1,15439,United Kingdom,7.24
581439,12/8/2019,71459,Hanging Jam Jar T-Light Holders,7.24,8,15439,United Kingdom,57.92
581439,12/8/2019,71477,Coloured Glass Star T-Light Holder,7.24,2,15439,United Kingdom,14.48
581439,12/8/2019,72122,Coffee Scent Pillar Candle,7.24,4,15439,United Kingdom,28.96
581439,12/8/2019,72127,Columbian Candle Round,7.24,2,15439,United Kingdom,14.48
581439,12/8/2019,72349B,Set/6 Purple Butterfly T-Lights,7.24,1,15439,United Kingdom,7.24
581439,12/8/2019,72812,Large Zinc Glass Candleholder,7.24,1,15439,United Kingdom,7.24
581439,12/8/2019,79190A,Retro Plastic 70'S Tray,7.24,1,15439,United Kingdom,7.24
581439,12/8/2019,82484,Wood Black Board Ant White Finish,7.24,1,15439,United Kingdom,7.24
581439,12/8/2019,82494L,Wooden Frame Antique White,7.24,1,15439,United Kingdom,7.24
581439,12/8/2019,82551,Laundry 15c Metal Sign,7.24,1,15439,United Kingdom,7.24
581439,12/8/2019,82567,Airline Lounge Metal Sign,7.24,3,15439,United Kingdom,21.72
581439,12/8/2019,21171,Bathroom Metal Sign,7.24,1,15439,United Kingdom,7.24
581439,12/8/2019,82582,Area Patrolled Metal Sign,7.24,1,15439,United Kingdom,7.24
581439,12/8/2019,82600,N0 Singing Metal Sign,7.24,3,15439,United Kingdom,21.72
581439,12/8/2019,84031A,Charlie+Lola Red Hot Water Bottle,7.24,1,15439,United Kingdom,7.24
581439,12/8/2019,84032A,Charlie+Lola Pink Hot Water Bottle,7.24,2,15439,United Kingdom,14.48
581439,12/8/2019,84032B,Charlie + Lola Red Hot Water Bottle,7.24,2,15439,United Kingdom,14.48
581439,12/8/2019,84347,Rotating Silver Angels T-Light Hldr,7.24,1,15439,United Kingdom,7.24
581439,12/8/2019,84375,Set Of 20 Kids Cookie Cutters,7.24,2,15439,United Kingdom,14.48
581439,12/8/2019,84378,Set Of 3 Heart Cookie Cutters,7.24,7,15439,United Kingdom,50.68
581439,12/8/2019,84380,Set Of 3 Butterfly Cookie Cutters,7.24,4,15439,United Kingdom,28.96
581439,12/8/2019,84509A,Set Of 4 English Rose Placemats,7.24,1,15439,United Kingdom,7.24
581439,12/8/2019,84510A,Set Of 4 English Rose Coasters,7.24,1,15439,United Kingdom,7.24
581439,12/8/2019,84692,Box Of 24 Cocktail Parasols,7.24,1,15439,United Kingdom,7.24
581439,12/8/2019,84859A,Silver Disco Handbag,7.24,2,15439,United Kingdom,14.48
581439,12/8/2019,84859B,Blue Disco Handbag,7.24,1,15439,United Kingdom,7.24
581439,12/8/2019,84923,Pink Butterfly Handbag W Bobbles,7.24,1,15439,United Kingdom,7.24
581439,12/8/2019,84946,Antique Silver T-Light Glass,7.24,9,15439,United Kingdom,65.16
581439,12/8/2019,84947,Antique Silver Tea Glass Engraved,7.24,4,15439,United Kingdom,28.96
581439,12/8/2019,84970S,Hanging Heart Zinc T-Light Holder,7.24,2,15439,United Kingdom,14.48
581439,12/8/2019,84997A,Childrens Cutlery Polkadot Green,7.24,1,15439,United Kingdom,7.24
581439,12/8/2019,84997B,Childrens Cutlery Retrospot Red,7.24,1,15439,United Kingdom,7.24
581439,12/8/2019,84997C,Childrens Cutlery Polkadot Blue,7.24,1,15439,United Kingdom,7.24
581439,12/8/2019,84997D,Childrens Cutlery Polkadot Pink,7.24,1,15439,United Kingdom,7.24
581439,12/8/2019,85040A,S/4 Pink Flower Candles In Bowl,7.24,1,15439,United Kingdom,7.24
581439,12/8/2019,85049A,Traditional Christmas Ribbons,7.24,5,15439,United Kingdom,36.2
581439,12/8/2019,85049E,Scandinavian Reds Ribbons,7.24,1,15439,United Kingdom,7.24
581439,12/8/2019,85049H,Urban Black Ribbons,7.24,1,15439,United Kingdom,7.24
581439,12/8/2019,85066,Cream Sweetheart Mini Chest,6.19,1,15439,United Kingdom,6.19
581439,12/8/2019,85114B,Ivory Enchanted Forest Placemat,6.19,6,15439,United Kingdom,37.14
581439,12/8/2019,85123A,Cream Hanging Heart T-Light Holder,6.19,1,15439,United Kingdom,6.19
581439,12/8/2019,85150,Ladies & Gentlemen Metal Sign,6.19,3,15439,United Kingdom,18.57
581439,12/8/2019,85170D,Set/6 Pink Bird T-Light Candles,6.19,2,15439,United Kingdom,12.38
581439,12/8/2019,85173,Set/6 Frog Prince T-Light Candles,6.19,1,15439,United Kingdom,6.19
581439,12/8/2019,85176,Sewing Susan 21 Needle Set,6.19,4,15439,United Kingdom,24.76
581439,12/8/2019,85178,Victorian Sewing Kit,6.19,5,15439,United Kingdom,30.95
581439,12/8/2019,85184C,Set 4 Valentine Decoupage Heart Box,6.19,1,15439,United Kingdom,6.19
581439,12/8/2019,85199S,Small Hanging Ivory/Red Wood Bird,6.19,11,15439,United Kingdom,68.09
581439,12/8/2019,85227,Set Of 6 3d Kit Cards For Kids,6.04,1,15439,United Kingdom,6.04
581439,12/8/2019,90003C,Midnight Blue Pair Heart Hair Slide,6.04,1,15439,United Kingdom,6.04
581439,12/8/2019,90018A,Silver Mop Orbit Drop Earrings,6.19,1,15439,United Kingdom,6.19
581439,12/8/2019,90022,Edwardian Drop Earrings Jet Black,6.19,1,15439,United Kingdom,6.19
581439,12/8/2019,90038B,Glass And Painted Beads Bracelet Ol,6.19,1,15439,United Kingdom,6.19
581439,12/8/2019,90059C,Diamante Hair Grip Pack/2 Montana,6.02,1,15439,United Kingdom,6.02
581439,12/8/2019,90114,Summer Daisies Bag Charm,6.02,2,15439,United Kingdom,12.04
581439,12/8/2019,90116,Fruit Salad Bag Charm,6.02,2,15439,United Kingdom,12.04
581439,12/8/2019,90119,Metalic Leaves Bag Charms,6.04,1,15439,United Kingdom,6.04
581439,12/8/2019,90120C,Green Murano Twist Bracelet,6.19,1,15439,United Kingdom,6.19
581439,12/8/2019,90168,2 Daisies Hair Comb,6.19,1,15439,United Kingdom,6.19
581439,12/8/2019,90170,Daisy Hair Band,6.19,1,15439,United Kingdom,6.19
581439,12/8/2019,90177B,Drop Diamante Earrings Black Diamon,6.19,1,15439,United Kingdom,6.19
581439,12/8/2019,90200A,Purple Sweetheart Bracelet,6.19,1,15439,United Kingdom,6.19
581439,12/8/2019,90202A,Purple Enamel Flower Hair Tie,6.19,1,15439,United Kingdom,6.19
581439,12/8/2019,90202B,White Enamel Flower Hair Tie,6.19,1,15439,United Kingdom,6.19
581439,12/8/2019,90202C,Green Enamel Flower Hair Tie,6.19,1,15439,United Kingdom,6.19
581439,12/8/2019,90208,Pair Of Pink Flower Cluster Slide,6.19,1,15439,United Kingdom,6.19
581439,12/8/2019,15036,Assorted Colours Silk Fan,6.19,3,15439,United Kingdom,18.57
581439,12/8/2019,15056N,Edwardian Parasol Natural,6.19,1,15439,United Kingdom,6.19
581439,12/8/2019,16225,Rattle Snake Eggs,6.19,1,15439,United Kingdom,6.19
581439,12/8/2019,16235,Recycled Pencil With Rabbit Eraser,6.19,2,15439,United Kingdom,12.38
581439,12/8/2019,17003,Brocade Ring Purse,6.19,2,15439,United Kingdom,12.38
581439,12/8/2019,17012D,Origami Rose Incense/Candle Set,6.19,1,15439,United Kingdom,6.19
581439,12/8/2019,17012F,Origami Sandlewood Incense/Cand Set,6.19,1,15439,United Kingdom,6.19
581439,12/8/2019,17084P,Dragons Blood Incense,6.19,25,15439,United Kingdom,154.75
581439,12/8/2019,18097C,White Tall Porcelain T-Light Holder,6.19,1,15439,United Kingdom,6.19
581439,12/8/2019,20617,First Class Passport Cover,6.19,1,15439,United Kingdom,6.19
581439,12/8/2019,20654,First Class Luggage Tag,6.19,1,15439,United Kingdom,6.19
581439,12/8/2019,20665,Red Retrospot Purse,6.19,1,15439,United Kingdom,6.19
581439,12/8/2019,20719,Woodland Charlotte Bag,7.24,3,15439,United Kingdom,21.72
581439,12/8/2019,20723,Strawberry Charlotte Bag,7.24,1,15439,United Kingdom,7.24
581439,12/8/2019,20724,Red Retrospot Charlotte Bag,7.24,1,15439,United Kingdom,7.24
581439,12/8/2019,20733,Gold Mini Tape Measure,7.24,4,15439,United Kingdom,28.96
581439,12/8/2019,20777,Chrysanthemum Notebook,7.24,1,15439,United Kingdom,7.24
581439,12/8/2019,20780,Black Ear Muff Headphones,7.24,1,15439,United Kingdom,7.24
581439,12/8/2019,20829,Glitter Hanging Butterfly String,7.24,1,15439,United Kingdom,7.24
581439,12/8/2019,20836,French Paisley Cushion Cover,6.19,2,15439,United Kingdom,12.38
581439,12/8/2019,20837,French Floral Cushion Cover,6.19,2,15439,United Kingdom,12.38
581439,12/8/2019,20866,Blue Rose Fabric Mirror,6.19,3,15439,United Kingdom,18.57
581439,12/8/2019,20914,Set/5 Red Retrospot Lid Glass Bowls,6.19,2,15439,United Kingdom,12.38
581439,12/8/2019,20931,Blue Pot Plant Candle,6.19,1,15439,United Kingdom,6.19
581439,12/8/2019,20932,Pink Pot Plant Candle,6.19,1,15439,United Kingdom,6.19
581439,12/8/2019,20969,Red Floral Feltcraft Shoulder Bag,6.19,1,15439,United Kingdom,6.19
581439,12/8/2019,20971,Pink Blue Felt Craft Trinket Box,6.19,1,15439,United Kingdom,6.19
581439,12/8/2019,20972,Pink Cream Felt Craft Trinket Box,6.19,2,15439,United Kingdom,12.38
581439,12/8/2019,20973,12 Pencil Small Tube Woodland,6.19,6,15439,United Kingdom,37.14
581439,12/8/2019,20978,36 Pencils Tube Skulls,6.19,1,15439,United Kingdom,6.19
581439,12/8/2019,20982,12 Pencils Tall Tube Skulls,6.19,1,15439,United Kingdom,6.19
581439,12/8/2019,21015,Dark Bird House Tree Decoration,6.19,1,15439,United Kingdom,6.19
581439,12/8/2019,21028,Ninja Rabbit Black,6.19,1,15439,United Kingdom,6.19
581439,12/8/2019,21035,Set/2 Red Retrospot Tea Towels,6.19,1,15439,United Kingdom,6.19
581439,12/8/2019,21064,Boom Box Speaker Boys,6.19,7,15439,United Kingdom,43.33
581439,12/8/2019,21065,Boom Box Speaker Girls,6.19,2,15439,United Kingdom,12.38
581439,12/8/2019,21068,Vintage Billboard Love/Hate Mug,6.19,1,15439,United Kingdom,6.19
581439,12/8/2019,21070,Vintage Billboard Mug,6.19,1,15439,United Kingdom,6.19
581439,12/8/2019,21080,Set/20 Red Retrospot Paper Napkins,6.19,1,15439,United Kingdom,6.19
581439,12/8/2019,21088,Set/6 Fruit Salad Paper Cups,6.19,1,15439,United Kingdom,6.19
581439,12/8/2019,21098,Christmas Toilet Roll,6.19,9,15439,United Kingdom,55.71
581439,12/8/2019,21109,Large Cake Towel Chocolate Spots,6.19,1,15439,United Kingdom,6.19
581439,12/8/2019,21123,Set/10 Ivory Polkadot Party Candles,6.19,7,15439,United Kingdom,43.33
581439,12/8/2019,21126,Set Of 6 Girls Celebration Candles,6.04,2,15439,United Kingdom,12.08
581439,12/8/2019,21137,Black Record Cover Frame,6.04,12,15439,United Kingdom,72.48
581439,12/8/2019,21154,Red Retrospot Oven Glove,6.04,2,15439,United Kingdom,12.08
581439,12/8/2019,21156,Retrospot Childrens Apron,6.04,1,15439,United Kingdom,6.04
581439,12/8/2019,21159,Moody Boy Door Hanger,6.04,1,15439,United Kingdom,6.04
581439,12/8/2019,21166,Cook With Wine Metal Sign,6.19,1,15439,United Kingdom,6.19
581439,12/8/2019,21169,You're Confusing Me Metal Sign,6.19,1,15439,United Kingdom,6.19
581439,12/8/2019,21175,Gin And Tonic Diet Metal Sign,6.19,4,15439,United Kingdom,24.76
581439,12/8/2019,21189,White Honeycomb Paper Garland,6.19,3,15439,United Kingdom,18.57
581439,12/8/2019,21212,Pack Of 72 Retrospot Cake Cases,6.19,1,15439,United Kingdom,6.19
581439,12/8/2019,21213,Pack Of 72 Skull Cake Cases,6.19,2,15439,United Kingdom,12.38
581439,12/8/2019,21222,Set/4 Badges Beetles,6.19,1,15439,United Kingdom,6.19
581439,12/8/2019,21231,Sweetheart Ceramic Trinket Box,6.04,4,15439,United Kingdom,24.16
581439,12/8/2019,21232,Strawberry Ceramic Trinket Pot,6.19,1,15439,United Kingdom,6.19
581439,12/8/2019,21239,Pink Polkadot Cup,6.19,1,15439,United Kingdom,6.19
581439,12/8/2019,21243,Pink Polkadot Plate,6.19,1,15439,United Kingdom,6.19
581439,12/8/2019,21258,Victorian Sewing Box Large,6.19,2,15439,United Kingdom,12.38
581439,12/8/2019,21314,Small Glass Heart Trinket Pot,6.19,2,15439,United Kingdom,12.38
581439,12/8/2019,21328,Balloons Writing Set,6.19,1,15439,United Kingdom,6.19
581439,12/8/2019,21356,Toast Its - Fairy Flower,6.19,8,15439,United Kingdom,49.52
581439,12/8/2019,21400,Red Pudding Spoon,6.19,2,15439,United Kingdom,12.38
581439,12/8/2019,21401,Blue Pudding Spoon,6.19,2,15439,United Kingdom,12.38
581439,12/8/2019,21402,Red Egg Spoon,6.19,2,15439,United Kingdom,12.38
581439,12/8/2019,21403,Blue Egg Spoon,6.19,2,15439,United Kingdom,12.38
581439,12/8/2019,21408,Spotty Pink Duck Doorstop,6.04,1,15439,United Kingdom,6.04
581439,12/8/2019,21411,Gingham Heart Doorstop Red,6.04,1,15439,United Kingdom,6.04
581439,12/8/2019,21429,Red Gingham Rose Jewellery Box,6.19,2,15439,United Kingdom,12.38
581439,12/8/2019,21452,Toadstool Money Box,6.19,1,15439,United Kingdom,6.19
581439,12/8/2019,21466,Red Flower Crochet Food Cover,6.19,1,15439,United Kingdom,6.19
581439,12/8/2019,21479,White Skull Hot Water Bottle,6.19,1,15439,United Kingdom,6.19
581439,12/8/2019,21481,Fawn Blue Hot Water Bottle,6.19,1,15439,United Kingdom,6.19
581439,12/8/2019,21484,Chick Grey Hot Water Bottle,6.19,2,15439,United Kingdom,12.38
581439,12/8/2019,21494,Rotating Leaves T-Light Holder,6.19,1,15439,United Kingdom,6.19
581439,12/8/2019,21530,Dairy Maid Toastrack,6.19,1,15439,United Kingdom,6.19
581439,12/8/2019,21557,Set Of 6 Funky Beakers,6.19,1,15439,United Kingdom,6.19
581439,12/8/2019,21561,Dinosaur Lunch Box With Cutlery,6.19,3,15439,United Kingdom,18.57
581439,12/8/2019,21577,Save The Planet Cotton Tote Bag,6.19,1,15439,United Kingdom,6.19
581439,12/8/2019,21615,4 Lavender Botanical Dinner Candles,6.19,2,15439,United Kingdom,12.38
581439,12/8/2019,21616,4 Pear Botanical Dinner Candles,6.19,1,15439,United Kingdom,6.19
581439,12/8/2019,21624,Vintage Union Jack Doorstop,6.19,1,15439,United Kingdom,6.19
581439,12/8/2019,21648,Assorted Tutti Frutti Small Purse,6.19,1,15439,United Kingdom,6.19
581439,12/8/2019,21650,Assorted Tutti Frutti Bracelet,6.04,1,15439,United Kingdom,6.04
581439,12/8/2019,21668,Red Stripe Ceramic Drawer Knob,6.04,2,15439,United Kingdom,12.08
581439,12/8/2019,21677,Hearts Stickers,6.04,3,15439,United Kingdom,18.12
581439,12/8/2019,21680,Woodland Stickers,6.04,1,15439,United Kingdom,6.04
581439,12/8/2019,21703,Bag 125g Swirly Marbles,6.04,3,15439,United Kingdom,18.12
581439,12/8/2019,21704,Bag 250g Swirly Marbles,6.19,3,15439,United Kingdom,18.57
581439,12/8/2019,21705,Bag 500g Swirly Marbles,6.19,1,15439,United Kingdom,6.19
581439,12/8/2019,21731,Red Toadstool Led Night Light,6.19,5,15439,United Kingdom,30.95
581439,12/8/2019,21739,Cosy Slipper Shoes Small Green,6.19,1,15439,United Kingdom,6.19
581439,12/8/2019,21754,Home Building Block Word,6.19,1,15439,United Kingdom,6.19
581439,12/8/2019,21775,Decorative Flore Bathroom Bottle,6.19,1,15439,United Kingdom,6.19
581439,12/8/2019,21786,Polkadot Rain Hat,6.19,1,15439,United Kingdom,6.19
581439,12/8/2019,21787,Rain Poncho Retrospot,6.19,1,15439,United Kingdom,6.19
581439,12/8/2019,21790,Vintage Snap Cards,6.19,7,15439,United Kingdom,43.33
581439,12/8/2019,21812,Garland With Hearts And Bells,6.19,3,15439,United Kingdom,18.57
581439,12/8/2019,21813,Garland With Stars And Bells,6.19,11,15439,United Kingdom,68.09
581439,12/8/2019,21832,Chocolate Calculator,6.19,2,15439,United Kingdom,12.38
581439,12/8/2019,21876,Pottering Mug,6.04,1,15439,United Kingdom,6.04
581439,12/8/2019,21889,Wooden Box Of Dominoes,6.04,2,15439,United Kingdom,12.08
581439,12/8/2019,21890,S/6 Wooden Skittles In Cotton Bag,6.04,1,15439,United Kingdom,6.04
581439,12/8/2019,21891,Traditional Wooden Skipping Rope,6.04,3,15439,United Kingdom,18.12
581439,12/8/2019,21892,Traditional Wooden Catch Cup Game,6.19,1,15439,United Kingdom,6.19
581439,12/8/2019,21900,Key Fob Shed,6.19,2,15439,United Kingdom,12.38
581439,12/8/2019,21908,Chocolate This Way Metal Sign,6.19,3,15439,United Kingdom,18.57
581439,12/8/2019,21912,Vintage Snakes & Ladders,6.19,1,15439,United Kingdom,6.19
581439,12/8/2019,21914,Blue Harmonica In Box,6.19,2,15439,United Kingdom,12.38
581439,12/8/2019,21916,Set 12 Retro White Chalk Sticks,6.19,1,15439,United Kingdom,6.19
581439,12/8/2019,21918,Set 12 Kids Colour Chalk Sticks,6.19,3,15439,United Kingdom,18.57
581439,12/8/2019,21930,Jumbo Storage Bag Skulls,6.19,1,15439,United Kingdom,6.19
581439,12/8/2019,21932,Scandinavian Paisley Picnic Bag,6.19,2,15439,United Kingdom,12.38
581439,12/8/2019,21933,Pink Vintage Paisley Picnic Bag,6.19,2,15439,United Kingdom,12.38
581439,12/8/2019,21934,Skull Shoulder Bag,6.19,5,15439,United Kingdom,30.95
581439,12/8/2019,21935,Suki Shoulder Bag,6.19,5,15439,United Kingdom,30.95
581439,12/8/2019,21936,Red Retrospot Picnic Bag,6.19,2,15439,United Kingdom,12.38
581439,12/8/2019,21942,Skulls Design Flannel,6.19,1,15439,United Kingdom,6.19
581439,12/8/2019,21944,Kittens Design Flannel,6.19,1,15439,United Kingdom,6.19
581439,12/8/2019,21945,Strawberries Design Flannel,6.19,1,15439,United Kingdom,6.19
581439,12/8/2019,21947,Set Of 6 Heart Chopsticks,6.19,1,15439,United Kingdom,6.19
581439,12/8/2019,21949,Set Of 6 Strawberry Chopsticks,6.19,1,15439,United Kingdom,6.19
581439,12/8/2019,21967,Pack Of 12 Skull Tissues,6.19,1,15439,United Kingdom,6.19
581439,12/8/2019,21977,Pack Of 60 Pink Paisley Cake Cases,6.19,1,15439,United Kingdom,6.19
581439,12/8/2019,21980,Pack Of 12 Red Retrospot Tissues,6.19,1,15439,United Kingdom,6.19
581439,12/8/2019,21981,Pack Of 12 Woodland Tissues,6.19,1,15439,United Kingdom,6.19
581439,12/8/2019,21982,Pack Of 12 Suki Tissues,6.19,3,15439,United Kingdom,18.57
581439,12/8/2019,21984,Pack Of 12 Pink Paisley Tissues,6.19,1,15439,United Kingdom,6.19
581439,12/8/2019,21985,Pack Of 12 Hearts Design Tissues,6.19,1,15439,United Kingdom,6.19
581439,12/8/2019,21990,Modern Floral Stationery Set,6.19,3,15439,United Kingdom,18.57
581439,12/8/2019,21991,Bohemian Collage Stationery Set,6.19,3,15439,United Kingdom,18.57
581439,12/8/2019,21993,Floral Folk Stationery Set,6.19,5,15439,United Kingdom,30.95
581439,12/8/2019,22024,Rainy Ladies Birthday Card,6.19,3,15439,United Kingdom,18.57
581439,12/8/2019,22026,Banquet Birthday Card,6.19,2,15439,United Kingdom,12.38
581439,12/8/2019,22028,Penny Farthing Birthday Card,6.19,2,15439,United Kingdom,12.38
581439,12/8/2019,22029,Spaceboy Birthday Card,6.19,4,15439,United Kingdom,24.76
581439,12/8/2019,22064,Pink Doughnut Trinket Pot,6.19,1,15439,United Kingdom,6.19
581439,12/8/2019,22065,Christmas Pudding Trinket Pot,6.19,2,15439,United Kingdom,12.38
581439,12/8/2019,22069,Brown Pirate Treasure Chest,6.19,2,15439,United Kingdom,12.38
581439,12/8/2019,22074,6 Ribbons Shimmering Pinks,6.19,1,15439,United Kingdom,6.19
581439,12/8/2019,22075,6 Ribbons Elegant Christmas,6.19,2,15439,United Kingdom,12.38
581439,12/8/2019,22076,6 Ribbons Empire,6.19,1,15439,United Kingdom,6.19
581439,12/8/2019,22077,6 Ribbons Rustic Charm,6.19,1,15439,United Kingdom,6.19
581439,12/8/2019,22085,Paper Chain Kit Skulls,6.19,3,15439,United Kingdom,18.57
581439,12/8/2019,22086,Paper Chain Kit 50'S Christmas,6.19,52,15439,United Kingdom,321.88
581439,12/8/2019,22095,Lads Only Tissue Box,6.19,1,15439,United Kingdom,6.19
581439,12/8/2019,22099,Caravan Square Tissue Box,6.19,1,15439,United Kingdom,6.19
581439,12/8/2019,22101,Mirror Mosaic Votive Holder,6.19,10,15439,United Kingdom,61.9
581439,12/8/2019,22107,Pizza Plate In Box,6.19,3,15439,United Kingdom,18.57
581439,12/8/2019,22109,Full English Breakfast Plate,6.19,3,15439,United Kingdom,18.57
581439,12/8/2019,22110,Bird House Hot Water Bottle,6.19,2,15439,United Kingdom,12.38
581439,12/8/2019,22112,Chocolate Hot Water Bottle,6.19,3,15439,United Kingdom,18.57
581439,12/8/2019,22114,Hot Water Bottle Tea And Sympathy,6.19,2,15439,United Kingdom,12.38
581439,12/8/2019,22124,Set Of 2 Tea Towels Ping Microwave,6.19,1,15439,United Kingdom,6.19
581439,12/8/2019,22134,Mini Ladle Love Heart Red,6.19,1,15439,United Kingdom,6.19
581439,12/8/2019,22138,Baking Set 9 Piece Retrospot,6.19,2,15439,United Kingdom,12.38
581439,12/8/2019,22139,Retrospot Tea Set Ceramic 11 Pc,6.19,1,15439,United Kingdom,6.19
581439,12/8/2019,22141,Christmas Craft Tree Top Angel,6.19,4,15439,United Kingdom,24.76
581439,12/8/2019,22142,Christmas Craft White Fairy,6.19,2,15439,United Kingdom,12.38
581439,12/8/2019,22150,3 Stripey Mice Feltcraft,6.19,2,15439,United Kingdom,12.38
581439,12/8/2019,22153,Angel Decoration Stars On Dress,6.19,4,15439,United Kingdom,24.76
581439,12/8/2019,22155,Star Decoration Rustic,6.19,3,15439,United Kingdom,18.57
581439,12/8/2019,22156,Heart Decoration With Pearls,6.19,1,15439,United Kingdom,6.19
581439,12/8/2019,22158,3 Hearts Hanging Decoration Rustic,6.19,2,15439,United Kingdom,12.38
581439,12/8/2019,22165,Diamante Heart Shaped Wall Mirror,6.19,1,15439,United Kingdom,6.19
581439,12/8/2019,22169,Family Album White Picture Frame,6.19,1,15439,United Kingdom,6.19
581439,12/8/2019,22170,Picture Frame Wood Triple Portrait,6.19,1,15439,United Kingdom,6.19
581439,12/8/2019,22173,Metal 4 Hook Hanger French Chateau,6.19,1,15439,United Kingdom,6.19
581439,12/8/2019,22174,Photo Cube,6.19,4,15439,United Kingdom,24.76
581439,12/8/2019,22186,Red Star Card Holder,6.19,1,15439,United Kingdom,6.19
581439,12/8/2019,22188,Black Heart Card Holder,6.19,1,15439,United Kingdom,6.19
581439,12/8/2019,22192,Blue Diner Wall Clock,6.19,1,15439,United Kingdom,6.19
581439,12/8/2019,22195,Large Heart Measuring Spoons,6.19,2,15439,United Kingdom,12.38
581439,12/8/2019,22196,Small Heart Measuring Spoons,6.19,3,15439,United Kingdom,18.57
581439,12/8/2019,22197,Popcorn Holder,6.19,70,15439,United Kingdom,433.3
581439,12/8/2019,22212,Four Hook White Lovebirds,6.19,2,15439,United Kingdom,12.38
581439,12/8/2019,22222,Cake Plate Lovebird White,6.19,1,15439,United Kingdom,6.19
581439,12/8/2019,22227,Hanging Heart Mirror Decoration,6.19,2,15439,United Kingdom,12.38
581439,12/8/2019,22250,Decoration Butterfly Magic Garden,6.19,2,15439,United Kingdom,12.38
581439,12/8/2019,22251,Birdhouse Decoration Magic Garden,6.19,2,15439,United Kingdom,12.38
581439,12/8/2019,22278,Overnight Bag Vintage Rose Paisley,6.19,1,15439,United Kingdom,6.19
581439,12/8/2019,22279,Pocket Bag Blue Paisley Red Spot,6.19,2,15439,United Kingdom,12.38
581439,12/8/2019,22280,Pocket Bag Pink Paisely Brown Spot,7.24,1,15439,United Kingdom,7.24
581439,12/8/2019,22294,Heart Filigree Dove Small,7.24,3,15439,United Kingdom,21.72
581439,12/8/2019,22301,Coffee Mug Cat + Bird Design,7.24,2,15439,United Kingdom,14.48
581439,12/8/2019,22309,Tea Cosy Red Stripe,7.24,2,15439,United Kingdom,14.48
581439,12/8/2019,22314,Office Mug Warmer Choc+Blue,7.24,3,15439,United Kingdom,21.72
581439,12/8/2019,22321,Bird Decoration Red Retrospot,7.24,1,15439,United Kingdom,7.24
581439,12/8/2019,22327,Round Snack Boxes Set Of 4 Skulls,7.24,2,15439,United Kingdom,14.48
581439,12/8/2019,22329,Round Container Set Of 5 Retrospot,7.24,1,15439,United Kingdom,7.24
581439,12/8/2019,22338,Star Decoration Painted Zinc,7.24,7,15439,United Kingdom,50.68
581439,12/8/2019,22340,Noel Garland Painted Zinc,6.19,2,15439,United Kingdom,12.38
581439,12/8/2019,22352,Lunch Box With Cutlery Retrospot,6.19,1,15439,United Kingdom,6.19
581439,12/8/2019,22355,Charlotte Bag Suki Design,6.19,3,15439,United Kingdom,18.57
581439,12/8/2019,22356,Charlotte Bag Pink Polkadot,6.19,1,15439,United Kingdom,6.19
581439,12/8/2019,22357,Kings Choice Biscuit Tin,6.19,3,15439,United Kingdom,18.57
581439,12/8/2019,22358,Kings Choice Tea Caddy,6.19,1,15439,United Kingdom,6.19
581439,12/8/2019,22361,Glass Jar Daisy Fresh Cotton Wool,6.19,1,15439,United Kingdom,6.19
581439,12/8/2019,22364,Glass Jar Digestive Biscuits,6.19,1,15439,United Kingdom,6.19
581439,12/8/2019,22365,Doormat Respectable House,6.19,2,15439,United Kingdom,12.38
581439,12/8/2019,22367,Childrens Apron Spaceboy Design,6.19,2,15439,United Kingdom,12.38
581439,12/8/2019,22371,Airline Bag Vintage Tokyo 78,6.19,1,15439,United Kingdom,6.19
581439,12/8/2019,22375,Airline Bag Vintage Jet Set Brown,6.19,1,15439,United Kingdom,6.19
581439,12/8/2019,22378,Wall Tidy Retrospot,6.19,4,15439,United Kingdom,24.76
581439,12/8/2019,22379,Recycling Bag Retrospot,6.19,1,15439,United Kingdom,6.19
581439,12/8/2019,22380,Toy Tidy Spaceboy,6.19,1,15439,United Kingdom,6.19
581439,12/8/2019,22381,Toy Tidy Pink Polkadot,6.19,2,15439,United Kingdom,12.38
581439,12/8/2019,22389,Paperweight Save The Planet,6.19,1,15439,United Kingdom,6.19
581439,12/8/2019,22393,Paperweight Vintage Collage,6.19,1,15439,United Kingdom,6.19
581439,12/8/2019,22411,Jumbo Shopper Vintage Red Paisley,6.19,2,15439,United Kingdom,12.38
581439,12/8/2019,22418,10 Colour Spaceboy Pen,6.19,2,15439,United Kingdom,12.38
581439,12/8/2019,22419,Lipstick Pen Red,6.19,9,15439,United Kingdom,55.71
581439,12/8/2019,22420,Lipstick Pen Baby Pink,6.19,1,15439,United Kingdom,6.19
581439,12/8/2019,22421,Lipstick Pen Fuschia,6.19,2,15439,United Kingdom,12.38
581439,12/8/2019,22422,Toothpaste Tube Pen,6.19,3,15439,United Kingdom,18.57
581439,12/8/2019,22423,Regency Cakestand 3 Tier,6.19,3,15439,United Kingdom,18.57
581439,12/8/2019,22439,6 Rocket Balloons,6.19,1,15439,United Kingdom,6.19
581439,12/8/2019,22446,Pin Cushion Babushka Pink,6.19,7,15439,United Kingdom,43.33
581439,12/8/2019,22456,Natural Slate Chalkboard Large,6.19,1,15439,United Kingdom,6.19
581439,12/8/2019,22457,Natural Slate Heart Chalkboard,6.19,8,15439,United Kingdom,49.52
581439,12/8/2019,22464,Hanging Metal Heart Lantern,6.19,1,15439,United Kingdom,6.19
581439,12/8/2019,22466,Fairy Tale Cottage Night Light,6.19,2,15439,United Kingdom,12.38
581439,12/8/2019,22475,Skull Design Tv Dinner Tray,6.19,2,15439,United Kingdom,12.38
581439,12/8/2019,22477,Watering Can Garden Marker,6.19,1,15439,United Kingdom,6.19
581439,12/8/2019,22478,Birdhouse Garden Marker,6.19,1,15439,United Kingdom,6.19
581439,12/8/2019,22479,Daisy Garden Marker,6.19,7,15439,United Kingdom,43.33
581439,12/8/2019,22483,Red Gingham Teddy Bear,6.19,1,15439,United Kingdom,6.19
581439,12/8/2019,22489,Pack Of 12 Traditional Crayons,6.19,2,15439,United Kingdom,12.38
581439,12/8/2019,22495,Set Of 2 Round Tins Camembert,6.19,1,15439,United Kingdom,6.19
581439,12/8/2019,22508,Doorstop Retrospot Heart,6.19,1,15439,United Kingdom,6.19
581439,12/8/2019,22514,Childs Garden Spade Blue,6.19,1,15439,United Kingdom,6.19
581439,12/8/2019,22516,Childs Garden Rake Blue,6.04,1,15439,United Kingdom,6.04
581439,12/8/2019,22549,Picture Dominoes,6.19,2,15439,United Kingdom,12.38
581439,12/8/2019,22551,Plasters In Tin Spaceboy,6.19,1,15439,United Kingdom,6.19
581439,12/8/2019,22553,Plasters In Tin Skulls,6.19,1,15439,United Kingdom,6.19
581439,12/8/2019,22554,Plasters In Tin Woodland Animals,6.19,2,15439,United Kingdom,12.38
581439,12/8/2019,22557,Plasters In Tin Vintage Paisley,6.19,1,15439,United Kingdom,6.19
581439,12/8/2019,22558,Clothes Pegs Retrospot Pack 24,6.19,1,15439,United Kingdom,6.19
581439,12/8/2019,22560,Traditional Modelling Clay,6.19,1,15439,United Kingdom,6.19
581439,12/8/2019,22563,Happy Stencil Craft,6.19,2,15439,United Kingdom,12.38
581439,12/8/2019,22565,Feltcraft Hairbands Pink And White,6.19,2,15439,United Kingdom,12.38
581439,12/8/2019,22566,Feltcraft Hairband Pink And Purple,6.19,1,15439,United Kingdom,6.19
581439,12/8/2019,22571,Rocking Horse Red Christmas,6.19,4,15439,United Kingdom,24.76
581439,12/8/2019,22573,Star Wooden Christmas Decoration,6.19,5,15439,United Kingdom,30.95
581439,12/8/2019,22574,Heart Wooden Christmas Decoration,6.19,3,15439,United Kingdom,18.57
581439,12/8/2019,22576,Swallow Wooden Christmas Decoration,6.19,2,15439,United Kingdom,12.38
581439,12/8/2019,22577,Wooden Heart Christmas Scandinavian,6.19,33,15439,United Kingdom,204.27
581439,12/8/2019,22578,Wooden Star Christmas Scandinavian,6.19,43,15439,United Kingdom,266.17
581439,12/8/2019,22580,Advent Calendar Gingham Sack,6.19,2,15439,United Kingdom,12.38
581439,12/8/2019,22581,Wood Stocking Christmas Scandispot,6.19,22,15439,United Kingdom,136.18
581439,12/8/2019,22583,Pack Of 6 Handbag Gift Boxes,6.19,1,15439,United Kingdom,6.19
581439,12/8/2019,22585,Pack Of 6 Birdy Gift Tags,6.19,3,15439,United Kingdom,18.57
581439,12/8/2019,22586,Feltcraft Hairband Pink And Blue,6.19,1,15439,United Kingdom,6.19
581439,12/8/2019,22587,Feltcraft Hairband Red And Blue,6.04,1,15439,United Kingdom,6.04
581439,12/8/2019,22588,Card Holder Gingham Heart,6.04,1,15439,United Kingdom,6.04
581439,12/8/2019,22592,Cardholder Holly Wreath Metal,6.19,2,15439,United Kingdom,12.38
581439,12/8/2019,22593,Christmas Gingham Star,6.19,8,15439,United Kingdom,49.52
581439,12/8/2019,22594,Christmas Gingham Tree,6.19,3,15439,United Kingdom,18.57
581439,12/8/2019,22596,Christmas Star Wish List Chalkboard,6.19,1,15439,United Kingdom,6.19
581439,12/8/2019,22597,Musical Zinc Heart Decoration,6.19,4,15439,United Kingdom,24.76
581439,12/8/2019,22598,Christmas Musical Zinc Tree,6.19,2,15439,United Kingdom,12.38
581439,12/8/2019,22599,Christmas Musical Zinc Star,6.19,9,15439,United Kingdom,55.71
581439,12/8/2019,22600,Christmas Retrospot Star Wood,6.19,2,15439,United Kingdom,12.38
581439,12/8/2019,22601,Christmas Retrospot Angel Wood,6.19,1,15439,United Kingdom,6.19
581439,12/8/2019,22603,Christmas Retrospot Tree Wood,6.19,1,15439,United Kingdom,6.19
581439,12/8/2019,22608,Pens Assorted Funky Jeweled,6.19,4,15439,United Kingdom,24.76
581439,12/8/2019,22616,Pack Of 12 London Tissues,6.19,2,15439,United Kingdom,12.38
581439,12/8/2019,22617,Baking Set Spaceboy Design,6.19,1,15439,United Kingdom,6.19
581439,12/8/2019,22619,Set Of 6 Soldier Skittles,6.19,2,15439,United Kingdom,12.38
581439,12/8/2019,22620,4 Traditional Spinning Tops,6.19,4,15439,United Kingdom,24.76
581439,12/8/2019,22621,Traditional Knitting Nancy,6.19,3,15439,United Kingdom,18.57
581439,12/8/2019,22624,Ivory Kitchen Scales,6.19,1,15439,United Kingdom,6.19
581439,12/8/2019,22630,Dolly Girl Lunch Box,6.19,3,15439,United Kingdom,18.57
581439,12/8/2019,22632,Hand Warmer Red Retrospot,6.19,1,15439,United Kingdom,6.19
581439,12/8/2019,22633,Hand Warmer Union Jack,6.19,1,15439,United Kingdom,6.19
581439,12/8/2019,22653,Button Box,6.19,13,15439,United Kingdom,80.47
581439,12/8/2019,22659,Lunch Box I Love London,6.19,1,15439,United Kingdom,6.19
581439,12/8/2019,22661,Charlotte Bag Dolly Girl Design,6.19,1,15439,United Kingdom,6.19
581439,12/8/2019,22666,Recipe Box Pantry Yellow Design,6.19,6,15439,United Kingdom,37.14
581439,12/8/2019,22670,French Wc Sign Blue Metal,6.19,1,15439,United Kingdom,6.19
581439,12/8/2019,22671,French Laundry Sign Blue Metal,6.19,1,15439,United Kingdom,6.19
581439,12/8/2019,22674,French Toilet Sign Blue Metal,7.24,1,15439,United Kingdom,7.24
581439,12/8/2019,22675,French Kitchen Sign Blue Metal,7.24,1,15439,United Kingdom,7.24
581439,12/8/2019,22676,French Blue Metal Door Sign 1,7.24,1,15439,United Kingdom,7.24
581439,12/8/2019,22678,French Blue Metal Door Sign 3,7.24,1,15439,United Kingdom,7.24
581439,12/8/2019,22679,French Blue Metal Door Sign 4,7.24,1,15439,United Kingdom,7.24
581439,12/8/2019,22685,French Blue Metal Door Sign 0,7.24,1,15439,United Kingdom,7.24
581439,12/8/2019,22693,Grow A Flytrap Or Sunflower In Tin,7.24,1,15439,United Kingdom,7.24
581439,12/8/2019,22694,Wicker Star,7.24,1,15439,United Kingdom,7.24
581439,12/8/2019,22698,Pink Regency Teacup And Saucer,7.24,3,15439,United Kingdom,21.72
581439,12/8/2019,22699,Roses Regency Teacup And Saucer,7.24,6,15439,United Kingdom,43.44
581439,12/8/2019,22701,Pink Dog Bowl,7.24,2,15439,United Kingdom,14.48
581439,12/8/2019,22703,Pink Cat Bowl,7.24,2,15439,United Kingdom,14.48
581439,12/8/2019,22716,Card Circus Parade,7.24,2,15439,United Kingdom,14.48
581439,12/8/2019,22720,Set Of 3 Cake Tins Pantry Design,7.24,2,15439,United Kingdom,14.48
581439,12/8/2019,22722,Set Of 6 Spice Tins Pantry Design,7.24,3,15439,United Kingdom,21.72
581439,12/8/2019,22725,Alarm Clock Bakelike Chocolate,7.24,1,15439,United Kingdom,7.24
581439,12/8/2019,22726,Alarm Clock Bakelike Green,7.24,2,15439,United Kingdom,14.48
581439,12/8/2019,22727,Alarm Clock Bakelike Red,7.24,1,15439,United Kingdom,7.24
581439,12/8/2019,22730,Alarm Clock Bakelike Ivory,6.19,1,15439,United Kingdom,6.19
581439,12/8/2019,22738,Ribbon Reel Snowy Village,7.24,1,15439,United Kingdom,7.24
581439,12/8/2019,22739,Ribbon Reel Christmas Sock Bauble,7.24,1,15439,United Kingdom,7.24
581439,12/8/2019,22741,Funky Diva Pen,7.24,3,15439,United Kingdom,21.72
581439,12/8/2019,22743,Make Your Own Flowerpower Card Kit,7.24,1,15439,United Kingdom,7.24
581439,12/8/2019,22746,Poppy's Playhouse Livingroom,7.24,2,15439,United Kingdom,14.48
581439,12/8/2019,22747,Poppy's Playhouse Bathroom,7.24,1,15439,United Kingdom,7.24
581439,12/8/2019,22748,Poppy's Playhouse Kitchen,7.24,1,15439,United Kingdom,7.24
581439,12/8/2019,22749,Feltcraft Princess Charlotte Doll,7.24,1,15439,United Kingdom,7.24
581439,12/8/2019,22754,Small Red Babushka Notebook,7.24,3,15439,United Kingdom,21.72
581439,12/8/2019,22755,Small Purple Babushka Notebook,7.24,2,15439,United Kingdom,14.48
581439,12/8/2019,22756,Large Yellow Babushka Notebook,7.24,2,15439,United Kingdom,14.48
581439,12/8/2019,22758,Large Purple Babushka Notebook,7.24,2,15439,United Kingdom,14.48
581439,12/8/2019,22763,Key Cabinet Ma Campagne,7.24,1,15439,United Kingdom,7.24
581439,12/8/2019,22775,Purple Drawerknob Acrylic Edwardian,7.24,10,15439,United Kingdom,72.4
581439,12/8/2019,22781,Gumball Magazine Rack,7.24,1,15439,United Kingdom,7.24
581439,12/8/2019,22791,T-Light Glass Fluted Antique,7.24,9,15439,United Kingdom,65.16
581439,12/8/2019,22792,Fluted Antique Candle Holder,6.19,4,15439,United Kingdom,24.76
581439,12/8/2019,22795,Sweetheart Recipe Book Stand,6.04,1,15439,United Kingdom,6.04
581439,12/8/2019,22798,Antique Glass Dressing Table Pot,6.19,2,15439,United Kingdom,12.38
581439,12/8/2019,22800,Antique Tall Swirlglass Trinket Pot,6.19,1,15439,United Kingdom,6.19
581439,12/8/2019,22801,Antique Glass Pedestal Bowl,6.19,1,15439,United Kingdom,6.19
581439,12/8/2019,22807,Set Of 6 T-Lights Toadstools,6.19,2,15439,United Kingdom,12.38
581439,12/8/2019,22811,Set Of 6 T-Lights Cacti,6.19,1,15439,United Kingdom,6.19
581439,12/8/2019,22815,Card Psychedelic Apples,6.19,7,15439,United Kingdom,43.33
581439,12/8/2019,22816,Card Motorbike Santa,6.19,21,15439,United Kingdom,129.99
581439,12/8/2019,22818,Card Christmas Village,6.19,10,15439,United Kingdom,61.9
581439,12/8/2019,22835,Hot Water Bottle I Am So Poorly,6.19,2,15439,United Kingdom,12.38
581439,12/8/2019,22865,Hand Warmer Owl Design,6.19,8,15439,United Kingdom,49.52
581439,12/8/2019,22867,Hand Warmer Bird Design,6.19,5,15439,United Kingdom,30.95
581439,12/8/2019,22899,Children's Apron Dolly Girl,6.19,3,15439,United Kingdom,18.57
581439,12/8/2019,22900,Set 2 Tea Towels I Love London,6.19,1,15439,United Kingdom,6.19
581439,12/8/2019,22902,Tote Bag I Love London,6.19,2,15439,United Kingdom,12.38
581439,12/8/2019,22903,Calendar Family Favourites,6.19,2,15439,United Kingdom,12.38
581439,12/8/2019,22905,Calendar In Season Design,6.19,3,15439,United Kingdom,18.57
581439,12/8/2019,22907,Pack Of 20 Napkins Pantry Design,6.19,5,15439,United Kingdom,30.95
581439,12/8/2019,22909,Set Of 20 Vintage Christmas Napkins,6.19,7,15439,United Kingdom,43.33
581439,12/8/2019,22910,Paper Chain Kit Vintage Christmas,6.19,11,15439,United Kingdom,68.09
581439,12/8/2019,22916,Herb Marker Thyme,6.19,2,15439,United Kingdom,12.38
581439,12/8/2019,22917,Herb Marker Rosemary,6.19,2,15439,United Kingdom,12.38
581439,12/8/2019,22918,Herb Marker Parsley,6.19,2,15439,United Kingdom,12.38
581439,12/8/2019,22919,Herb Marker Mint,6.19,2,15439,United Kingdom,12.38
581439,12/8/2019,22920,Herb Marker Basil,7.24,2,15439,United Kingdom,14.48
581439,12/8/2019,22921,Herb Marker Chives,7.24,2,15439,United Kingdom,14.48
581439,12/8/2019,22938,Cupcake Lace Paper Set 6,6.19,1,15439,United Kingdom,6.19
581439,12/8/2019,22941,Christmas Lights 10 Reindeer,6.19,2,15439,United Kingdom,12.38
581439,12/8/2019,22942,Christmas Lights 10 Santas,6.04,1,15439,United Kingdom,6.04
581439,12/8/2019,22943,Christmas Lights 10 Vintage Baubles,6.04,1,15439,United Kingdom,6.04
581439,12/8/2019,22951,60 Cake Cases Dolly Girl Design,6.04,2,15439,United Kingdom,12.08
581439,12/8/2019,22952,60 Cake Cases Vintage Christmas,6.19,3,15439,United Kingdom,18.57
581439,12/8/2019,22960,Jam Making Set With Jars,6.19,3,15439,United Kingdom,18.57
581439,12/8/2019,22961,Jam Making Set Printed,6.19,11,15439,United Kingdom,68.09
581439,12/8/2019,22963,Jam Jar With Green Lid,6.19,3,15439,United Kingdom,18.57
581439,12/8/2019,22964,3 Piece Spaceboy Cookie Cutter Set,6.19,1,15439,United Kingdom,6.19
581439,12/8/2019,22965,3 Traditional Biscuit Cutters Set,6.19,1,15439,United Kingdom,6.19
581439,12/8/2019,22966,Gingerbread Man Cookie Cutter,6.19,4,15439,United Kingdom,24.76
581439,12/8/2019,22968,Rose Cottage Keepsake Box,6.19,1,15439,United Kingdom,6.19
581439,12/8/2019,22969,Homemade Jam Scented Candles,6.19,3,15439,United Kingdom,18.57
581439,12/8/2019,22978,Pantry Rolling Pin,6.19,4,15439,United Kingdom,24.76
581439,12/8/2019,22979,Pantry Washing Up Brush,6.19,2,15439,United Kingdom,12.38
581439,12/8/2019,22982,Pantry Pastry Brush,6.19,3,15439,United Kingdom,18.57
581439,12/8/2019,22988,Soldiers Egg Cup,6.19,3,15439,United Kingdom,18.57
581439,12/8/2019,22989,Set 2 Pantry Design Tea Towels,6.19,1,15439,United Kingdom,6.19
581439,12/8/2019,22992,Revolver Wooden Ruler,6.19,1,15439,United Kingdom,6.19
581439,12/8/2019,22993,Set Of 4 Pantry Jelly Moulds,6.19,1,15439,United Kingdom,6.19
581439,12/8/2019,22995,Travel Card Wallet Suki,6.19,1,15439,United Kingdom,6.19
581439,12/8/2019,22996,Travel Card Wallet Vintage Ticket,6.19,6,15439,United Kingdom,37.14
581439,12/8/2019,22997,Travel Card Wallet Union Jack,6.19,1,15439,United Kingdom,6.19
581439,12/8/2019,22998,Travel Card Wallet Keep Calm,6.04,2,15439,United Kingdom,12.08
581439,12/8/2019,22999,Travel Card Wallet Vintage Leaf,6.19,1,15439,United Kingdom,6.19
581439,12/8/2019,23000,Travel Card Wallet Transport,6.19,4,15439,United Kingdom,24.76
581439,12/8/2019,23004,Travel Card Wallet Pantry,6.19,1,15439,United Kingdom,6.19
581439,12/8/2019,23005,Travel Card Wallet I Love London,6.19,1,15439,United Kingdom,6.19
581439,12/8/2019,23006,Travel Card Wallet Flower Meadow,6.04,3,15439,United Kingdom,18.12
581439,12/8/2019,23007,Spaceboy Baby Gift Set,6.19,1,15439,United Kingdom,6.19
581439,12/8/2019,23008,Dolly Girl Baby Gift Set,6.19,1,15439,United Kingdom,6.19
581439,12/8/2019,23035,Drawer Knob Ceramic Ivory,6.19,1,15439,United Kingdom,6.19
581439,12/8/2019,23048,Set Of 10 Lanterns Fairy Light Star,6.19,1,15439,United Kingdom,6.19
581439,12/8/2019,23051,Recycled Acapulco Mat Blue,6.19,1,15439,United Kingdom,6.19
581439,12/8/2019,23054,Recycled Acapulco Mat Lavender,6.19,1,15439,United Kingdom,6.19
581439,12/8/2019,23074,Embossed Heart Trinket Box,6.19,4,15439,United Kingdom,24.76
581439,12/8/2019,23077,Doughnut Lip Gloss,6.19,1,15439,United Kingdom,6.19
581439,12/8/2019,23081,Green Metal Box Army Supplies,6.19,1,15439,United Kingdom,6.19
581439,12/8/2019,23084,Rabbit Night Light,6.19,32,15439,United Kingdom,198.08
581439,12/8/2019,23088,Zinc Heart Flower T-Light Holder,6.19,5,15439,United Kingdom,30.95
581439,12/8/2019,23089,Glass Bon Bon Jar,6.19,7,15439,United Kingdom,43.33
581439,12/8/2019,23092,Large Antique White Photo Frame,6.04,2,15439,United Kingdom,12.08
581439,12/8/2019,23093,Small Parisienne Heart Photo Frame,6.04,3,15439,United Kingdom,18.12
581439,12/8/2019,23096,Petit Tray Chic,6.04,1,15439,United Kingdom,6.04
581439,12/8/2019,23100,Silver Bells Table Decoration,6.04,1,15439,United Kingdom,6.04
581439,12/8/2019,23109,Pack Of Six Led Tea Lights,6.04,1,15439,United Kingdom,6.04
581439,12/8/2019,23110,Parisienne Key Cabinet,6.04,1,15439,United Kingdom,6.04
581439,12/8/2019,23118,Parisienne Jewellery Drawer,6.19,2,15439,United Kingdom,12.38
581439,12/8/2019,23163,Regency Sugar Tongs,6.19,1,15439,United Kingdom,6.19
581439,12/8/2019,23165,Large Ceramic Top Storage Jar,6.19,4,15439,United Kingdom,24.76
581439,12/8/2019,23166,Medium Ceramic Top Storage Jar,6.19,2,15439,United Kingdom,12.38
581439,12/8/2019,23167,Small Ceramic Top Storage Jar,6.19,5,15439,United Kingdom,30.95
581439,12/8/2019,23168,Classic Cafe Sugar Dispenser,6.19,2,15439,United Kingdom,12.38
581439,12/8/2019,23173,Regency Teapot Roses,6.19,1,15439,United Kingdom,6.19
581439,12/8/2019,23176,Abc Treasure Book Box,6.19,1,15439,United Kingdom,6.19
581439,12/8/2019,23183,Mother's Kitchen Spoon Rest,6.19,1,15439,United Kingdom,6.19
581439,12/8/2019,23184,Bull Dog Bottle Opener,6.19,1,15439,United Kingdom,6.19
581439,12/8/2019,23188,Vintage 2 Metre Folding Ruler,6.19,5,15439,United Kingdom,30.95
581439,12/8/2019,23189,Set Of 12 Fork Candles,6.19,1,15439,United Kingdom,6.19
581439,12/8/2019,23196,Vintage Leaf Magnetic Notepad,6.19,1,15439,United Kingdom,6.19
581439,12/8/2019,23198,Pantry Magnetic Shopping List,6.19,3,15439,United Kingdom,18.57
581439,12/8/2019,23204,Charlotte Bag Apples Design,6.19,3,15439,United Kingdom,18.57
581439,12/8/2019,23205,Charlotte Bag Vintage Alphabet,6.19,3,15439,United Kingdom,18.57
581439,12/8/2019,23210,White Rocking Horse Hand Painted,6.19,2,15439,United Kingdom,12.38
581439,12/8/2019,23211,Red Rocking Horse Hand Painted,6.19,3,15439,United Kingdom,18.57
581439,12/8/2019,23212,Heart Wreath Decoration With Bell,6.19,3,15439,United Kingdom,18.57
581439,12/8/2019,23213,Star Wreath Decoration With Bell,6.19,3,15439,United Kingdom,18.57
581439,12/8/2019,23220,Reindeer Heart Decoration Gold,6.19,3,15439,United Kingdom,18.57
581439,12/8/2019,23221,Reindeer Heart Decoration Silver,6.19,2,15439,United Kingdom,12.38
581439,12/8/2019,23223,Christmas Tree Hanging Silver,6.19,3,15439,United Kingdom,18.57
581439,12/8/2019,23225,Cherub Heart Decoration Silver,6.19,3,15439,United Kingdom,18.57
581439,12/8/2019,23228,Filigree Heart Bird White,6.19,2,15439,United Kingdom,12.38
581439,12/8/2019,23229,Vintage Donkey Tail Game,6.19,1,15439,United Kingdom,6.19
581439,12/8/2019,23234,Biscuit Tin Vintage Christmas,6.19,1,15439,United Kingdom,6.19
581439,12/8/2019,23236,Storage Tin Vintage Doily,6.19,2,15439,United Kingdom,12.38
581439,12/8/2019,23241,Treasure Tin Gymkhana Design,6.19,4,15439,United Kingdom,24.76
581439,12/8/2019,23244,Round Storage Tin Vintage Leaf,6.19,1,15439,United Kingdom,6.19
581439,12/8/2019,23245,Set Of 3 Regency Cake Tins,6.19,2,15439,United Kingdom,12.38
581439,12/8/2019,23247,Biscuit Tin 50'S Christmas,6.19,1,15439,United Kingdom,6.19
581439,12/8/2019,23263,Set Of 3 Wooden Heart Decorations,7.24,8,15439,United Kingdom,57.92
581439,12/8/2019,23264,Set Of 3 Wooden Sleigh Decorations,7.24,5,15439,United Kingdom,36.2
581439,12/8/2019,23265,Set Of 3 Wooden Tree Decorations,7.24,5,15439,United Kingdom,36.2
581439,12/8/2019,23266,Set Of 3 Wooden Stocking Decoration,7.24,4,15439,United Kingdom,28.96
581439,12/8/2019,23273,Heart T-Light Holder Willie Winkie,7.24,1,15439,United Kingdom,7.24
581439,12/8/2019,23274,Star T-Light Holder Willie Winkie,7.24,2,15439,United Kingdom,14.48
581439,12/8/2019,23275,Set Of 3 Hanging Owls Ollie Beak,7.24,1,15439,United Kingdom,7.24
581439,12/8/2019,23291,Dolly Girl Childrens Cup,7.24,1,15439,United Kingdom,7.24
581439,12/8/2019,23292,Spaceboy Childrens Cup,7.24,1,15439,United Kingdom,7.24
581439,12/8/2019,23293,Set Of 12 Fairy Cake Baking Cases,7.24,7,15439,United Kingdom,50.68
581439,12/8/2019,23294,Set Of 6 Snack Loaf Baking Cases,7.24,1,15439,United Kingdom,7.24
581439,12/8/2019,23295,Set Of 12 Mini Loaf Baking Cases,7.24,1,15439,United Kingdom,7.24
581439,12/8/2019,23296,Set Of 6 Tea Time Baking Cases,7.24,1,15439,United Kingdom,7.24
581439,12/8/2019,23298,Spotty Bunting,7.24,1,15439,United Kingdom,7.24
581439,12/8/2019,23299,Food Cover With Beads Set 2,7.24,1,15439,United Kingdom,7.24
581439,12/8/2019,23300,Gardeners Kneeling Pad Cup Of Tea,7.24,2,15439,United Kingdom,14.48
581439,12/8/2019,23301,Gardeners Kneeling Pad Keep Calm,7.24,6,15439,United Kingdom,43.44
581439,12/8/2019,23302,Kneeling Mat Housework Design,7.24,2,15439,United Kingdom,14.48
581439,12/8/2019,23307,Set Of 60 Pantry Design Cake Cases,7.24,1,15439,United Kingdom,7.24
581439,12/8/2019,23309,Set Of 60 I Love London Cake Cases,7.24,1,15439,United Kingdom,7.24
581439,12/8/2019,23311,Vintage Christmas Stocking,7.24,1,15439,United Kingdom,7.24
581439,12/8/2019,23312,Vintage Christmas Gift Sack,7.24,1,15439,United Kingdom,7.24
581439,12/8/2019,23313,Vintage Christmas Bunting,6.19,2,15439,United Kingdom,12.38
581439,12/8/2019,23315,Ivory Refectory Clock,6.19,2,15439,United Kingdom,12.38
581439,12/8/2019,23317,Blue Refectory Clock,6.19,1,15439,United Kingdom,6.19
581439,12/8/2019,23318,Box Of 6 Mini Vintage Crackers,6.19,2,15439,United Kingdom,12.38
581439,12/8/2019,23323,White Wicker Star,6.19,8,15439,United Kingdom,49.52
581439,12/8/2019,23326,Hanging Mini Coloured Bottles,6.19,1,15439,United Kingdom,6.19
581439,12/8/2019,23328,Set 6 School Milk Bottles In Crate,6.19,10,15439,United Kingdom,61.9
581439,12/8/2019,23331,Decorative Wicker Heart Small,6.19,3,15439,United Kingdom,18.57
581439,12/8/2019,23343,Jumbo Bag Vintage Christmas,6.19,9,15439,United Kingdom,55.71
581439,12/8/2019,23344,Jumbo Bag 50'S Christmas,6.19,17,15439,United Kingdom,105.23
581439,12/8/2019,23581,Jumbo Bag Paisley Park,6.19,1,15439,United Kingdom,6.19
581439,12/8/2019,85099B,Jumbo Bag Red Retrospot,6.19,1,15439,United Kingdom,6.19
581439,12/8/2019,85099C,Jumbo Bag Baroque Black White,6.19,1,15439,United Kingdom,6.19
581439,12/8/2019,85099F,Jumbo Bag Strawberry,6.19,1,15439,United Kingdom,6.19
581439,12/8/2019,20712,Jumbo Bag Woodland Animals,6.19,1,15439,United Kingdom,6.19
581439,12/8/2019,20713,Jumbo Bag Owls,7.24,1,15439,United Kingdom,7.24
581439,12/8/2019,22385,Jumbo Bag Spaceboy Design,6.19,2,15439,United Kingdom,12.38
581439,12/8/2019,22386,Jumbo Bag Pink Polkadot,6.19,2,15439,United Kingdom,12.38
581439,12/8/2019,22663,Jumbo Bag Dolly Girl Design,6.19,2,15439,United Kingdom,12.38
581439,12/8/2019,23199,Jumbo Bag Apples,6.19,1,15439,United Kingdom,6.19
581439,12/8/2019,23200,Jumbo Bag Pears,6.19,1,15439,United Kingdom,6.19
581439,12/8/2019,23201,Jumbo Bag Alphabet,6.19,1,15439,United Kingdom,6.19
581439,12/8/2019,23202,Jumbo Bag Vintage Leaf,6.19,1,15439,United Kingdom,6.19
581439,12/8/2019,23203,Jumbo Bag Vintage Doily,6.19,2,15439,United Kingdom,12.38
581439,12/8/2019,23583,Lunch Bag Paisley Park,6.19,6,15439,United Kingdom,37.14
581439,12/8/2019,20725,Lunch Bag Red Retrospot,7.24,3,15439,United Kingdom,21.72
581439,12/8/2019,20727,Lunch Bag Black Skull,7.24,2,15439,United Kingdom,14.48
581439,12/8/2019,20728,Lunch Bag Cars Blue,7.24,3,15439,United Kingdom,21.72
581439,12/8/2019,22382,Lunch Bag Spaceboy Design,6.19,2,15439,United Kingdom,12.38
581439,12/8/2019,22384,Lunch Bag Pink Polkadot,6.19,3,15439,United Kingdom,18.57
581439,12/8/2019,22662,Lunch Bag Dolly Girl Design,6.19,1,15439,United Kingdom,6.19
581439,12/8/2019,23206,Lunch Bag Apple Design,6.19,4,15439,United Kingdom,24.76
581439,12/8/2019,23209,Lunch Bag Vintage Doily,6.19,1,15439,United Kingdom,6.19
581439,12/8/2019,22821,Gift Bag Psychedelic Apples,6.19,2,15439,United Kingdom,12.38
581442,12/8/2019,22607,Wooden Rounders Garden Set,6.19,8,13536,United Kingdom,49.52
581442,12/8/2019,23284,Doormat Keep Calm And Come In,6.19,10,13536,United Kingdom,61.9
581442,12/8/2019,23313,Vintage Christmas Bunting,6.19,5,13536,United Kingdom,30.95
581442,12/8/2019,23314,Vintage Christmas Tablecloth,6.04,2,13536,United Kingdom,12.08
581442,12/8/2019,23523,Wall Art Treasure Ahoy,6.19,6,13536,United Kingdom,37.14
581442,12/8/2019,23524,Wall Art Horse & Pony,6.19,6,13536,United Kingdom,37.14
581442,12/8/2019,23525,Wall Art Buffalo Bill,6.19,6,13536,United Kingdom,37.14
581442,12/8/2019,23527,Wall Art Animals And Nature,6.19,6,13536,United Kingdom,37.14
581442,12/8/2019,48138,Doormat Union Flag,6.19,10,13536,United Kingdom,61.9
581443,12/8/2019,21111,Swiss Roll Towel Chocolate Spots,6.19,24,13026,United Kingdom,148.56
581443,12/8/2019,22182,Cake Stand Victorian Filigree Small,6.19,24,13026,United Kingdom,148.56
581443,12/8/2019,22393,Paperweight Vintage Collage,6.19,36,13026,United Kingdom,222.84
581443,12/8/2019,22395,Paperweight Vintage Paisley,6.19,36,13026,United Kingdom,222.84
581443,12/8/2019,22546,Mini Jigsaw Purdey,6.19,48,13026,United Kingdom,297.12
581443,12/8/2019,22547,Mini Jigsaw Dinosaur,6.19,48,13026,United Kingdom,297.12
581443,12/8/2019,22644,Ceramic Cherry Cake Money Bank,6.19,72,13026,United Kingdom,445.68
581443,12/8/2019,22753,Small Yellow Babushka Notebook,6.19,24,13026,United Kingdom,148.56
581443,12/8/2019,22755,Small Purple Babushka Notebook,6.19,24,13026,United Kingdom,148.56
581443,12/8/2019,22756,Large Yellow Babushka Notebook,6.19,12,13026,United Kingdom,74.28
581443,12/8/2019,22758,Large Purple Babushka Notebook,6.19,12,13026,United Kingdom,74.28
581443,12/8/2019,72800E,4 Ivory Dinner Candles Silver Flock,6.19,36,13026,United Kingdom,222.84
581443,12/8/2019,90086,Crystal Frog Phone Charm,6.19,48,13026,United Kingdom,297.12
581443,12/8/2019,90087,Crystal Sea Horse Phone Charm,6.19,48,13026,United Kingdom,297.12
581445,12/8/2019,21284,Retrospot Candle Small,6.19,12,17405,United Kingdom,74.28
581445,12/8/2019,21285,Retrospot Candle Medium,6.19,12,17405,United Kingdom,74.28
581445,12/8/2019,21411,Gingham Heart Doorstop Red,6.19,8,17405,United Kingdom,49.52
581445,12/8/2019,21519,Gin & Tonic Diet Greeting Card,6.19,12,17405,United Kingdom,74.28
581445,12/8/2019,22216,T-Light Holder White Lace,6.19,24,17405,United Kingdom,148.56
581445,12/8/2019,22217,T-Light Holder Hanging Lace,6.04,12,17405,United Kingdom,72.48
581445,12/8/2019,22398,Magnets Pack Of 4 Swallows,6.04,12,17405,United Kingdom,72.48
581445,12/8/2019,22460,Embossed Glass Tealight Holder,6.04,12,17405,United Kingdom,72.48
581445,12/8/2019,22509,Sewing Box Retrospot Design,6.19,4,17405,United Kingdom,24.76
581445,12/8/2019,23483,Hanging Butterfly T-Light Holder,6.19,12,17405,United Kingdom,74.28
581445,12/8/2019,23694,Paisley Park Card,6.19,12,17405,United Kingdom,74.28
581445,12/8/2019,23695,Doily Thank You Card,6.19,12,17405,United Kingdom,74.28
581445,12/8/2019,82486,3 Drawer Antique White Wood Cabinet,6.19,4,17405,United Kingdom,24.76
581445,12/8/2019,84755,Colour Glass T-Light Holder Hanging,6.19,16,17405,United Kingdom,99.04
581448,12/8/2019,21535,Red Retrospot Small Milk Jug,6.19,6,15208,United Kingdom,37.14
581448,12/8/2019,22193,Red Diner Wall Clock,6.19,4,15208,United Kingdom,24.76
581448,12/8/2019,22619,Set Of 6 Soldier Skittles,6.19,8,15208,United Kingdom,49.52
581448,12/8/2019,22625,Red Kitchen Scales,6.19,2,15208,United Kingdom,12.38
581448,12/8/2019,22626,Black Kitchen Scales,6.19,2,15208,United Kingdom,12.38
581448,12/8/2019,23080,Red Metal Box Top Secret,6.19,6,15208,United Kingdom,37.14
581448,12/8/2019,20978,36 Pencils Tube Skulls,6.19,16,15208,United Kingdom,99.04
581448,12/8/2019,21217,Red Retrospot Round Cake Tins,6.19,1,15208,United Kingdom,6.19
581448,12/8/2019,21533,Retrospot Large Milk Jug,6.19,3,15208,United Kingdom,18.57
581449,12/8/2019,23485,Botanical Gardens Wall Clock,6.19,1,12748,United Kingdom,6.19
581449,12/8/2019,23462,Rococo Wall Mirror White,6.19,1,12748,United Kingdom,6.19
581449,12/8/2019,23407,Set Of 2 Trays Home Sweet Home,6.19,2,12748,United Kingdom,12.38
581449,12/8/2019,22423,Regency Cakestand 3 Tier,6.19,1,12748,United Kingdom,6.19
581449,12/8/2019,22423,Regency Cakestand 3 Tier,6.19,1,12748,United Kingdom,6.19
581449,12/8/2019,22703,Pink Cat Bowl,6.19,1,12748,United Kingdom,6.19
581449,12/8/2019,22674,French Toilet Sign Blue Metal,6.19,1,12748,United Kingdom,6.19
581449,12/8/2019,23083,Set 6 Paper Table Lantern Stars,6.19,2,12748,United Kingdom,12.38
581449,12/8/2019,23439,Hand Warmer Red Love Heart,6.19,1,12748,United Kingdom,6.19
581449,12/8/2019,22865,Hand Warmer Owl Design,6.19,1,12748,United Kingdom,6.19
581449,12/8/2019,22633,Hand Warmer Union Jack,6.19,1,12748,United Kingdom,6.19
581449,12/8/2019,22727,Alarm Clock Bakelike Red,6.19,1,12748,United Kingdom,6.19
581449,12/8/2019,23503,Playing Cards Keep Calm & Carry On,6.19,1,12748,United Kingdom,6.19
581449,12/8/2019,23357,Hot Water Bottle Sex Bomb,6.19,1,12748,United Kingdom,6.19
581449,12/8/2019,85135C,Red Dragonfly Helicopter,6.19,1,12748,United Kingdom,6.19
581449,12/8/2019,21770,Open Closed Metal Sign,6.19,1,12748,United Kingdom,6.19
581449,12/8/2019,23083,Set 6 Paper Table Lantern Stars,6.19,1,12748,United Kingdom,6.19
581449,12/8/2019,23562,Set Of 6 Ribbons Perfectly Pretty,6.19,2,12748,United Kingdom,12.38
581449,12/8/2019,22109,Full English Breakfast Plate,6.04,1,12748,United Kingdom,6.04
581450,12/8/2019,22348,Tea Bag Plate Red Retrospot,6.04,2,16794,United Kingdom,12.08
581450,12/8/2019,22599,Christmas Musical Zinc Star,6.19,2,16794,United Kingdom,12.38
581450,12/8/2019,22598,Christmas Musical Zinc Tree,6.19,4,16794,United Kingdom,24.76
581450,12/8/2019,22597,Musical Zinc Heart Decoration,6.19,2,16794,United Kingdom,12.38
581450,12/8/2019,35961,Folkart Zinc Heart Christmas Dec,6.19,2,16794,United Kingdom,12.38
581450,12/8/2019,23182,Toilet Sign Occupied Or Vacant,6.19,2,16794,United Kingdom,12.38
581450,12/8/2019,21901,Key Fob Back Door,6.19,3,16794,United Kingdom,18.57
581450,12/8/2019,21809,Christmas Hanging Tree With Bell,6.19,2,16794,United Kingdom,12.38
581450,12/8/2019,23269,Set Of 2 Ceramic Christmas Trees,6.19,1,16794,United Kingdom,6.19
581450,12/8/2019,23227,Filigree Heart Butterfly White,6.19,4,16794,United Kingdom,24.76
581450,12/8/2019,22470,Heart Of Wicker Large,6.19,1,16794,United Kingdom,6.19
581450,12/8/2019,22469,Heart Of Wicker Small,6.19,3,16794,United Kingdom,18.57
581450,12/8/2019,22723,Set Of 6 Herb Tins Sketchbook,6.19,2,16794,United Kingdom,12.38
581450,12/8/2019,22118,Joy Wooden Block Letters,6.19,1,16794,United Kingdom,6.19
581450,12/8/2019,23197,Sketchbook Magnetic Shopping List,7.24,4,16794,United Kingdom,28.96
581450,12/8/2019,23198,Pantry Magnetic Shopping List,7.24,2,16794,United Kingdom,14.48
581450,12/8/2019,22118,Joy Wooden Block Letters,7.24,1,16794,United Kingdom,7.24
581450,12/8/2019,22667,Recipe Box Retrospot,6.04,1,16794,United Kingdom,6.04
581450,12/8/2019,22993,Set Of 4 Pantry Jelly Moulds,6.19,2,16794,United Kingdom,12.38
581450,12/8/2019,22119,Peace Wooden Block Letters,6.04,1,16794,United Kingdom,6.04
581450,12/8/2019,22666,Recipe Box Pantry Yellow Design,6.19,1,16794,United Kingdom,6.19
581450,12/8/2019,22723,Set Of 6 Herb Tins Sketchbook,6.19,1,16794,United Kingdom,6.19
581450,12/8/2019,22666,Recipe Box Pantry Yellow Design,6.19,2,16794,United Kingdom,12.38
581450,12/8/2019,22721,Set Of 3 Cake Tins Sketchbook,6.19,5,16794,United Kingdom,30.95
581450,12/8/2019,22475,Skull Design Tv Dinner Tray,6.04,2,16794,United Kingdom,12.08
581450,12/8/2019,21216,Set 3 Retrospot Tea/Coffee/Sugar,6.04,1,16794,United Kingdom,6.04
581450,12/8/2019,22720,Set Of 3 Cake Tins Pantry Design,6.19,3,16794,United Kingdom,18.57
581450,12/8/2019,20725,Lunch Bag Red Retrospot,6.04,1,16794,United Kingdom,6.04
581450,12/8/2019,23206,Lunch Bag Apple Design,7.24,2,16794,United Kingdom,14.48
581450,12/8/2019,23209,Lunch Bag Vintage Doily,7.24,4,16794,United Kingdom,28.96
581451,12/8/2019,21115,Rose Caravan Doorstop,6.19,8,17144,United Kingdom,49.52
581451,12/8/2019,21258,Victorian Sewing Box Large,6.19,1,17144,United Kingdom,6.19
581451,12/8/2019,21485,Retrospot Heart Hot Water Bottle,6.19,3,17144,United Kingdom,18.57
581451,12/8/2019,21523,Doormat Fancy Font Home Sweet Home,6.19,2,17144,United Kingdom,12.38
581451,12/8/2019,22030,Swallows Greeting Card,6.19,12,17144,United Kingdom,74.28
581451,12/8/2019,22111,Scottie Dog Hot Water Bottle,6.19,3,17144,United Kingdom,18.57
581451,12/8/2019,22310,Ivory Knitted Mug Cosy,6.19,6,17144,United Kingdom,37.14
581451,12/8/2019,22350,Illustrated Cat Bowl,6.19,6,17144,United Kingdom,37.14
581451,12/8/2019,22366,Doormat Airmail,6.19,2,17144,United Kingdom,12.38
581451,12/8/2019,22441,Grow Your Own Basil In Enamel Mug,6.19,8,17144,United Kingdom,49.52
581451,12/8/2019,22442,Grow Your Own Flowers Set Of 3,6.19,12,17144,United Kingdom,74.28
581451,12/8/2019,22624,Ivory Kitchen Scales,6.19,2,17144,United Kingdom,12.38
581451,12/8/2019,22627,Mint Kitchen Scales,6.19,2,17144,United Kingdom,12.38
581451,12/8/2019,22666,Recipe Box Pantry Yellow Design,6.19,6,17144,United Kingdom,37.14
581451,12/8/2019,22692,Doormat Welcome To Our Home,6.19,2,17144,United Kingdom,12.38
581451,12/8/2019,22720,Set Of 3 Cake Tins Pantry Design,6.19,3,17144,United Kingdom,18.57
581451,12/8/2019,22794,Sweetheart Wire Magazine Rack,6.19,2,17144,United Kingdom,12.38
581451,12/8/2019,22960,Jam Making Set With Jars,6.19,6,17144,United Kingdom,37.14
581451,12/8/2019,23575,Snack Tray Paisley Park,6.19,8,17144,United Kingdom,49.52
581451,12/8/2019,23576,Snack Tray Red Vintage Doily,6.19,8,17144,United Kingdom,49.52
581451,12/8/2019,23697,A Pretty Thank You Card,6.19,12,17144,United Kingdom,74.28
581451,12/8/2019,48129,Doormat Topiary,6.19,2,17144,United Kingdom,12.38
581451,12/8/2019,48187,Doormat New England,6.04,2,17144,United Kingdom,12.08
581451,12/8/2019,84029E,Red Woolly Hottie White Heart,6.19,4,17144,United Kingdom,24.76
581451,12/8/2019,23583,Lunch Bag Paisley Park,6.19,10,17144,United Kingdom,61.9
581452,12/8/2019,21175,Gin And Tonic Diet Metal Sign,6.19,24,17675,United Kingdom,148.56
581452,12/8/2019,21181,Please One Person Metal Sign,6.19,36,17675,United Kingdom,222.84
581452,12/8/2019,22075,6 Ribbons Elegant Christmas,6.19,24,17675,United Kingdom,148.56
581452,12/8/2019,22086,Paper Chain Kit 50'S Christmas,6.19,40,17675,United Kingdom,247.6
581452,12/8/2019,22191,Ivory Diner Wall Clock,6.04,2,17675,United Kingdom,12.08
581452,12/8/2019,22192,Blue Diner Wall Clock,6.19,2,17675,United Kingdom,12.38
581452,12/8/2019,22509,Sewing Box Retrospot Design,6.19,4,17675,United Kingdom,24.76
581452,12/8/2019,22633,Hand Warmer Union Jack,6.19,12,17675,United Kingdom,74.28
581452,12/8/2019,22756,Large Yellow Babushka Notebook,6.19,12,17675,United Kingdom,74.28
581452,12/8/2019,22757,Large Red Babushka Notebook,6.19,12,17675,United Kingdom,74.28
581452,12/8/2019,22866,Hand Warmer Scotty Dog Design,6.19,24,17675,United Kingdom,148.56
581452,12/8/2019,22867,Hand Warmer Bird Design,6.19,36,17675,United Kingdom,222.84
581452,12/8/2019,23356,Love Hot Water Bottle,6.19,12,17675,United Kingdom,74.28
581452,12/8/2019,23439,Hand Warmer Red Love Heart,6.19,24,17675,United Kingdom,148.56
581452,12/8/2019,23497,Classic Chrome Bicycle Bell,7.24,12,17675,United Kingdom,86.88
581452,12/8/2019,23576,Snack Tray Red Vintage Doily,7.24,8,17675,United Kingdom,57.92
581452,12/8/2019,84029E,Red Woolly Hottie White Heart,7.24,8,17675,United Kingdom,57.92
581452,12/8/2019,85123A,Cream Hanging Heart T-Light Holder,7.24,32,17675,United Kingdom,231.68
581453,12/8/2019,21980,Pack Of 12 Red Retrospot Tissues,7.24,24,16401,United Kingdom,173.76
581453,12/8/2019,21982,Pack Of 12 Suki Tissues,7.24,24,16401,United Kingdom,173.76
581453,12/8/2019,21984,Pack Of 12 Pink Paisley Tissues,7.24,24,16401,United Kingdom,173.76
581453,12/8/2019,21985,Pack Of 12 Hearts Design Tissues,7.24,24,16401,United Kingdom,173.76
581453,12/8/2019,22197,Popcorn Holder,7.24,100,16401,United Kingdom,724
581453,12/8/2019,22343,Party Pizza Dish Red Retrospot,7.24,24,16401,United Kingdom,173.76
581453,12/8/2019,22344,Party Pizza Dish Pink Polkadot,7.24,24,16401,United Kingdom,173.76
581453,12/8/2019,22345,Party Pizza Dish Blue Polkadot,7.24,24,16401,United Kingdom,173.76
581453,12/8/2019,22346,Party Pizza Dish Green Polkadot,6.19,24,16401,United Kingdom,148.56
581453,12/8/2019,22431,Watering Can Blue Elephant,6.19,6,16401,United Kingdom,37.14
581453,12/8/2019,22432,Watering Can Pink Bunny,6.19,6,16401,United Kingdom,37.14
581453,12/8/2019,22433,Watering Can Green Dinosaur,6.19,6,16401,United Kingdom,37.14
581453,12/8/2019,22555,Plasters In Tin Strongman,6.19,24,16401,United Kingdom,148.56
581453,12/8/2019,22556,Plasters In Tin Circus Parade,6.19,24,16401,United Kingdom,148.56
581453,12/8/2019,23293,Set Of 12 Fairy Cake Baking Cases,6.19,16,16401,United Kingdom,99.04
581453,12/8/2019,23310,Bubblegum Ring Assorted,6.19,36,16401,United Kingdom,222.84
581453,12/8/2019,23551,Pack Of 12 Paisley Park Tissues,6.19,24,16401,United Kingdom,148.56
581453,12/8/2019,22383,Lunch Bag Suki Design,6.19,10,16401,United Kingdom,61.9
581453,12/8/2019,23583,Lunch Bag Paisley Park,6.19,10,16401,United Kingdom,61.9
581454,12/8/2019,21890,S/6 Wooden Skittles In Cotton Bag,6.19,6,15156,United Kingdom,37.14
581454,12/8/2019,21791,Vintage Heads And Tails Card Game,6.19,12,15156,United Kingdom,74.28
581454,12/8/2019,21891,Traditional Wooden Skipping Rope,6.04,12,15156,United Kingdom,72.48
581454,12/8/2019,22605,Wooden Croquet Garden Set,6.04,3,15156,United Kingdom,18.12
581454,12/8/2019,22607,Wooden Rounders Garden Set,6.19,4,15156,United Kingdom,24.76
581454,12/8/2019,22442,Grow Your Own Flowers Set Of 3,6.19,12,15156,United Kingdom,74.28
581454,12/8/2019,22446,Pin Cushion Babushka Pink,6.19,12,15156,United Kingdom,74.28
581454,12/8/2019,22752,Set 7 Babushka Nesting Boxes,6.19,12,15156,United Kingdom,74.28
581454,12/8/2019,23552,Bicycle Puncture Repair Kit,6.19,6,15156,United Kingdom,37.14
581454,12/8/2019,23497,Classic Chrome Bicycle Bell,6.19,12,15156,United Kingdom,74.28
581455,12/8/2019,22188,Black Heart Card Holder,6.19,10,18102,United Kingdom,61.9
581455,12/8/2019,22189,Cream Heart Card Holder,6.19,10,18102,United Kingdom,61.9
581455,12/8/2019,82484,Wood Black Board Ant White Finish,6.19,12,18102,United Kingdom,74.28
581455,12/8/2019,23133,Large Ivory Heart Wall Organiser,6.19,10,18102,United Kingdom,61.9
581455,12/8/2019,23553,Landmark Frame Camden Town,6.19,10,18102,United Kingdom,61.9
581455,12/8/2019,23542,Wall Art 70'S Alphabet,6.19,12,18102,United Kingdom,74.28
581455,12/8/2019,23531,Wall Art Big Love,6.19,12,18102,United Kingdom,74.28
581455,12/8/2019,23530,Wall Art Only One Person,6.19,18,18102,United Kingdom,111.42
581455,12/8/2019,23401,Rustic Mirror With Lace Heart,6.19,18,18102,United Kingdom,111.42
581455,12/8/2019,23404,Home Sweet Home Blackboard,6.19,10,18102,United Kingdom,61.9
581455,12/8/2019,23135,Small Zinc Heart Wall Organiser,6.19,18,18102,United Kingdom,111.42
581456,12/8/2019,23331,Decorative Wicker Heart Small,6.19,6,17530,United Kingdom,37.14
581456,12/8/2019,23330,Decorative Wicker Heart Medium,6.19,1,17530,United Kingdom,6.19
581456,12/8/2019,23329,Decorative Wicker Heart Large,6.19,3,17530,United Kingdom,18.57
581456,12/8/2019,23396,Le Jardin Botanique Cushion Cover,6.19,2,17530,United Kingdom,12.38
581456,12/8/2019,35964,Folkart Clip On Stars,6.19,2,17530,United Kingdom,12.38
581456,12/8/2019,23394,Poste France Cushion Cover,6.19,2,17530,United Kingdom,12.38
581456,12/8/2019,23395,Belle Jardiniere Cushion Cover,6.19,2,17530,United Kingdom,12.38
581456,12/8/2019,21123,Set/10 Ivory Polkadot Party Candles,6.19,3,17530,United Kingdom,18.57
581456,12/8/2019,23597,Paper Bunting Paisley Park,6.19,1,17530,United Kingdom,6.19
581456,12/8/2019,84380,Set Of 3 Butterfly Cookie Cutters,6.19,2,17530,United Kingdom,12.38
581456,12/8/2019,22086,Paper Chain Kit 50'S Christmas,6.19,3,17530,United Kingdom,18.57
581456,12/8/2019,22966,Gingerbread Man Cookie Cutter,6.19,5,17530,United Kingdom,30.95
581456,12/8/2019,35964,Folkart Clip On Stars,6.19,2,17530,United Kingdom,12.38
581456,12/8/2019,22996,Travel Card Wallet Vintage Ticket,6.19,11,17530,United Kingdom,68.09
581456,12/8/2019,23005,Travel Card Wallet I Love London,6.19,10,17530,United Kingdom,61.9
581456,12/8/2019,22909,Set Of 20 Vintage Christmas Napkins,6.19,6,17530,United Kingdom,37.14
581456,12/8/2019,22998,Travel Card Wallet Keep Calm,6.19,12,17530,United Kingdom,74.28
581456,12/8/2019,23002,Travel Card Wallet Skulls,6.19,8,17530,United Kingdom,49.52
581456,12/8/2019,22994,Travel Card Wallet Retrospot,6.19,6,17530,United Kingdom,37.14
581456,12/8/2019,22995,Travel Card Wallet Suki,6.19,8,17530,United Kingdom,49.52
581456,12/8/2019,22999,Travel Card Wallet Vintage Leaf,6.19,12,17530,United Kingdom,74.28
581456,12/8/2019,22111,Scottie Dog Hot Water Bottle,6.19,4,17530,United Kingdom,24.76
581456,12/8/2019,23329,Decorative Wicker Heart Large,6.19,2,17530,United Kingdom,12.38
581456,12/8/2019,23331,Decorative Wicker Heart Small,6.19,1,17530,United Kingdom,6.19
581456,12/8/2019,23330,Decorative Wicker Heart Medium,6.19,4,17530,United Kingdom,24.76
581456,12/8/2019,84380,Set Of 3 Butterfly Cookie Cutters,6.19,1,17530,United Kingdom,6.19
581456,12/8/2019,22910,Paper Chain Kit Vintage Christmas,6.19,3,17530,United Kingdom,18.57
581456,12/8/2019,21790,Vintage Snap Cards,6.19,10,17530,United Kingdom,61.9
581456,12/8/2019,22964,3 Piece Spaceboy Cookie Cutter Set,6.19,2,17530,United Kingdom,12.38
581456,12/8/2019,23570,Traditional Pick Up Sticks Game,6.19,3,17530,United Kingdom,18.57
581456,12/8/2019,23571,Traditional Naughts & Crosses,6.19,4,17530,United Kingdom,24.76
581456,12/8/2019,21889,Wooden Box Of Dominoes,6.19,3,17530,United Kingdom,18.57
581456,12/8/2019,23569,Tradtional Alphabet Stamp Set,6.19,3,17530,United Kingdom,18.57
581456,12/8/2019,21123,Set/10 Ivory Polkadot Party Candles,6.19,1,17530,United Kingdom,6.19
581456,12/8/2019,21124,Set/10 Blue Polkadot Party Candles,6.19,8,17530,United Kingdom,49.52
581456,12/8/2019,21122,Set/10 Pink Polkadot Party Candles,6.19,8,17530,United Kingdom,49.52
581456,12/8/2019,21121,Set/10 Red Polkadot Party Candles,6.04,4,17530,United Kingdom,24.16
581456,12/8/2019,22606,Wooden Skittles Garden Set,6.19,1,17530,United Kingdom,6.19
581456,12/8/2019,21034,Rex Cash+Carry Jumbo Shopper,7.24,1,17530,United Kingdom,7.24
581457,12/8/2019,22188,Black Heart Card Holder,6.19,324,18102,United Kingdom,2005.56
581457,12/8/2019,22189,Cream Heart Card Holder,6.19,324,18102,United Kingdom,2005.56
581457,12/8/2019,23543,Wall Art Keep Calm,7.24,698,18102,United Kingdom,5053.52
581457,12/8/2019,82484,Wood Black Board Ant White Finish,6.19,204,18102,United Kingdom,1262.76
581457,12/8/2019,23553,Landmark Frame Camden Town,7.24,120,18102,United Kingdom,868.8
581457,12/8/2019,23542,Wall Art 70'S Alphabet,7.24,120,18102,United Kingdom,868.8
581457,12/8/2019,23531,Wall Art Big Love,7.24,120,18102,United Kingdom,868.8
581457,12/8/2019,23535,Wall Art Bicycle Safety,7.24,126,18102,United Kingdom,912.24
581457,12/8/2019,23530,Wall Art Only One Person,6.04,126,18102,United Kingdom,761.04
581457,12/8/2019,23526,Wall Art Dog Licence,6.04,126,18102,United Kingdom,761.04
581457,12/8/2019,23401,Rustic Mirror With Lace Heart,6.04,126,18102,United Kingdom,761.04
581458,12/8/2019,22197,Popcorn Holder,6.04,1500,17949,United Kingdom,9060
581459,12/8/2019,22197,Popcorn Holder,6.04,1200,17949,United Kingdom,7248
581461,12/8/2019,23084,Rabbit Night Light,6.19,48,13318,United Kingdom,297.12
581461,12/8/2019,23280,Folding Butterfly Mirror Hot Pink,6.19,12,13318,United Kingdom,74.28
581461,12/8/2019,23281,Folding Butterfly Mirror Red,6.04,12,13318,United Kingdom,72.48
581461,12/8/2019,23480,Mini Lights Woodland Mushrooms,6.04,12,13318,United Kingdom,72.48
581467,12/8/2019,84030E,English Rose Hot Water Bottle,6.04,2,13077,United Kingdom,12.08
581467,12/8/2019,23357,Hot Water Bottle Sex Bomb,6.04,4,13077,United Kingdom,24.16
581467,12/8/2019,23358,Hot Stuff Hot Water Bottle,6.04,5,13077,United Kingdom,30.2
581467,12/8/2019,90214C,"Letter ""C"" Bling Key Ring",6.19,1,13077,United Kingdom,6.19
581467,12/8/2019,21703,Bag 125g Swirly Marbles,6.19,3,13077,United Kingdom,18.57
581467,12/8/2019,22645,Ceramic Heart Fairy Cake Money Bank,6.19,2,13077,United Kingdom,12.38
581467,12/8/2019,22644,Ceramic Cherry Cake Money Bank,6.19,2,13077,United Kingdom,12.38
581467,12/8/2019,22621,Traditional Knitting Nancy,6.19,4,13077,United Kingdom,24.76
581467,12/8/2019,23439,Hand Warmer Red Love Heart,6.19,3,13077,United Kingdom,18.57
581467,12/8/2019,22834,Hand Warmer Babushka Design,6.19,1,13077,United Kingdom,6.19
581467,12/8/2019,84600,New Baroque Jewellery Box,6.19,1,13077,United Kingdom,6.19
581467,12/8/2019,21791,Vintage Heads And Tails Card Game,6.19,3,13077,United Kingdom,18.57
581467,12/8/2019,22633,Hand Warmer Union Jack,6.19,2,13077,United Kingdom,12.38
581467,12/8/2019,22865,Hand Warmer Owl Design,6.19,2,13077,United Kingdom,12.38
581467,12/8/2019,22866,Hand Warmer Scotty Dog Design,6.19,2,13077,United Kingdom,12.38
581467,12/8/2019,22867,Hand Warmer Bird Design,6.19,1,13077,United Kingdom,6.19
581467,12/8/2019,21790,Vintage Snap Cards,6.19,2,13077,United Kingdom,12.38
581467,12/8/2019,20668,Disco Ball Christmas Decoration,6.19,48,13077,United Kingdom,297.12
581467,12/8/2019,22811,Set Of 6 T-Lights Cacti,6.19,3,13077,United Kingdom,18.57
581467,12/8/2019,85174,S/4 Cacti Candles,6.19,1,13077,United Kingdom,6.19
581467,12/8/2019,21417,Cockle Shell Dish,6.19,2,13077,United Kingdom,12.38
581467,12/8/2019,22442,Grow Your Own Flowers Set Of 3,6.19,1,13077,United Kingdom,6.19
581467,12/8/2019,22389,Paperweight Save The Planet,6.19,3,13077,United Kingdom,18.57
581467,12/8/2019,84976,Rectangular Shaped Mirror,6.19,3,13077,United Kingdom,18.57
581467,12/8/2019,72801D,4 Sky Blue Dinner Candles,6.19,3,13077,United Kingdom,18.57
581467,12/8/2019,85111,Silver Glitter Flower Votive Holder,6.19,2,13077,United Kingdom,12.38
581467,12/8/2019,17012F,Origami Sandlewood Incense/Cand Set,6.19,2,13077,United Kingdom,12.38
581467,12/8/2019,72801C,4 Rose Pink Dinner Candles,6.19,3,13077,United Kingdom,18.57
581467,12/8/2019,72598,Set/12 Taper Candles,6.19,2,13077,United Kingdom,12.38
581467,12/8/2019,17084N,Fairy Dreams Incense,6.19,25,13077,United Kingdom,154.75
581467,12/8/2019,21167,White Sage Incense,7.24,75,13077,United Kingdom,543
581467,12/8/2019,20869,Gold Fabric Mirror,7.24,4,13077,United Kingdom,28.96
581467,12/8/2019,20868,Silver Fabric Mirror,7.24,4,13077,United Kingdom,28.96
581467,12/8/2019,22758,Large Purple Babushka Notebook,7.24,2,13077,United Kingdom,14.48
581467,12/8/2019,22757,Large Red Babushka Notebook,7.24,1,13077,United Kingdom,7.24
581467,12/8/2019,22753,Small Yellow Babushka Notebook,7.24,2,13077,United Kingdom,14.48
581467,12/8/2019,22754,Small Red Babushka Notebook,7.24,1,13077,United Kingdom,7.24
581467,12/8/2019,84429A,Medium Pink Buddha Head,7.24,2,13077,United Kingdom,14.48
581467,12/8/2019,84993A,75 Green Petit Four Cases,7.24,1,13077,United Kingdom,7.24
581467,12/8/2019,22723,Set Of 6 Herb Tins Sketchbook,7.24,2,13077,United Kingdom,14.48
581467,12/8/2019,20996,Jazz Hearts Address Book,7.24,2,13077,United Kingdom,14.48
581467,12/8/2019,23180,Mum's Kitchen Clock,7.24,1,13077,United Kingdom,7.24
581467,12/8/2019,22217,T-Light Holder Hanging Lace,7.24,5,13077,United Kingdom,36.2
581467,12/8/2019,21109,Large Cake Towel Chocolate Spots,7.24,1,13077,United Kingdom,7.24
581467,12/8/2019,22067,Choc Truffle Gold Trinket Pot,7.24,2,13077,United Kingdom,14.48
581467,12/8/2019,22059,Ceramic Strawberry Design Mug,7.24,4,13077,United Kingdom,28.96
581467,12/8/2019,21365,Mirrored Wall Art Stars,7.24,4,13077,United Kingdom,28.96
581467,12/8/2019,21371,Mirrored Wall Art Poppies,7.24,2,13077,United Kingdom,14.48
581467,12/8/2019,23320,Giant 50'S Christmas Cracker,7.24,3,13077,United Kingdom,21.72
581469,12/8/2019,21629,Square Floor Cushion Vintage Red,7.24,1,14606,United Kingdom,7.24
581469,12/8/2019,21158,Moody Girl Door Hanger,7.24,1,14606,United Kingdom,7.24
581469,12/8/2019,22571,Rocking Horse Red Christmas,7.24,2,14606,United Kingdom,14.48
581469,12/8/2019,22571,Rocking Horse Red Christmas,7.24,1,14606,United Kingdom,7.24
581469,12/8/2019,21846,Pink Diamante Pen In Gift Box,7.24,1,14606,United Kingdom,7.24
581469,12/8/2019,21985,Pack Of 12 Hearts Design Tissues,7.24,3,14606,United Kingdom,21.72
581469,12/8/2019,21446,12 Red Rose Peg Place Settings,7.24,1,14606,United Kingdom,7.24
581469,12/8/2019,85169C,Eau De Nil Love Bird Candle,7.24,2,14606,United Kingdom,14.48
581469,12/8/2019,22121,Noel Wooden Block Letters,7.24,2,14606,United Kingdom,14.48
581469,12/8/2019,85071C,"Charlie+Lola""Extremely Busy"" Sign",7.24,1,14606,United Kingdom,7.24
581469,12/8/2019,22068,Black Pirate Treasure Chest,7.24,2,14606,United Kingdom,14.48
581469,12/8/2019,20772,Garden Path Journal,7.24,1,14606,United Kingdom,7.24
581469,12/8/2019,47580,Tea Time Des Tea Cosy,7.24,1,14606,United Kingdom,7.24
581469,12/8/2019,22364,Glass Jar Digestive Biscuits,7.24,1,14606,United Kingdom,7.24
581469,12/8/2019,22209,Wood Stamp Set Happy Birthday,7.24,1,14606,United Kingdom,7.24
581469,12/8/2019,21704,Bag 250g Swirly Marbles,7.24,1,14606,United Kingdom,7.24
581469,12/8/2019,21446,12 Red Rose Peg Place Settings,7.24,4,14606,United Kingdom,28.96
581469,12/8/2019,21918,Set 12 Kids Colour Chalk Sticks,7.24,4,14606,United Kingdom,28.96
581469,12/8/2019,51014C,Feather Pen Coal Black,6.04,12,14606,United Kingdom,72.48
581469,12/8/2019,23085,Antique Silver Bauble Lamp,6.04,1,14606,United Kingdom,6.04
581469,12/8/2019,21843,Red Retrospot Cake Stand,6.04,1,14606,United Kingdom,6.04
581469,12/8/2019,21417,Cockle Shell Dish,6.04,1,14606,United Kingdom,6.04
581469,12/8/2019,23301,Gardeners Kneeling Pad Keep Calm,6.04,3,14606,United Kingdom,18.12
581469,12/8/2019,22543,Mini Jigsaw Bake A Cake,6.19,1,14606,United Kingdom,6.19
581469,12/8/2019,22348,Tea Bag Plate Red Retrospot,6.19,1,14606,United Kingdom,6.19
581469,12/8/2019,22411,Jumbo Shopper Vintage Red Paisley,6.19,2,14606,United Kingdom,12.38
581469,12/8/2019,20931,Blue Pot Plant Candle,6.19,1,14606,United Kingdom,6.19
581469,12/8/2019,84029E,Red Woolly Hottie White Heart,6.19,1,14606,United Kingdom,6.19
581469,12/8/2019,21485,Retrospot Heart Hot Water Bottle,6.19,1,14606,United Kingdom,6.19
581469,12/8/2019,22165,Diamante Heart Shaped Wall Mirror,6.19,1,14606,United Kingdom,6.19
581469,12/8/2019,21986,Pack Of 12 Pink Polkadot Tissues,6.19,1,14606,United Kingdom,6.19
581469,12/8/2019,22087,Paper Bunting White Lace,6.19,6,14606,United Kingdom,37.14
581469,12/8/2019,22320,Birds Mobile Vintage Design,6.19,1,14606,United Kingdom,6.19
581471,12/8/2019,48187,Doormat New England,6.19,1,14702,United Kingdom,6.19
581471,12/8/2019,48194,Doormat Hearts,6.19,1,14702,United Kingdom,6.19
581471,12/8/2019,48138,Doormat Union Flag,6.19,1,14702,United Kingdom,6.19
581471,12/8/2019,20685,Doormat Red Retrospot,6.19,1,14702,United Kingdom,6.19
581471,12/8/2019,48185,Doormat Fairy Cake,6.19,1,14702,United Kingdom,6.19
581471,12/8/2019,48184,Doormat English Rose,6.19,1,14702,United Kingdom,6.19
581471,12/8/2019,23283,Doormat Vintage Leaf,6.19,1,14702,United Kingdom,6.19
581471,12/8/2019,21524,Doormat Spotty Home Sweet Home,6.19,1,14702,United Kingdom,6.19
581471,12/8/2019,22690,Doormat Home Sweet Home Blue,6.19,1,14702,United Kingdom,6.19
581471,12/8/2019,22624,Ivory Kitchen Scales,6.19,1,14702,United Kingdom,6.19
581471,12/8/2019,21411,Gingham Heart Doorstop Red,6.19,2,14702,United Kingdom,12.38
581471,12/8/2019,22816,Card Motorbike Santa,6.19,12,14702,United Kingdom,74.28
581471,12/8/2019,22818,Card Christmas Village,6.19,12,14702,United Kingdom,74.28
581471,12/8/2019,23131,Mistletoe Heart Wreath Cream,6.19,3,14702,United Kingdom,18.57
581471,12/8/2019,23313,Vintage Christmas Bunting,6.19,4,14702,United Kingdom,24.76
581471,12/8/2019,23275,Set Of 3 Hanging Owls Ollie Beak,6.19,2,14702,United Kingdom,12.38
581471,12/8/2019,22142,Christmas Craft White Fairy,6.19,1,14702,United Kingdom,6.19
581471,12/8/2019,22220,Cake Stand Lovebird 2 Tier White,6.19,4,14702,United Kingdom,24.76
581471,12/8/2019,22795,Sweetheart Recipe Book Stand,6.19,1,14702,United Kingdom,6.19
581471,12/8/2019,22910,Paper Chain Kit Vintage Christmas,6.04,3,14702,United Kingdom,18.12
581471,12/8/2019,22086,Paper Chain Kit 50'S Christmas,6.19,4,14702,United Kingdom,24.76
581471,12/8/2019,21411,Gingham Heart Doorstop Red,6.19,2,14702,United Kingdom,12.38
581471,12/8/2019,23151,Zinc Sweetheart Soap Dish,6.19,4,14702,United Kingdom,24.76
581471,12/8/2019,84946,Antique Silver T-Light Glass,6.19,6,14702,United Kingdom,37.14
581471,12/8/2019,22867,Hand Warmer Bird Design,6.19,2,14702,United Kingdom,12.38
581471,12/8/2019,22865,Hand Warmer Owl Design,6.19,2,14702,United Kingdom,12.38
581471,12/8/2019,23439,Hand Warmer Red Love Heart,6.19,2,14702,United Kingdom,12.38
581472,12/8/2019,23298,Spotty Bunting,6.19,6,15796,United Kingdom,37.14
581472,12/8/2019,23170,Regency Tea Plate Roses,6.19,12,15796,United Kingdom,74.28
581472,12/8/2019,23172,Regency Tea Plate Pink,6.19,12,15796,United Kingdom,74.28
581472,12/8/2019,23171,Regency Tea Plate Green,6.19,12,15796,United Kingdom,74.28
581472,12/8/2019,22627,Mint Kitchen Scales,6.19,4,15796,United Kingdom,24.76
581472,12/8/2019,22624,Ivory Kitchen Scales,6.19,4,15796,United Kingdom,24.76
581472,12/8/2019,82600,N0 Singing Metal Sign,6.19,12,15796,United Kingdom,74.28
581472,12/8/2019,21181,Please One Person Metal Sign,6.19,12,15796,United Kingdom,74.28
581472,12/8/2019,22784,Lantern Cream Gazebo,6.19,3,15796,United Kingdom,18.57
581472,12/8/2019,22699,Roses Regency Teacup And Saucer,6.19,12,15796,United Kingdom,74.28
581472,12/8/2019,22698,Pink Regency Teacup And Saucer,6.19,12,15796,United Kingdom,74.28
581472,12/8/2019,22697,Green Regency Teacup And Saucer,6.19,12,15796,United Kingdom,74.28
581472,12/8/2019,22423,Regency Cakestand 3 Tier,6.19,2,15796,United Kingdom,12.38
581472,12/8/2019,85123A,Cream Hanging Heart T-Light Holder,6.19,6,15796,United Kingdom,37.14
581472,12/8/2019,22795,Sweetheart Recipe Book Stand,6.19,6,15796,United Kingdom,37.14
581472,12/8/2019,82482,Wooden Picture Frame White Finish,6.19,6,15796,United Kingdom,37.14
581472,12/8/2019,82494L,Wooden Frame Antique White,6.19,6,15796,United Kingdom,37.14
581473,12/8/2019,16237,Sleeping Cat Erasers,6.19,1,12748,United Kingdom,6.19
581473,12/8/2019,23300,Gardeners Kneeling Pad Cup Of Tea,6.19,1,12748,United Kingdom,6.19
581473,12/8/2019,22554,Plasters In Tin Woodland Animals,6.19,1,12748,United Kingdom,6.19
581473,12/8/2019,22419,Lipstick Pen Red,6.19,1,12748,United Kingdom,6.19
581473,12/8/2019,21944,Kittens Design Flannel,6.19,3,12748,United Kingdom,18.57
581473,12/8/2019,22529,Magic Drawing Slate Go To The Fair,6.19,1,12748,United Kingdom,6.19
581473,12/8/2019,21786,Polkadot Rain Hat,6.19,1,12748,United Kingdom,6.19
581473,12/8/2019,22992,Revolver Wooden Ruler,6.19,1,12748,United Kingdom,6.19
581473,12/8/2019,22865,Hand Warmer Owl Design,6.19,1,12748,United Kingdom,6.19
581473,12/8/2019,22030,Swallows Greeting Card,6.04,12,12748,United Kingdom,72.48
581473,12/8/2019,22990,Cotton Apron Pantry Design,6.19,1,12748,United Kingdom,6.19
581473,12/8/2019,22989,Set 2 Pantry Design Tea Towels,6.19,1,12748,United Kingdom,6.19
581473,12/8/2019,23198,Pantry Magnetic Shopping List,6.19,1,12748,United Kingdom,6.19
581473,12/8/2019,21055,Tool Box Soft Toy,6.19,1,12748,United Kingdom,6.19
581473,12/8/2019,22190,Local Cafe Mug,6.19,1,12748,United Kingdom,6.19
581473,12/8/2019,21832,Chocolate Calculator,6.19,1,12748,United Kingdom,6.19
581473,12/8/2019,22208,Wood Stamp Set Thank You,6.19,1,12748,United Kingdom,6.19
581473,12/8/2019,22086,Paper Chain Kit 50'S Christmas,6.19,3,12748,United Kingdom,18.57
581473,12/8/2019,23352,Roll Wrap 50'S Red Christmas,6.19,1,12748,United Kingdom,6.19
581473,12/8/2019,23351,Roll Wrap 50'S Christmas,6.04,1,12748,United Kingdom,6.04
581473,12/8/2019,23007,Spaceboy Baby Gift Set,6.04,1,12748,United Kingdom,6.04
581473,12/8/2019,22130,Party Cone Christmas Decoration,6.04,6,12748,United Kingdom,36.24
581473,12/8/2019,23080,Red Metal Box Top Secret,6.19,1,12748,United Kingdom,6.19
581473,12/8/2019,22845,Vintage Cream Cat Food Container,6.19,1,12748,United Kingdom,6.19
581473,12/8/2019,23320,Giant 50'S Christmas Cracker,6.19,2,12748,United Kingdom,12.38
581473,12/8/2019,22108,Ping! Microwave Plate,6.19,1,12748,United Kingdom,6.19
581473,12/8/2019,23295,Set Of 12 Mini Loaf Baking Cases,6.19,1,12748,United Kingdom,6.19
581473,12/8/2019,23296,Set Of 6 Tea Time Baking Cases,6.19,1,12748,United Kingdom,6.19
581473,12/8/2019,20718,Red Retrospot Shopper Bag,6.04,1,12748,United Kingdom,6.04
581473,12/8/2019,84012,Magic Sheep Wool Growing From Paper,6.04,1,12748,United Kingdom,6.04
581473,12/8/2019,23344,Jumbo Bag 50'S Christmas,6.19,2,12748,United Kingdom,12.38
581473,12/8/2019,23207,Lunch Bag Alphabet Design,6.19,2,12748,United Kingdom,12.38
581474,12/8/2019,23351,Roll Wrap 50'S Christmas,6.19,1,12748,United Kingdom,6.19
581474,12/8/2019,23352,Roll Wrap 50'S Red Christmas,6.19,1,12748,United Kingdom,6.19
581474,12/8/2019,72819,Cupid Design Scented Candles,6.19,1,12748,United Kingdom,6.19
581474,12/8/2019,22744,Make Your Own Monsoon Card Kit,6.19,1,12748,United Kingdom,6.19
581474,12/8/2019,84509B,Set Of 4 Fairy Cake Placemats,6.19,1,12748,United Kingdom,6.19
581474,12/8/2019,20616,Cherry Blossom Passport Cover,6.19,1,12748,United Kingdom,6.19
581474,12/8/2019,22897,Oven Mitt Apples Design,6.19,1,12748,United Kingdom,6.19
581474,12/8/2019,21867,Pink Union Jack Luggage Tag,6.19,1,12748,United Kingdom,6.19
581474,12/8/2019,20615,Blue Polkadot Passport Cover,6.19,1,12748,United Kingdom,6.19
581474,12/8/2019,20652,Blue Polkadot Luggage Tag,6.19,1,12748,United Kingdom,6.19
581474,12/8/2019,16225,Rattle Snake Eggs,6.19,1,12748,United Kingdom,6.19
581474,12/8/2019,22989,Set 2 Pantry Design Tea Towels,6.19,1,12748,United Kingdom,6.19
581474,12/8/2019,23300,Gardeners Kneeling Pad Cup Of Tea,6.19,1,12748,United Kingdom,6.19
581474,12/8/2019,22906,12 Message Cards With Envelopes,6.19,1,12748,United Kingdom,6.19
581474,12/8/2019,23245,Set Of 3 Regency Cake Tins,6.19,1,12748,United Kingdom,6.19
581474,12/8/2019,23132,Small Ivory Heart Wall Organiser,6.19,1,12748,United Kingdom,6.19
581474,12/8/2019,21524,Doormat Spotty Home Sweet Home,6.19,1,12748,United Kingdom,6.19
581474,12/8/2019,22507,Memo Board Retrospot Design,6.19,1,12748,United Kingdom,6.19
581474,12/8/2019,21253,Set Of Picture Frame Stickers,6.19,1,12748,United Kingdom,6.19
581474,12/8/2019,22108,Ping! Microwave Plate,6.19,1,12748,United Kingdom,6.19
581474,12/8/2019,22167,Oval Wall Mirror Diamante,6.19,1,12748,United Kingdom,6.19
581474,12/8/2019,20717,Strawberry Shopper Bag,6.19,1,12748,United Kingdom,6.19
581474,12/8/2019,21929,Jumbo Bag Pink Vintage Paisley,6.19,1,12748,United Kingdom,6.19
581474,12/8/2019,20726,Lunch Bag Woodland,6.19,1,12748,United Kingdom,6.19
581000,12/7/2019,22961,Jam Making Set Printed,6.19,12,12720,Germany,74.28
581000,12/7/2019,21531,Red Retrospot Sugar Jam Bowl,6.19,6,12720,Germany,37.14
581000,12/7/2019,22627,Mint Kitchen Scales,6.19,2,12720,Germany,12.38
581000,12/7/2019,22625,Red Kitchen Scales,6.19,2,12720,Germany,12.38
581000,12/7/2019,22960,Jam Making Set With Jars,6.19,12,12720,Germany,74.28
581000,12/7/2019,22554,Plasters In Tin Woodland Animals,6.19,12,12720,Germany,74.28
581000,12/7/2019,22722,Set Of 6 Spice Tins Pantry Design,6.19,4,12720,Germany,24.76
581000,12/7/2019,22720,Set Of 3 Cake Tins Pantry Design,6.19,3,12720,Germany,18.57
581000,12/7/2019,22723,Set Of 6 Herb Tins Sketchbook,6.19,12,12720,Germany,74.28
581000,12/7/2019,22072,Red Retrospot Tea Cup And Saucer,6.19,12,12720,Germany,74.28
581000,12/7/2019,22596,Christmas Star Wish List Chalkboard,6.19,24,12720,Germany,148.56
581000,12/7/2019,84819,Danish Rose Round Sewing Box,6.19,16,12720,Germany,99.04
581000,12/7/2019,84820,Danish Rose Trinket Trays,6.19,16,12720,Germany,99.04
581000,12/7/2019,23294,Set Of 6 Snack Loaf Baking Cases,6.19,8,12720,Germany,49.52
581000,12/7/2019,23295,Set Of 12 Mini Loaf Baking Cases,6.19,8,12720,Germany,49.52
581000,12/7/2019,22326,Round Snack Boxes Set Of4 Woodland,6.19,6,12720,Germany,37.14
581000,12/7/2019,22328,Round Snack Boxes Set Of 4 Fruits,6.19,6,12720,Germany,37.14
581000,12/7/2019,22624,Ivory Kitchen Scales,6.19,2,12720,Germany,12.38
581001,12/7/2019,23562,Set Of 6 Ribbons Perfectly Pretty,6.19,6,12583,France,37.14
581001,12/7/2019,22540,Mini Jigsaw Circus Parade,6.19,48,12583,France,297.12
581001,12/7/2019,22544,Mini Jigsaw Spaceboy,6.19,48,12583,France,297.12
581001,12/7/2019,23480,Mini Lights Woodland Mushrooms,6.19,32,12583,France,198.08
581001,12/7/2019,23084,Rabbit Night Light,6.19,24,12583,France,148.56
581001,12/7/2019,23298,Spotty Bunting,6.19,12,12583,France,74.28
581001,12/7/2019,22909,Set Of 20 Vintage Christmas Napkins,6.19,12,12583,France,74.28
581001,12/7/2019,22613,Pack Of 20 Spaceboy Napkins,6.19,12,12583,France,74.28
581001,12/7/2019,22617,Baking Set Spaceboy Design,6.19,3,12583,France,18.57
581001,12/7/2019,23515,Embroidered Ribbon Reel Daisy,6.19,6,12583,France,37.14
581001,12/7/2019,22367,Childrens Apron Spaceboy Design,6.19,8,12583,France,49.52
581001,12/7/2019,21156,Retrospot Childrens Apron,6.19,8,12583,France,49.52
581001,12/7/2019,22352,Lunch Box With Cutlery Retrospot,6.19,12,12583,France,74.28
581001,12/7/2019,21559,Strawberry Lunch Box With Cutlery,6.19,12,12583,France,74.28
581001,12/7/2019,22326,Round Snack Boxes Set Of4 Woodland,6.19,12,12583,France,74.28
581001,12/7/2019,23388,Woodland Mini Backpack,6.19,12,12583,France,74.28
581001,12/7/2019,22728,Alarm Clock Bakelike Pink,6.19,18,12583,France,111.42
581001,12/7/2019,22726,Alarm Clock Bakelike Green,6.19,24,12583,France,148.56
581002,12/7/2019,23525,Wall Art Buffalo Bill,6.19,6,14708,United Kingdom,37.14
581002,12/7/2019,23523,Wall Art Treasure Ahoy,6.19,6,14708,United Kingdom,37.14
581002,12/7/2019,23531,Wall Art Big Love,6.19,3,14708,United Kingdom,18.57
581002,12/7/2019,84879,Assorted Colour Bird Ornament,6.19,16,14708,United Kingdom,99.04
581002,12/7/2019,23188,Vintage 2 Metre Folding Ruler,6.19,12,14708,United Kingdom,74.28
581002,12/7/2019,22622,Box Of Vintage Alphabet Blocks,6.19,12,14708,United Kingdom,74.28
581002,12/7/2019,22467,Gumball Coat Rack,6.19,12,14708,United Kingdom,74.28
581002,12/7/2019,23367,Set 12 Colour Pencils Spaceboy,6.19,16,14708,United Kingdom,99.04
581002,12/7/2019,22711,Wrap Circus Parade,6.19,50,14708,United Kingdom,309.5
581002,12/7/2019,22716,Card Circus Parade,6.19,12,14708,United Kingdom,74.28
581002,12/7/2019,21889,Wooden Box Of Dominoes,6.19,12,14708,United Kingdom,74.28
581002,12/7/2019,23084,Rabbit Night Light,6.19,24,14708,United Kingdom,148.56
581002,12/7/2019,22090,Paper Bunting Retrospot,6.19,18,14708,United Kingdom,111.42
581002,12/7/2019,23168,Classic Cafe Sugar Dispenser,6.19,12,14708,United Kingdom,74.28
581003,12/7/2019,21912,Vintage Snakes & Ladders,6.19,12,14911,EIRE,74.28
581003,12/7/2019,22138,Baking Set 9 Piece Retrospot,6.19,12,14911,EIRE,74.28
581003,12/7/2019,22139,Retrospot Tea Set Ceramic 11 Pc,6.19,9,14911,EIRE,55.71
581003,12/7/2019,22617,Baking Set Spaceboy Design,6.19,9,14911,EIRE,55.71
581003,12/7/2019,22197,Popcorn Holder,6.19,48,14911,EIRE,297.12
581003,12/7/2019,21790,Vintage Snap Cards,6.19,24,14911,EIRE,148.56
581003,12/7/2019,21889,Wooden Box Of Dominoes,6.19,24,14911,EIRE,148.56
581003,12/7/2019,22550,Holiday Fun Ludo,6.19,8,14911,EIRE,49.52
581003,12/7/2019,22558,Clothes Pegs Retrospot Pack 24,6.19,48,14911,EIRE,297.12
581003,12/7/2019,21109,Large Cake Towel Chocolate Spots,6.19,12,14911,EIRE,74.28
581003,12/7/2019,21411,Gingham Heart Doorstop Red,6.19,8,14911,EIRE,49.52
581003,12/7/2019,21705,Bag 500g Swirly Marbles,6.19,24,14911,EIRE,148.56
581003,12/7/2019,22107,Pizza Plate In Box,6.19,8,14911,EIRE,49.52
581003,12/7/2019,22343,Party Pizza Dish Red Retrospot,6.19,24,14911,EIRE,148.56
581003,12/7/2019,22390,Paperweight Childhood Memories,6.19,12,14911,EIRE,74.28
581003,12/7/2019,22393,Paperweight Vintage Collage,6.19,12,14911,EIRE,74.28
581003,12/7/2019,22405,Money Box Pocket Money Design,6.19,12,14911,EIRE,74.28
581003,12/7/2019,23137,Zinc Wire Sweetheart Letter Tray,6.19,8,14911,EIRE,49.52
581003,12/7/2019,23302,Kneeling Mat Housework Design,6.19,24,14911,EIRE,148.56
581003,12/7/2019,23320,Giant 50'S Christmas Cracker,6.19,24,14911,EIRE,148.56
581003,12/7/2019,23415,Home Sweet Home Hook,6.19,24,14911,EIRE,148.56
581003,12/7/2019,23417,Bathroom Hook,6.19,12,14911,EIRE,74.28
581003,12/7/2019,23358,Hot Stuff Hot Water Bottle,6.19,18,14911,EIRE,111.42
581003,12/7/2019,84661A,White Square Table Clock,6.19,12,14911,EIRE,74.28
581003,12/7/2019,84661B,Black Square Table Clock,6.19,12,14911,EIRE,74.28
581003,12/7/2019,84817,Danish Rose Decorative Plate,6.19,24,14911,EIRE,148.56
581003,12/7/2019,23552,Bicycle Puncture Repair Kit,6.19,6,14911,EIRE,37.14
581003,12/7/2019,23498,Classic Bicycle Clips,6.19,24,14911,EIRE,148.56
581003,12/7/2019,22112,Chocolate Hot Water Bottle,6.19,6,14911,EIRE,37.14
581003,12/7/2019,22797,Chest Of Drawers Gingham Heart,6.19,1,14911,EIRE,6.19
581003,12/7/2019,21523,Doormat Fancy Font Home Sweet Home,6.19,2,14911,EIRE,12.38
581003,12/7/2019,48194,Doormat Hearts,6.19,2,14911,EIRE,12.38
581003,12/7/2019,22483,Red Gingham Teddy Bear,6.19,6,14911,EIRE,37.14
581003,12/7/2019,21791,Vintage Heads And Tails Card Game,6.19,24,14911,EIRE,148.56
581003,12/7/2019,22549,Picture Dominoes,6.19,12,14911,EIRE,74.28
581003,12/7/2019,23080,Red Metal Box Top Secret,6.19,2,14911,EIRE,12.38
581003,12/7/2019,84347,Rotating Silver Angels T-Light Hldr,6.19,24,14911,EIRE,148.56
581003,12/7/2019,85053,French Enamel Candleholder,6.19,6,14911,EIRE,37.14
581003,12/7/2019,22728,Alarm Clock Bakelike Pink,6.19,4,14911,EIRE,24.76
581003,12/7/2019,22727,Alarm Clock Bakelike Red,6.19,4,14911,EIRE,24.76
581003,12/7/2019,22725,Alarm Clock Bakelike Chocolate,7.24,4,14911,EIRE,28.96
581003,12/7/2019,21166,Cook With Wine Metal Sign,7.24,12,14911,EIRE,86.88
581003,12/7/2019,21181,Please One Person Metal Sign,7.24,12,14911,EIRE,86.88
581003,12/7/2019,21494,Rotating Leaves T-Light Holder,7.24,12,14911,EIRE,86.88
581003,12/7/2019,22635,Childs Breakfast Set Dolly Girl,7.24,2,14911,EIRE,14.48
581003,12/7/2019,22634,Childs Breakfast Set Spaceboy,7.24,2,14911,EIRE,14.48
581003,12/7/2019,51014A,Feather Pen Hot Pink,7.24,24,14911,EIRE,173.76
581003,12/7/2019,84536A,English Rose Notebook A7 Size,7.24,16,14911,EIRE,115.84
581003,12/7/2019,20985,Heart Calculator,7.24,12,14911,EIRE,86.88
581003,12/7/2019,84992,72 Sweetheart Fairy Cake Cases,7.24,24,14911,EIRE,173.76
581003,12/7/2019,21156,Retrospot Childrens Apron,6.19,8,14911,EIRE,49.52
581003,12/7/2019,22474,Spaceboy Tv Dinner Tray,6.19,8,14911,EIRE,49.52
581003,12/7/2019,22473,Tv Dinner Tray Vintage Paisley,6.19,8,14911,EIRE,49.52
581003,12/7/2019,22472,Tv Dinner Tray Dolly Girl,6.19,8,14911,EIRE,49.52
581003,12/7/2019,23198,Pantry Magnetic Shopping List,6.19,12,14911,EIRE,74.28
581003,12/7/2019,47504H,English Rose Spirit Level,6.19,12,14911,EIRE,74.28
581003,12/7/2019,21975,Pack Of 60 Dinosaur Cake Cases,6.19,24,14911,EIRE,148.56
581003,12/7/2019,23461,Sweetheart Bird House,6.19,4,14911,EIRE,24.76
581003,12/7/2019,22607,Wooden Rounders Garden Set,6.19,2,14911,EIRE,12.38
581003,12/7/2019,22605,Wooden Croquet Garden Set,6.19,2,14911,EIRE,12.38
581003,12/7/2019,23107,White Hearts Wire Plant Pot Holder,6.19,8,14911,EIRE,49.52
581003,12/7/2019,23355,Hot Water Bottle Keep Calm,6.19,4,14911,EIRE,24.76
581003,12/7/2019,22384,Lunch Bag Pink Polkadot,6.19,10,14911,EIRE,61.9
581004,12/7/2019,21523,Doormat Fancy Font Home Sweet Home,6.19,10,16539,United Kingdom,61.9
581004,12/7/2019,48184,Doormat English Rose,6.19,10,16539,United Kingdom,61.9
581004,12/7/2019,21955,Doormat Union Jack Guns And Roses,6.19,10,16539,United Kingdom,61.9
581004,12/7/2019,23284,Doormat Keep Calm And Come In,6.19,10,16539,United Kingdom,61.9
581004,12/7/2019,82482,Wooden Picture Frame White Finish,6.19,6,16539,United Kingdom,37.14
581004,12/7/2019,82494L,Wooden Frame Antique White,6.19,6,16539,United Kingdom,37.14
581004,12/7/2019,23454,Three Mini Hanging Frames,6.19,4,16539,United Kingdom,24.76
581005,12/7/2019,22806,Set Of 6 T-Lights Wedding Cake,6.19,12,12828,United Kingdom,74.28
581005,12/7/2019,85225,Bling Key Ring Stand,6.19,1,12828,United Kingdom,6.19
581005,12/7/2019,21109,Large Cake Towel Chocolate Spots,6.19,12,12828,United Kingdom,74.28
581005,12/7/2019,21111,Swiss Roll Towel Chocolate Spots,6.19,24,12828,United Kingdom,148.56
581005,12/7/2019,21108,Fairy Cake Flannel Assorted Colour,6.19,18,12828,United Kingdom,111.42
581006,12/7/2019,22269,Egg Cup Natural Chicken,6.19,16,14911,EIRE,99.04
581006,12/7/2019,23186,French Style Storage Jar Cafe,6.19,48,14911,EIRE,297.12
581006,12/7/2019,22278,Overnight Bag Vintage Rose Paisley,6.19,3,14911,EIRE,18.57
581006,12/7/2019,22464,Hanging Metal Heart Lantern,6.19,12,14911,EIRE,74.28
581006,12/7/2019,21733,Red Hanging Heart T-Light Holder,6.19,24,14911,EIRE,148.56
581006,12/7/2019,85123A,Cream Hanging Heart T-Light Holder,6.19,24,14911,EIRE,148.56
581006,12/7/2019,23320,Giant 50'S Christmas Cracker,6.19,12,14911,EIRE,74.28
581006,12/7/2019,23319,Box Of 6 Mini 50'S Crackers,6.19,6,14911,EIRE,37.14
581006,12/7/2019,21181,Please One Person Metal Sign,6.19,12,14911,EIRE,74.28
581006,12/7/2019,21162,Toxic Area Door Hanger,6.19,24,14911,EIRE,148.56
581006,12/7/2019,23307,Set Of 60 Pantry Design Cake Cases,6.19,24,14911,EIRE,148.56
581006,12/7/2019,84993A,75 Green Petit Four Cases,6.19,24,14911,EIRE,148.56
581006,12/7/2019,84991,60 Teatime Fairy Cake Cases,6.19,24,14911,EIRE,148.56
581006,12/7/2019,22720,Set Of 3 Cake Tins Pantry Design,6.19,3,14911,EIRE,18.57
581006,12/7/2019,23114,Vintage Leaf Chopping Board,6.19,9,14911,EIRE,55.71
581006,12/7/2019,23495,Set Of 3 Pantry Wooden Spoons,6.19,12,14911,EIRE,74.28
581006,12/7/2019,23244,Round Storage Tin Vintage Leaf,6.19,6,14911,EIRE,37.14
581006,12/7/2019,22846,Bread Bin Diner Style Red,6.19,2,14911,EIRE,12.38
581006,12/7/2019,22424,Enamel Bread Bin Cream,6.19,1,14911,EIRE,6.19
581006,12/7/2019,22966,Gingerbread Man Cookie Cutter,6.19,12,14911,EIRE,74.28
581006,12/7/2019,21469,Polka Dot Raffia Food Cover,6.19,6,14911,EIRE,37.14
581006,12/7/2019,23328,Set 6 School Milk Bottles In Crate,6.19,4,14911,EIRE,24.76
581006,12/7/2019,21843,Red Retrospot Cake Stand,6.19,6,14911,EIRE,37.14
581006,12/7/2019,22197,Popcorn Holder,6.19,48,14911,EIRE,297.12
581006,12/7/2019,21537,Red Retrospot Pudding Bowl,6.19,8,14911,EIRE,49.52
581006,12/7/2019,21974,Set Of 36 Paisley Flower Doilies,6.19,12,14911,EIRE,74.28
581006,12/7/2019,22283,6 Egg House Painted Wood,6.19,4,14911,EIRE,24.76
581006,12/7/2019,22697,Green Regency Teacup And Saucer,6.19,6,14911,EIRE,37.14
581006,12/7/2019,22699,Roses Regency Teacup And Saucer,6.19,12,14911,EIRE,74.28
581006,12/7/2019,23163,Regency Sugar Tongs,6.19,8,14911,EIRE,49.52
581006,12/7/2019,22922,Fridge Magnets Us Diner Assorted,6.19,12,14911,EIRE,74.28
581006,12/7/2019,22114,Hot Water Bottle Tea And Sympathy,6.19,8,14911,EIRE,49.52
581006,12/7/2019,22112,Chocolate Hot Water Bottle,6.19,6,14911,EIRE,37.14
581006,12/7/2019,22654,Deluxe Sewing Kit,6.19,3,14911,EIRE,18.57
581006,12/7/2019,84819,Danish Rose Round Sewing Box,6.19,3,14911,EIRE,18.57
581006,12/7/2019,23104,Ivory Cafe Hanging Lamp,6.19,1,14911,EIRE,6.19
581006,12/7/2019,23382,Box Of 6 Christmas Cake Decorations,6.19,4,14911,EIRE,24.76
581006,12/7/2019,22937,Baking Mould Chocolate Cupcakes,6.19,12,14911,EIRE,74.28
581006,12/7/2019,22932,Baking Mould Toffee Cup Chocolate,6.19,6,14911,EIRE,37.14
581006,12/7/2019,22931,Baking Mould Heart White Chocolate,6.19,6,14911,EIRE,37.14
581006,12/7/2019,23293,Set Of 12 Fairy Cake Baking Cases,6.19,8,14911,EIRE,49.52
581006,12/7/2019,21212,Pack Of 72 Retrospot Cake Cases,7.24,24,14911,EIRE,173.76
581006,12/7/2019,23170,Regency Tea Plate Roses,7.24,12,14911,EIRE,86.88
581006,12/7/2019,20914,Set/5 Red Retrospot Lid Glass Bowls,7.24,12,14911,EIRE,86.88
581006,12/7/2019,23581,Jumbo Bag Paisley Park,6.19,10,14911,EIRE,61.9
581006,12/7/2019,23582,Vintage Doily Jumbo Bag Red,6.19,10,14911,EIRE,61.9
581006,12/7/2019,23343,Jumbo Bag Vintage Christmas,6.19,10,14911,EIRE,61.9
581006,12/7/2019,23203,Jumbo Bag Vintage Doily,7.24,10,14911,EIRE,72.4
581006,12/7/2019,23202,Jumbo Bag Vintage Leaf,7.24,10,14911,EIRE,72.4
581006,12/7/2019,23583,Lunch Bag Paisley Park,6.19,10,14911,EIRE,61.9
581006,12/7/2019,23208,Lunch Bag Vintage Leaf Design,6.19,10,14911,EIRE,61.9
581006,12/7/2019,23209,Lunch Bag Vintage Doily,7.24,10,14911,EIRE,72.4
581007,12/7/2019,23084,Rabbit Night Light,7.24,48,12912,United Kingdom,347.52
581007,12/7/2019,22910,Paper Chain Kit Vintage Christmas,7.24,40,12912,United Kingdom,289.6
581008,12/7/2019,22423,Regency Cakestand 3 Tier,7.24,12,13089,United Kingdom,86.88
581008,12/7/2019,84949,Silver Hanging T-Light Holder,7.24,144,13089,United Kingdom,1042.56
581010,12/7/2019,23084,Rabbit Night Light,6.19,24,17503,United Kingdom,148.56
581010,12/7/2019,23499,Set 12 Vintage Doily Chalk,6.19,24,17503,United Kingdom,148.56
581010,12/7/2019,22083,Paper Chain Kit Retrospot,6.19,18,17503,United Kingdom,111.42
581010,12/7/2019,23245,Set Of 3 Regency Cake Tins,6.04,4,17503,United Kingdom,24.16
581010,12/7/2019,22529,Magic Drawing Slate Go To The Fair,6.04,24,17503,United Kingdom,144.96
581010,12/7/2019,21889,Wooden Box Of Dominoes,6.04,12,17503,United Kingdom,72.48
581010,12/7/2019,21914,Blue Harmonica In Box,6.19,12,17503,United Kingdom,74.28
581010,12/7/2019,23695,Doily Thank You Card,6.19,12,17503,United Kingdom,74.28
581010,12/7/2019,21442,Green Birdhouse Decoration,6.19,24,17503,United Kingdom,148.56
581010,12/7/2019,21705,Bag 500g Swirly Marbles,6.19,24,17503,United Kingdom,148.56
581010,12/7/2019,22596,Christmas Star Wish List Chalkboard,6.19,12,17503,United Kingdom,74.28
581010,12/7/2019,22695,Wicker Wreath Small,6.19,12,17503,United Kingdom,74.28
581010,12/7/2019,22757,Large Red Babushka Notebook,6.19,12,17503,United Kingdom,74.28
581010,12/7/2019,22578,Wooden Star Christmas Scandinavian,6.19,24,17503,United Kingdom,148.56
581010,12/7/2019,22577,Wooden Heart Christmas Scandinavian,6.19,35,17503,United Kingdom,216.65
581011,12/7/2019,22178,Victorian Glass Hanging T-Light,6.19,48,14397,United Kingdom,297.12
581011,12/7/2019,23144,Zinc T-Light Holder Stars Small,6.19,48,14397,United Kingdom,297.12
581011,12/7/2019,23145,Zinc T-Light Holder Star Large,6.19,24,14397,United Kingdom,148.56
581011,12/7/2019,22478,Birdhouse Garden Marker,6.19,20,14397,United Kingdom,123.8
581011,12/7/2019,20846,Zinc Heart Lattice T-Light Holder,6.19,24,14397,United Kingdom,148.56
581011,12/7/2019,22600,Christmas Retrospot Star Wood,6.19,12,14397,United Kingdom,74.28
581013,12/7/2019,22993,Set Of 4 Pantry Jelly Moulds,6.19,24,17017,United Kingdom,148.56
581013,12/7/2019,23328,Set 6 School Milk Bottles In Crate,6.19,24,17017,United Kingdom,148.56
581013,12/7/2019,23190,Bundle Of 3 School Exercise Books,6.19,12,17017,United Kingdom,74.28
581013,12/7/2019,21914,Blue Harmonica In Box,6.19,12,17017,United Kingdom,74.28
581013,12/7/2019,22197,Popcorn Holder,6.19,100,17017,United Kingdom,619
581013,12/7/2019,23084,Rabbit Night Light,6.19,48,17017,United Kingdom,297.12
581013,12/7/2019,21731,Red Toadstool Led Night Light,6.19,12,17017,United Kingdom,74.28
581013,12/7/2019,22466,Fairy Tale Cottage Night Light,6.19,12,17017,United Kingdom,74.28
581013,12/7/2019,22551,Plasters In Tin Spaceboy,6.19,12,17017,United Kingdom,74.28
581013,12/7/2019,23188,Vintage 2 Metre Folding Ruler,6.19,72,17017,United Kingdom,445.68
581013,12/7/2019,23498,Classic Bicycle Clips,6.19,24,17017,United Kingdom,148.56
581013,12/7/2019,23552,Bicycle Puncture Repair Kit,6.19,24,17017,United Kingdom,148.56
581013,12/7/2019,23497,Classic Chrome Bicycle Bell,6.19,48,17017,United Kingdom,297.12
581014,12/7/2019,85123A,Cream Hanging Heart T-Light Holder,6.19,6,16458,United Kingdom,37.14
581014,12/7/2019,23581,Jumbo Bag Paisley Park,6.19,20,16458,United Kingdom,123.8
581014,12/7/2019,23203,Jumbo Bag Vintage Doily,6.19,20,16458,United Kingdom,123.8
581014,12/7/2019,85099B,Jumbo Bag Red Retrospot,6.19,20,16458,United Kingdom,123.8
581014,12/7/2019,22384,Lunch Bag Pink Polkadot,6.04,10,16458,United Kingdom,60.4
581014,12/7/2019,23583,Lunch Bag Paisley Park,6.04,10,16458,United Kingdom,60.4
581015,12/7/2019,21115,Rose Caravan Doorstop,6.19,8,13949,United Kingdom,49.52
581015,12/7/2019,21285,Retrospot Candle Medium,6.19,24,13949,United Kingdom,148.56
581015,12/7/2019,21411,Gingham Heart Doorstop Red,6.19,8,13949,United Kingdom,49.52
581015,12/7/2019,21592,Retrospot Cigar Box Matches,6.19,24,13949,United Kingdom,148.56
581015,12/7/2019,22072,Red Retrospot Tea Cup And Saucer,6.19,12,13949,United Kingdom,74.28
581015,12/7/2019,22199,Frying Pan Red Retrospot,6.19,12,13949,United Kingdom,74.28
581015,12/7/2019,22203,Milk Pan Red Retrospot,6.19,12,13949,United Kingdom,74.28
581015,12/7/2019,22204,Milk Pan Blue Polkadot,6.19,12,13949,United Kingdom,74.28
581015,12/7/2019,22200,Frying Pan Pink Polkadot,6.19,12,13949,United Kingdom,74.28
581015,12/7/2019,22201,Frying Pan Blue Polkadot,6.19,12,13949,United Kingdom,74.28
581015,12/7/2019,22215,Cake Stand White Two Tier Lace,6.19,12,13949,United Kingdom,74.28
581015,12/7/2019,22221,Cake Stand Lovebird 2 Tier Pink,6.19,6,13949,United Kingdom,37.14
581015,12/7/2019,22723,Set Of 6 Herb Tins Sketchbook,6.19,12,13949,United Kingdom,74.28
581015,12/7/2019,22915,Assorted Bottle Top Magnets,6.19,24,13949,United Kingdom,148.56
581015,12/7/2019,23416,Chambre Hook,6.19,12,13949,United Kingdom,74.28
581015,12/7/2019,23417,Bathroom Hook,6.19,12,13949,United Kingdom,74.28
581015,12/7/2019,22299,Pig Keyring With Light & Sound,6.19,48,13949,United Kingdom,297.12
581015,12/7/2019,22344,Party Pizza Dish Pink Polkadot,6.04,24,13949,United Kingdom,144.96
581015,12/7/2019,22346,Party Pizza Dish Green Polkadot,6.04,24,13949,United Kingdom,144.96
581015,12/7/2019,22345,Party Pizza Dish Blue Polkadot,6.19,24,13949,United Kingdom,148.56
581015,12/7/2019,22343,Party Pizza Dish Red Retrospot,6.19,24,13949,United Kingdom,148.56
581015,12/7/2019,22756,Large Yellow Babushka Notebook,6.19,12,13949,United Kingdom,74.28
581015,12/7/2019,22785,Squarecushion Cover Pink Union Jack,6.19,12,13949,United Kingdom,74.28
581015,12/7/2019,22757,Large Red Babushka Notebook,6.19,12,13949,United Kingdom,74.28
581015,12/7/2019,22758,Large Purple Babushka Notebook,6.19,12,13949,United Kingdom,74.28
581015,12/7/2019,72800B,4 Purple Flock Dinner Candles,6.19,12,13949,United Kingdom,74.28
581015,12/7/2019,72800C,4 Pink Dinner Candle Silver Flock,6.19,12,13949,United Kingdom,74.28
581015,12/7/2019,84819,Danish Rose Round Sewing Box,6.19,16,13949,United Kingdom,99.04
581015,12/7/2019,84817,Danish Rose Decorative Plate,7.24,24,13949,United Kingdom,173.76
581015,12/7/2019,22753,Small Yellow Babushka Notebook,7.24,24,13949,United Kingdom,173.76
581015,12/7/2019,22754,Small Red Babushka Notebook,7.24,24,13949,United Kingdom,173.76
581015,12/7/2019,22755,Small Purple Babushka Notebook,7.24,24,13949,United Kingdom,173.76
581015,12/7/2019,22752,Set 7 Babushka Nesting Boxes,7.24,12,13949,United Kingdom,86.88
581015,12/7/2019,85176,Sewing Susan 21 Needle Set,7.24,12,13949,United Kingdom,86.88
581015,12/7/2019,22138,Baking Set 9 Piece Retrospot,7.24,3,13949,United Kingdom,21.72
581015,12/7/2019,84879,Assorted Colour Bird Ornament,7.24,24,13949,United Kingdom,173.76
581015,12/7/2019,20831,Gold Photo Frame,7.24,12,13949,United Kingdom,86.88
581015,12/7/2019,22405,Money Box Pocket Money Design,7.24,12,13949,United Kingdom,86.88
581015,12/7/2019,22406,Money Box Kings Choice Design,7.24,12,13949,United Kingdom,86.88
581015,12/7/2019,22410,Money Box Housekeeping Design,7.24,12,13949,United Kingdom,86.88
581015,12/7/2019,22407,Money Box First Aid Design,7.24,12,13949,United Kingdom,86.88
581015,12/7/2019,23206,Lunch Bag Apple Design,7.24,10,13949,United Kingdom,72.4
581015,12/7/2019,22384,Lunch Bag Pink Polkadot,7.24,10,13949,United Kingdom,72.4
581016,12/7/2019,22720,Set Of 3 Cake Tins Pantry Design,7.24,3,14141,United Kingdom,21.72
581016,12/7/2019,21181,Please One Person Metal Sign,7.24,24,14141,United Kingdom,173.76
581016,12/7/2019,21174,Pottering In The Shed Metal Sign,7.24,12,14141,United Kingdom,86.88
581016,12/7/2019,23426,Metal Sign Drop Your Pants,7.24,6,14141,United Kingdom,43.44
581016,12/7/2019,23530,Wall Art Only One Person,7.24,6,14141,United Kingdom,43.44
581016,12/7/2019,23321,Small White Heart Of Wicker,7.24,12,14141,United Kingdom,86.88
581016,12/7/2019,23243,Set Of Tea Coffee Sugar Tins Pantry,7.24,4,14141,United Kingdom,28.96
581016,12/7/2019,22112,Chocolate Hot Water Bottle,7.24,3,14141,United Kingdom,21.72
581016,12/7/2019,21485,Retrospot Heart Hot Water Bottle,7.24,3,14141,United Kingdom,21.72
581016,12/7/2019,23355,Hot Water Bottle Keep Calm,7.24,4,14141,United Kingdom,28.96
581017,12/7/2019,23338,Egg Frying Pan Red,7.24,6,14910,United Kingdom,43.44
581017,12/7/2019,85034C,3 Rose Morris Boxed Candles,7.24,12,14910,United Kingdom,86.88
581017,12/7/2019,22185,Slate Tile Natural Hanging,7.24,12,14910,United Kingdom,86.88
581017,12/7/2019,23335,Egg Frying Pan Ivory,7.24,6,14910,United Kingdom,43.44
581017,12/7/2019,22217,T-Light Holder Hanging Lace,7.24,24,14910,United Kingdom,173.76
581017,12/7/2019,21411,Gingham Heart Doorstop Red,7.24,8,14910,United Kingdom,57.92
581017,12/7/2019,22776,Sweetheart 3 Tier Cake Stand,7.24,2,14910,United Kingdom,14.48
581017,12/7/2019,23583,Lunch Bag Paisley Park,7.24,10,14910,United Kingdom,72.4
581018,12/7/2019,22560,Traditional Modelling Clay,7.24,24,13743,United Kingdom,173.76
581018,12/7/2019,23188,Vintage 2 Metre Folding Ruler,7.24,12,13743,United Kingdom,86.88
581018,12/7/2019,22493,Paint Your Own Canvas Set,7.24,24,13743,United Kingdom,173.76
581018,12/7/2019,22561,Wooden School Colouring Set,7.24,24,13743,United Kingdom,173.76
581018,12/7/2019,21891,Traditional Wooden Skipping Rope,7.24,24,13743,United Kingdom,173.76
581018,12/7/2019,22492,Mini Paint Set Vintage,7.24,108,13743,United Kingdom,781.92
581018,12/7/2019,84077,World War 2 Gliders Asstd Designs,7.24,144,13743,United Kingdom,1042.56
581019,12/7/2019,79321,Chilli Lights,7.24,8,14794,United Kingdom,57.92
581019,12/7/2019,84251G,Greeting Card Overcrowded Pool,6.19,12,14794,United Kingdom,74.28
581019,12/7/2019,22815,Card Psychedelic Apples,7.24,12,14794,United Kingdom,86.88
581019,12/7/2019,23245,Set Of 3 Regency Cake Tins,7.24,4,14794,United Kingdom,28.96
581019,12/7/2019,84926D,La Palmiera Tile Coaster,7.24,24,14794,United Kingdom,173.76
581019,12/7/2019,79051A,Smokey Grey Colour Glass,7.24,24,14794,United Kingdom,173.76
581019,12/7/2019,23697,A Pretty Thank You Card,7.24,12,14794,United Kingdom,86.88
581019,12/7/2019,84927F,Psychedelic Tile Hook,7.24,12,14794,United Kingdom,86.88
581019,12/7/2019,21463,Mirrored Disco Ball,7.24,2,14794,United Kingdom,14.48
581019,12/7/2019,22174,Photo Cube,6.19,24,14794,United Kingdom,148.56
581019,12/7/2019,22725,Alarm Clock Bakelike Chocolate,6.19,4,14794,United Kingdom,24.76
581019,12/7/2019,23202,Jumbo Bag Vintage Leaf,6.19,10,14794,United Kingdom,61.9
581019,12/7/2019,23344,Jumbo Bag 50'S Christmas,6.19,10,14794,United Kingdom,61.9
581020,12/7/2019,23579,Snack Tray I Love London,6.19,48,17511,United Kingdom,297.12
581020,12/7/2019,23576,Snack Tray Red Vintage Doily,6.19,48,17511,United Kingdom,297.12
581020,12/7/2019,23695,Doily Thank You Card,6.19,72,17511,United Kingdom,445.68
581020,12/7/2019,22314,Office Mug Warmer Choc+Blue,6.19,24,17511,United Kingdom,148.56
581020,12/7/2019,23312,Vintage Christmas Gift Sack,6.19,24,17511,United Kingdom,148.56
581020,12/7/2019,23311,Vintage Christmas Stocking,6.19,24,17511,United Kingdom,148.56
581020,12/7/2019,23313,Vintage Christmas Bunting,6.19,50,17511,United Kingdom,309.5
581020,12/7/2019,22910,Paper Chain Kit Vintage Christmas,6.19,120,17511,United Kingdom,742.8
581020,12/7/2019,22086,Paper Chain Kit 50'S Christmas,6.19,120,17511,United Kingdom,742.8
581020,12/7/2019,23247,Biscuit Tin 50'S Christmas,6.19,36,17511,United Kingdom,222.84
581020,12/7/2019,22578,Wooden Star Christmas Scandinavian,6.19,240,17511,United Kingdom,1485.6
581020,12/7/2019,20668,Disco Ball Christmas Decoration,6.19,576,17511,United Kingdom,3565.44
581020,12/7/2019,23082,Set 6 Paper Table Lantern Hearts,6.19,48,17511,United Kingdom,297.12
581020,12/7/2019,23109,Pack Of Six Led Tea Lights,6.19,96,17511,United Kingdom,594.24
581020,12/7/2019,84879,Assorted Colour Bird Ornament,6.19,160,17511,United Kingdom,990.4
581020,12/7/2019,82484,Wood Black Board Ant White Finish,6.19,24,17511,United Kingdom,148.56
581020,12/7/2019,22169,Family Album White Picture Frame,6.19,16,17511,United Kingdom,99.04
581020,12/7/2019,22170,Picture Frame Wood Triple Portrait,6.19,24,17511,United Kingdom,148.56
581020,12/7/2019,22768,Family Photo Frame Cornice,6.19,16,17511,United Kingdom,99.04
581020,12/7/2019,85123A,Cream Hanging Heart T-Light Holder,6.19,64,17511,United Kingdom,396.16
581020,12/7/2019,21242,Red Retrospot Plate,6.19,96,17511,United Kingdom,594.24
581020,12/7/2019,21245,Green Polkadot Plate,6.19,96,17511,United Kingdom,594.24
581020,12/7/2019,20677,Pink Polkadot Bowl,6.19,72,17511,United Kingdom,445.68
581020,12/7/2019,23240,Set Of 4 Knick Knack Tins Doily,6.19,48,17511,United Kingdom,297.12
581020,12/7/2019,23192,Bundle Of 3 Alphabet Exercise Books,6.19,48,17511,United Kingdom,297.12
581020,12/7/2019,22906,12 Message Cards With Envelopes,6.19,60,17511,United Kingdom,371.4
581020,12/7/2019,23229,Vintage Donkey Tail Game,6.19,36,17511,United Kingdom,222.84
581020,12/7/2019,23242,Treasure Tin Buffalo Bill,6.19,48,17511,United Kingdom,297.12
581020,12/7/2019,22197,Popcorn Holder,6.19,100,17511,United Kingdom,619
581020,12/7/2019,23501,Key Ring Baseball Boot Union Jack,6.19,100,17511,United Kingdom,619
581020,12/7/2019,23238,Set Of 4 Knick Knack Tins London,6.19,48,17511,United Kingdom,297.12
581020,12/7/2019,23300,Gardeners Kneeling Pad Cup Of Tea,6.19,48,17511,United Kingdom,297.12
581020,12/7/2019,23301,Gardeners Kneeling Pad Keep Calm,6.19,48,17511,United Kingdom,297.12
581020,12/7/2019,22706,Wrap Cowboys,6.19,25,17511,United Kingdom,154.75
581020,12/7/2019,23366,Set 12 Colouring Pencils Doily,6.19,48,17511,United Kingdom,297.12
581020,12/7/2019,22338,Star Decoration Painted Zinc,6.19,144,17511,United Kingdom,891.36
581020,12/7/2019,21928,Jumbo Bag Scandinavian Blue Paisley,6.19,100,17511,United Kingdom,619
581020,12/7/2019,23203,Jumbo Bag Vintage Doily,6.19,100,17511,United Kingdom,619
581020,12/7/2019,23582,Vintage Doily Jumbo Bag Red,6.04,100,17511,United Kingdom,604
581020,12/7/2019,23344,Jumbo Bag 50'S Christmas,6.04,100,17511,United Kingdom,604
581021,12/7/2019,22217,T-Light Holder Hanging Lace,6.04,12,14769,United Kingdom,72.48
581021,12/7/2019,22389,Paperweight Save The Planet,6.19,12,14769,United Kingdom,74.28
581021,12/7/2019,22393,Paperweight Vintage Collage,6.19,12,14769,United Kingdom,74.28
581021,12/7/2019,22464,Hanging Metal Heart Lantern,6.19,12,14769,United Kingdom,74.28
581021,12/7/2019,22465,Hanging Metal Star Lantern,6.19,12,14769,United Kingdom,74.28
581021,12/7/2019,22596,Christmas Star Wish List Chalkboard,6.19,12,14769,United Kingdom,74.28
581021,12/7/2019,22990,Cotton Apron Pantry Design,6.19,12,14769,United Kingdom,74.28
581021,12/7/2019,23562,Set Of 6 Ribbons Perfectly Pretty,6.19,6,14769,United Kingdom,37.14
581021,12/7/2019,23561,Set Of 6 Ribbons Party,6.19,6,14769,United Kingdom,37.14
581021,12/7/2019,22961,Jam Making Set Printed,6.19,12,14769,United Kingdom,74.28
581021,12/7/2019,22960,Jam Making Set With Jars,6.19,6,14769,United Kingdom,37.14
581021,12/7/2019,23031,Drawer Knob Crackle Glaze Pink,6.19,12,14769,United Kingdom,74.28
581021,12/7/2019,23275,Set Of 3 Hanging Owls Ollie Beak,6.19,12,14769,United Kingdom,74.28
581021,12/7/2019,22989,Set 2 Pantry Design Tea Towels,6.19,6,14769,United Kingdom,37.14
581021,12/7/2019,23338,Egg Frying Pan Red,6.19,6,14769,United Kingdom,37.14
581021,12/7/2019,23198,Pantry Magnetic Shopping List,6.19,12,14769,United Kingdom,74.28
581021,12/7/2019,23295,Set Of 12 Mini Loaf Baking Cases,6.19,8,14769,United Kingdom,49.52
581021,12/7/2019,23293,Set Of 12 Fairy Cake Baking Cases,6.19,8,14769,United Kingdom,49.52
581021,12/7/2019,23296,Set Of 6 Tea Time Baking Cases,6.19,8,14769,United Kingdom,49.52
581021,12/7/2019,23184,Bull Dog Bottle Opener,6.19,4,14769,United Kingdom,24.76
581021,12/7/2019,22722,Set Of 6 Spice Tins Pantry Design,6.19,4,14769,United Kingdom,24.76
581021,12/7/2019,22890,Novelty Biscuits Cake Stand 3 Tier,6.19,2,14769,United Kingdom,12.38
581021,12/7/2019,22423,Regency Cakestand 3 Tier,6.19,2,14769,United Kingdom,12.38
581021,12/7/2019,22138,Baking Set 9 Piece Retrospot,6.19,3,14769,United Kingdom,18.57
581022,12/7/2019,22086,Paper Chain Kit 50'S Christmas,6.19,12,12826,United Kingdom,74.28
581022,12/7/2019,21930,Jumbo Storage Bag Skulls,6.19,10,12826,United Kingdom,61.9
581022,12/7/2019,23582,Vintage Doily Jumbo Bag Red,6.19,10,12826,United Kingdom,61.9
581022,12/7/2019,23200,Jumbo Bag Pears,6.19,10,12826,United Kingdom,61.9
581022,12/7/2019,23344,Jumbo Bag 50'S Christmas,6.19,10,12826,United Kingdom,61.9
581022,12/7/2019,20727,Lunch Bag Black Skull,6.19,10,12826,United Kingdom,61.9
581023,12/7/2019,20674,Green Polkadot Bowl,6.19,4,13023,United Kingdom,24.76
581023,12/7/2019,20685,Doormat Red Retrospot,6.19,1,13023,United Kingdom,6.19
581023,12/7/2019,20717,Strawberry Shopper Bag,6.19,3,13023,United Kingdom,18.57
581023,12/7/2019,20718,Red Retrospot Shopper Bag,6.19,2,13023,United Kingdom,12.38
581023,12/7/2019,20749,Assorted Colour Mini Cases,6.19,1,13023,United Kingdom,6.19
581023,12/7/2019,20936,Forked Cactus Candle,6.19,1,13023,United Kingdom,6.19
581023,12/7/2019,20969,Red Floral Feltcraft Shoulder Bag,6.19,2,13023,United Kingdom,12.38
581023,12/7/2019,21137,Black Record Cover Frame,6.19,13,13023,United Kingdom,80.47
581023,12/7/2019,21155,Red Retrospot Peg Bag,6.19,5,13023,United Kingdom,30.95
581023,12/7/2019,21156,Retrospot Childrens Apron,6.19,1,13023,United Kingdom,6.19
581023,12/7/2019,21164,Home Sweet Home Metal Sign,6.19,1,13023,United Kingdom,6.19
581023,12/7/2019,21165,Beware Of The Cat Metal Sign,6.19,1,13023,United Kingdom,6.19
581023,12/7/2019,21169,You're Confusing Me Metal Sign,6.19,1,13023,United Kingdom,6.19
581023,12/7/2019,21174,Pottering In The Shed Metal Sign,6.19,3,13023,United Kingdom,18.57
581023,12/7/2019,21181,Please One Person Metal Sign,6.19,5,13023,United Kingdom,30.95
581023,12/7/2019,21201,Tropical Honeycomb Paper Garland,6.19,1,13023,United Kingdom,6.19
581023,12/7/2019,21210,Set Of 72 Retrospot Paper Doilies,6.19,1,13023,United Kingdom,6.19
581023,12/7/2019,21216,Set 3 Retrospot Tea/Coffee/Sugar,6.19,1,13023,United Kingdom,6.19
581023,12/7/2019,21218,Red Spotty Biscuit Tin,6.19,5,13023,United Kingdom,30.95
581023,12/7/2019,21232,Strawberry Ceramic Trinket Pot,6.19,10,13023,United Kingdom,61.9
581023,12/7/2019,21257,Victorian Sewing Box Medium,6.19,2,13023,United Kingdom,12.38
581023,12/7/2019,21328,Balloons Writing Set,6.19,2,13023,United Kingdom,12.38
581023,12/7/2019,21329,Dinosaurs Writing Set,6.19,2,13023,United Kingdom,12.38
581023,12/7/2019,21430,Set/3 Red Gingham Rose Storage Box,6.19,1,13023,United Kingdom,6.19
581023,12/7/2019,21485,Retrospot Heart Hot Water Bottle,6.19,3,13023,United Kingdom,18.57
581023,12/7/2019,21494,Rotating Leaves T-Light Holder,7.24,3,13023,United Kingdom,21.72
581023,12/7/2019,21559,Strawberry Lunch Box With Cutlery,7.24,3,13023,United Kingdom,21.72
581023,12/7/2019,21706,Folding Umbrella Red/White Polkadot,7.24,1,13023,United Kingdom,7.24
581023,12/7/2019,21731,Red Toadstool Led Night Light,7.24,1,13023,United Kingdom,7.24
581023,12/7/2019,21790,Vintage Snap Cards,7.24,1,13023,United Kingdom,7.24
581023,12/7/2019,21843,Red Retrospot Cake Stand,6.39,5,13023,United Kingdom,31.95
581023,12/7/2019,21864,Union Jack Flag Passport Cover,7.24,1,13023,United Kingdom,7.24
581023,12/7/2019,21871,Save The Planet Mug,7.24,4,13023,United Kingdom,28.96
581023,12/7/2019,21874,Gin And Tonic Mug,7.24,2,13023,United Kingdom,14.48
581023,12/7/2019,21912,Vintage Snakes & Ladders,7.24,1,13023,United Kingdom,7.24
581023,12/7/2019,21930,Jumbo Storage Bag Skulls,7.24,6,13023,United Kingdom,43.44
581023,12/7/2019,21931,Jumbo Storage Bag Suki,6.39,16,13023,United Kingdom,102.24
581023,12/7/2019,21934,Skull Shoulder Bag,6.04,2,13023,United Kingdom,12.08
581023,12/7/2019,21935,Suki Shoulder Bag,6.04,1,13023,United Kingdom,6.04
581023,12/7/2019,21948,Set Of 6 Cake Chopsticks,6.04,1,13023,United Kingdom,6.04
581023,12/7/2019,22041,"Record Frame 7"" Single Size",6.19,3,13023,United Kingdom,18.57
581023,12/7/2019,22069,Brown Pirate Treasure Chest,6.19,5,13023,United Kingdom,30.95
581023,12/7/2019,22077,6 Ribbons Rustic Charm,6.19,3,13023,United Kingdom,18.57
581023,12/7/2019,22086,Paper Chain Kit 50'S Christmas,6.19,55,13023,United Kingdom,340.45
581023,12/7/2019,22107,Pizza Plate In Box,6.19,1,13023,United Kingdom,6.19
581023,12/7/2019,22109,Full English Breakfast Plate,6.19,2,13023,United Kingdom,12.38
581023,12/7/2019,22114,Hot Water Bottle Tea And Sympathy,6.19,31,13023,United Kingdom,191.89
581023,12/7/2019,22131,Food Container Set 3 Love Heart,6.19,1,13023,United Kingdom,6.19
581023,12/7/2019,22135,Mini Ladle Love Heart Pink,6.19,1,13023,United Kingdom,6.19
581023,12/7/2019,22139,Retrospot Tea Set Ceramic 11 Pc,6.19,3,13023,United Kingdom,18.57
581023,12/7/2019,22141,Christmas Craft Tree Top Angel,6.19,4,13023,United Kingdom,24.76
581023,12/7/2019,22142,Christmas Craft White Fairy,6.19,3,13023,United Kingdom,18.57
581023,12/7/2019,22156,Heart Decoration With Pearls,6.19,1,13023,United Kingdom,6.19
581023,12/7/2019,22161,Heart Decoration Rustic Hanging,6.19,1,13023,United Kingdom,6.19
581023,12/7/2019,22173,Metal 4 Hook Hanger French Chateau,6.19,3,13023,United Kingdom,18.57
581023,12/7/2019,22175,Pink Owl Soft Toy,6.19,1,13023,United Kingdom,6.19
581023,12/7/2019,22179,Set 10 Night Owl Lights,6.19,1,13023,United Kingdom,6.19
581023,12/7/2019,22187,Green Christmas Tree Card Holder,6.19,4,13023,United Kingdom,24.76
581023,12/7/2019,22199,Frying Pan Red Retrospot,6.19,1,13023,United Kingdom,6.19
581023,12/7/2019,22203,Milk Pan Red Retrospot,6.19,2,13023,United Kingdom,12.38
581023,12/7/2019,22207,Frying Pan Union Flag,6.19,1,13023,United Kingdom,6.19
581023,12/7/2019,22278,Overnight Bag Vintage Rose Paisley,6.19,4,13023,United Kingdom,24.76
581023,12/7/2019,22297,Heart Ivory Trellis Small,6.19,2,13023,United Kingdom,12.38
581023,12/7/2019,22308,Tea Cosy Blue Stripe,6.19,1,13023,United Kingdom,6.19
581023,12/7/2019,22327,Round Snack Boxes Set Of 4 Skulls,6.19,2,13023,United Kingdom,12.38
581023,12/7/2019,22328,Round Snack Boxes Set Of 4 Fruits,6.19,3,13023,United Kingdom,18.57
581023,12/7/2019,22340,Noel Garland Painted Zinc,6.19,1,13023,United Kingdom,6.19
581023,12/7/2019,22357,Kings Choice Biscuit Tin,6.19,1,13023,United Kingdom,6.19
581023,12/7/2019,22367,Childrens Apron Spaceboy Design,6.19,2,13023,United Kingdom,12.38
581023,12/7/2019,22379,Recycling Bag Retrospot,6.19,1,13023,United Kingdom,6.19
581023,12/7/2019,22411,Jumbo Shopper Vintage Red Paisley,6.19,10,13023,United Kingdom,61.9
581023,12/7/2019,22422,Toothpaste Tube Pen,6.19,2,13023,United Kingdom,12.38
581023,12/7/2019,22424,Enamel Bread Bin Cream,6.19,1,13023,United Kingdom,6.19
581023,12/7/2019,22428,Enamel Fire Bucket Cream,6.19,1,13023,United Kingdom,6.19
581023,12/7/2019,22429,Enamel Measuring Jug Cream,6.19,1,13023,United Kingdom,6.19
581023,12/7/2019,22431,Watering Can Blue Elephant,6.19,1,13023,United Kingdom,6.19
581023,12/7/2019,22457,Natural Slate Heart Chalkboard,6.19,4,13023,United Kingdom,24.76
581023,12/7/2019,22469,Heart Of Wicker Small,6.19,3,13023,United Kingdom,18.57
581023,12/7/2019,22472,Tv Dinner Tray Dolly Girl,6.19,1,13023,United Kingdom,6.19
581023,12/7/2019,22499,Wooden Union Jack Bunting,6.19,3,13023,United Kingdom,18.57
581023,12/7/2019,22507,Memo Board Retrospot Design,6.19,4,13023,United Kingdom,24.76
581023,12/7/2019,22550,Holiday Fun Ludo,6.19,1,13023,United Kingdom,6.19
581023,12/7/2019,22551,Plasters In Tin Spaceboy,6.04,1,13023,United Kingdom,6.04
581023,12/7/2019,22553,Plasters In Tin Skulls,6.04,1,13023,United Kingdom,6.04
581023,12/7/2019,22605,Wooden Croquet Garden Set,6.04,1,13023,United Kingdom,6.04
581023,12/7/2019,22621,Traditional Knitting Nancy,6.04,7,13023,United Kingdom,42.28
581023,12/7/2019,22629,Spaceboy Lunch Box,6.04,1,13023,United Kingdom,6.04
581023,12/7/2019,22630,Dolly Girl Lunch Box,6.04,3,13023,United Kingdom,18.12
581023,12/7/2019,22644,Ceramic Cherry Cake Money Bank,6.19,1,13023,United Kingdom,6.19
581023,12/7/2019,22645,Ceramic Heart Fairy Cake Money Bank,6.19,5,13023,United Kingdom,30.95
581023,12/7/2019,22650,Ceramic Pirate Chest Money Bank,6.19,1,13023,United Kingdom,6.19
581023,12/7/2019,22654,Deluxe Sewing Kit,6.19,2,13023,United Kingdom,12.38
581023,12/7/2019,22659,Lunch Box I Love London,6.19,1,13023,United Kingdom,6.19
581023,12/7/2019,22666,Recipe Box Pantry Yellow Design,6.19,15,13023,United Kingdom,92.85
581023,12/7/2019,22680,French Blue Metal Door Sign 5,6.19,1,13023,United Kingdom,6.19
581023,12/7/2019,22692,Doormat Welcome To Our Home,7.24,1,13023,United Kingdom,7.24
581023,12/7/2019,22697,Green Regency Teacup And Saucer,7.24,4,13023,United Kingdom,28.96
581023,12/7/2019,22698,Pink Regency Teacup And Saucer,7.24,5,13023,United Kingdom,36.2
581023,12/7/2019,22699,Roses Regency Teacup And Saucer,7.24,3,13023,United Kingdom,21.72
581023,12/7/2019,22720,Set Of 3 Cake Tins Pantry Design,7.24,6,13023,United Kingdom,43.44
581023,12/7/2019,22721,Set Of 3 Cake Tins Sketchbook,6.39,1,13023,United Kingdom,6.39
581023,12/7/2019,22728,Alarm Clock Bakelike Pink,7.24,1,13023,United Kingdom,7.24
581023,12/7/2019,22731,3d Christmas Stamps Stickers,7.24,2,13023,United Kingdom,14.48
581023,12/7/2019,22732,3d Vintage Christmas Stickers,7.24,1,13023,United Kingdom,7.24
581023,12/7/2019,22733,3d Traditional Christmas Stickers,7.24,2,13023,United Kingdom,14.48
581023,12/7/2019,22734,Set Of 6 Ribbons Vintage Christmas,7.24,6,13023,United Kingdom,43.44
581023,12/7/2019,22739,Ribbon Reel Christmas Sock Bauble,7.24,4,13023,United Kingdom,28.96
581023,12/7/2019,22755,Small Purple Babushka Notebook,6.19,1,13023,United Kingdom,6.19
581023,12/7/2019,22776,Sweetheart 3 Tier Cake Stand,6.19,3,13023,United Kingdom,18.57
581023,12/7/2019,22795,Sweetheart Recipe Book Stand,6.19,2,13023,United Kingdom,12.38
581023,12/7/2019,22813,Pack 3 Boxes Bird Panettone,6.19,3,13023,United Kingdom,18.57
581023,12/7/2019,22838,3 Tier Cake Tin Red And Cream,6.19,1,13023,United Kingdom,6.19
581023,12/7/2019,22844,Vintage Cream Dog Food Container,6.19,1,13023,United Kingdom,6.19
581023,12/7/2019,22865,Hand Warmer Owl Design,6.19,1,13023,United Kingdom,6.19
581023,12/7/2019,22866,Hand Warmer Scotty Dog Design,6.19,2,13023,United Kingdom,12.38
581023,12/7/2019,22867,Hand Warmer Bird Design,6.19,1,13023,United Kingdom,6.19
581023,12/7/2019,22891,Tea For One Polkadot,6.19,2,13023,United Kingdom,12.38
581023,12/7/2019,22900,Set 2 Tea Towels I Love London,6.19,4,13023,United Kingdom,24.76
581023,12/7/2019,22936,Baking Mould Rose White Chocolate,6.19,1,13023,United Kingdom,6.19
581023,12/7/2019,22941,Christmas Lights 10 Reindeer,6.19,1,13023,United Kingdom,6.19
581023,12/7/2019,22952,60 Cake Cases Vintage Christmas,6.19,13,13023,United Kingdom,80.47
581023,12/7/2019,22960,Jam Making Set With Jars,6.19,5,13023,United Kingdom,30.95
581023,12/7/2019,22961,Jam Making Set Printed,6.19,7,13023,United Kingdom,43.33
581023,12/7/2019,22964,3 Piece Spaceboy Cookie Cutter Set,6.19,1,13023,United Kingdom,6.19
581023,12/7/2019,22975,Spaceboy Childrens Egg Cup,6.13,1,13023,United Kingdom,6.13
581023,12/7/2019,22993,Set Of 4 Pantry Jelly Moulds,6.13,1,13023,United Kingdom,6.13
581023,12/7/2019,22998,Travel Card Wallet Keep Calm,6.19,3,13023,United Kingdom,18.57
581023,12/7/2019,23000,Travel Card Wallet Transport,6.19,1,13023,United Kingdom,6.19
581023,12/7/2019,23013,Glass Apothecary Bottle Tonic,6.19,1,13023,United Kingdom,6.19
581023,12/7/2019,23014,Glass Apothecary Bottle Elixir,6.19,1,13023,United Kingdom,6.19
581023,12/7/2019,23045,Paper Lantern 5 Point Star Moon,6.19,1,13023,United Kingdom,6.19
581023,12/7/2019,23080,Red Metal Box Top Secret,6.19,2,13023,United Kingdom,12.38
581023,12/7/2019,23083,Set 6 Paper Table Lantern Stars,6.19,1,13023,United Kingdom,6.19
581023,12/7/2019,23122,Party Charms 50 Pieces,6.19,1,13023,United Kingdom,6.19
581023,12/7/2019,23158,Set Of 5 Lucky Cat Magnets,6.19,1,13023,United Kingdom,6.19
581023,12/7/2019,23163,Regency Sugar Tongs,6.19,1,13023,United Kingdom,6.19
581023,12/7/2019,23170,Regency Tea Plate Roses,6.19,7,13023,United Kingdom,43.33
581023,12/7/2019,23171,Regency Tea Plate Green,6.19,3,13023,United Kingdom,18.57
581023,12/7/2019,23172,Regency Tea Plate Pink,6.19,7,13023,United Kingdom,43.33
581023,12/7/2019,23174,Regency Sugar Bowl Green,6.19,1,13023,United Kingdom,6.19
581023,12/7/2019,23175,Regency Milk Jug Pink,6.19,1,13023,United Kingdom,6.19
581023,12/7/2019,23182,Toilet Sign Occupied Or Vacant,6.19,3,13023,United Kingdom,18.57
581023,12/7/2019,23194,Gymkhana Treasure Book Box,6.19,1,13023,United Kingdom,6.19
581023,12/7/2019,23197,Sketchbook Magnetic Shopping List,6.19,1,13023,United Kingdom,6.19
581023,12/7/2019,23236,Storage Tin Vintage Doily,6.19,1,13023,United Kingdom,6.19
581023,12/7/2019,23241,Treasure Tin Gymkhana Design,6.19,1,13023,United Kingdom,6.19
581023,12/7/2019,23243,Set Of Tea Coffee Sugar Tins Pantry,6.19,1,13023,United Kingdom,6.19
581023,12/7/2019,23245,Set Of 3 Regency Cake Tins,6.19,7,13023,United Kingdom,43.33
581023,12/7/2019,23283,Doormat Vintage Leaf,6.19,2,13023,United Kingdom,12.38
581023,12/7/2019,23284,Doormat Keep Calm And Come In,6.19,2,13023,United Kingdom,12.38
581023,12/7/2019,23298,Spotty Bunting,6.19,1,13023,United Kingdom,6.19
581023,12/7/2019,23300,Gardeners Kneeling Pad Cup Of Tea,6.19,3,13023,United Kingdom,18.57
581023,12/7/2019,23301,Gardeners Kneeling Pad Keep Calm,6.19,64,13023,United Kingdom,396.16
581023,12/7/2019,23311,Vintage Christmas Stocking,6.19,18,13023,United Kingdom,111.42
581023,12/7/2019,23328,Set 6 School Milk Bottles In Crate,6.19,4,13023,United Kingdom,24.76
581023,12/7/2019,23349,Roll Wrap Vintage Christmas,6.19,10,13023,United Kingdom,61.9
581023,12/7/2019,23350,Roll Wrap Vintage Spot,6.19,4,13023,United Kingdom,24.76
581023,12/7/2019,23351,Roll Wrap 50'S Christmas,6.19,20,13023,United Kingdom,123.8
581023,12/7/2019,23352,Roll Wrap 50'S Red Christmas,6.19,8,13023,United Kingdom,49.52
581023,12/7/2019,23353,6 Gift Tags Vintage Christmas,6.19,10,13023,United Kingdom,61.9
581023,12/7/2019,23354,6 Gift Tags 50'S Christmas,6.19,8,13023,United Kingdom,49.52
581023,12/7/2019,23365,Set 12 Colour Pencils Love London,6.19,1,13023,United Kingdom,6.19
581023,12/7/2019,23382,Box Of 6 Christmas Cake Decorations,6.19,3,13023,United Kingdom,18.57
581023,12/7/2019,23389,Spaceboy Mini Backpack,6.19,1,13023,United Kingdom,6.19
581023,12/7/2019,23391,I Love London Mini Backpack,6.19,2,13023,United Kingdom,12.38
581023,12/7/2019,23394,Poste France Cushion Cover,6.19,1,13023,United Kingdom,6.19
581023,12/7/2019,23403,Letter Holder Home Sweet Home,6.19,1,13023,United Kingdom,6.19
581023,12/7/2019,23461,Sweetheart Bird House,6.19,3,13023,United Kingdom,18.57
581023,12/7/2019,23480,Mini Lights Woodland Mushrooms,6.19,1,13023,United Kingdom,6.19
581023,12/7/2019,23486,Antique Heart Shelf Unit,6.19,2,13023,United Kingdom,12.38
581023,12/7/2019,23501,Key Ring Baseball Boot Union Jack,6.19,1,13023,United Kingdom,6.19
581023,12/7/2019,23504,Playing Cards Jubilee Union Jack,6.19,1,13023,United Kingdom,6.19
581023,12/7/2019,23526,Wall Art Dog Licence,6.19,1,13023,United Kingdom,6.19
581023,12/7/2019,23559,Woodland Bunnies Lolly Makers,6.19,1,13023,United Kingdom,6.19
581023,12/7/2019,23564,Egg Cup Milkmaid Ingrid,6.19,1,13023,United Kingdom,6.19
581023,12/7/2019,23566,Egg Cup Milkmaid Heidi,6.19,2,13023,United Kingdom,12.38
581023,12/7/2019,37340,Multicolour Spring Flower Mug,6.19,6,13023,United Kingdom,37.14
581023,12/7/2019,48116,Doormat Multicolour Stripe,6.19,2,13023,United Kingdom,12.38
581023,12/7/2019,48138,Doormat Union Flag,6.19,1,13023,United Kingdom,6.19
581023,12/7/2019,72349B,Set/6 Purple Butterfly T-Lights,6.19,4,13023,United Kingdom,24.76
581023,12/7/2019,72801C,4 Rose Pink Dinner Candles,6.19,2,13023,United Kingdom,12.38
581023,12/7/2019,79321,Chilli Lights,6.19,3,13023,United Kingdom,18.57
581023,12/7/2019,82001S,Silver Record Cover Frame,6.19,3,13023,United Kingdom,18.57
581023,12/7/2019,82482,Wooden Picture Frame White Finish,6.19,4,13023,United Kingdom,24.76
581023,12/7/2019,82494L,Wooden Frame Antique White,6.19,6,13023,United Kingdom,37.14
581023,12/7/2019,82551,Laundry 15c Metal Sign,6.19,1,13023,United Kingdom,6.19
581023,12/7/2019,82552,Washroom Metal Sign,6.19,1,13023,United Kingdom,6.19
581023,12/7/2019,84029E,Red Woolly Hottie White Heart,6.19,6,13023,United Kingdom,37.14
581023,12/7/2019,84032A,Charlie+Lola Pink Hot Water Bottle,6.19,3,13023,United Kingdom,18.57
581023,12/7/2019,84032B,Charlie + Lola Red Hot Water Bottle,6.19,4,13023,United Kingdom,24.76
581023,12/7/2019,84884A,Ant White Wire Heart Spiral,6.19,2,13023,United Kingdom,12.38
581023,12/7/2019,84970L,Single Heart Zinc T-Light Holder,6.19,1,13023,United Kingdom,6.19
581023,12/7/2019,84970S,Hanging Heart Zinc T-Light Holder,6.19,4,13023,United Kingdom,24.76
581023,12/7/2019,84997D,Childrens Cutlery Polkadot Pink,6.19,1,13023,United Kingdom,6.19
581023,12/7/2019,85038,6 Chocolate Love Heart T-Lights,6.19,1,13023,United Kingdom,6.19
581023,12/7/2019,85049A,Traditional Christmas Ribbons,6.19,9,13023,United Kingdom,55.71
581023,12/7/2019,85049E,Scandinavian Reds Ribbons,6.19,2,13023,United Kingdom,12.38
581023,12/7/2019,85066,Cream Sweetheart Mini Chest,6.19,1,13023,United Kingdom,6.19
581023,12/7/2019,85123A,Cream Hanging Heart T-Light Holder,6.19,2,13023,United Kingdom,12.38
581023,12/7/2019,85174,S/4 Cacti Candles,6.19,1,13023,United Kingdom,6.19
581023,12/7/2019,20712,Jumbo Bag Woodland Animals,6.19,7,13023,United Kingdom,43.33
581023,12/7/2019,20713,Jumbo Bag Owls,6.19,3,13023,United Kingdom,18.57
581023,12/7/2019,22386,Jumbo Bag Pink Polkadot,6.19,3,13023,United Kingdom,18.57
581023,12/7/2019,22663,Jumbo Bag Dolly Girl Design,6.19,1,13023,United Kingdom,6.19
581023,12/7/2019,23199,Jumbo Bag Apples,6.19,7,13023,United Kingdom,43.33
581023,12/7/2019,23201,Jumbo Bag Alphabet,6.19,2,13023,United Kingdom,12.38
581023,12/7/2019,23344,Jumbo Bag 50'S Christmas,6.19,3,13023,United Kingdom,18.57
581023,12/7/2019,85099B,Jumbo Bag Red Retrospot,6.19,9,13023,United Kingdom,55.71
581023,12/7/2019,85099C,Jumbo Bag Baroque Black White,6.19,4,13023,United Kingdom,24.76
581023,12/7/2019,20726,Lunch Bag Woodland,6.04,4,13023,United Kingdom,24.16
581023,12/7/2019,20728,Lunch Bag Cars Blue,6.19,3,13023,United Kingdom,18.57
581023,12/7/2019,23374,Red Spot Paper Gift Bag,6.19,1,13023,United Kingdom,6.19
581023,12/7/2019,23436,Vintage Christmas Gift Bag Large,6.19,1,13023,United Kingdom,6.19
581023,12/7/2019,23437,50'S Christmas Gift Bag Large,6.19,1,13023,United Kingdom,6.19
581027,12/7/2019,21931,Jumbo Storage Bag Suki,6.19,10,17091,United Kingdom,61.9
581027,12/7/2019,22411,Jumbo Shopper Vintage Red Paisley,6.19,10,17091,United Kingdom,61.9
581027,12/7/2019,22112,Chocolate Hot Water Bottle,6.19,6,17091,United Kingdom,37.14
581027,12/7/2019,22111,Scottie Dog Hot Water Bottle,6.19,6,17091,United Kingdom,37.14
581027,12/7/2019,21485,Retrospot Heart Hot Water Bottle,6.13,3,17091,United Kingdom,18.39
581027,12/7/2019,22114,Hot Water Bottle Tea And Sympathy,6.19,4,17091,United Kingdom,24.76
581027,12/7/2019,21479,White Skull Hot Water Bottle,6.19,4,17091,United Kingdom,24.76
581027,12/7/2019,23356,Love Hot Water Bottle,6.19,3,17091,United Kingdom,18.57
581027,12/7/2019,84029G,Knitted Union Flag Hot Water Bottle,6.19,4,17091,United Kingdom,24.76
581027,12/7/2019,23581,Jumbo Bag Paisley Park,6.19,10,17091,United Kingdom,61.9
581027,12/7/2019,23582,Vintage Doily Jumbo Bag Red,6.19,10,17091,United Kingdom,61.9
581027,12/7/2019,21929,Jumbo Bag Pink Vintage Paisley,6.19,10,17091,United Kingdom,61.9
581027,12/7/2019,21928,Jumbo Bag Scandinavian Blue Paisley,6.19,10,17091,United Kingdom,61.9
581027,12/7/2019,22385,Jumbo Bag Spaceboy Design,6.19,10,17091,United Kingdom,61.9
581027,12/7/2019,22663,Jumbo Bag Dolly Girl Design,6.19,10,17091,United Kingdom,61.9
581027,12/7/2019,22386,Jumbo Bag Pink Polkadot,6.19,10,17091,United Kingdom,61.9
581027,12/7/2019,23199,Jumbo Bag Apples,6.19,10,17091,United Kingdom,61.9
581027,12/7/2019,23202,Jumbo Bag Vintage Leaf,6.19,10,17091,United Kingdom,61.9
581027,12/7/2019,23203,Jumbo Bag Vintage Doily,6.19,10,17091,United Kingdom,61.9
581027,12/7/2019,85099F,Jumbo Bag Strawberry,6.19,10,17091,United Kingdom,61.9
581027,12/7/2019,85099B,Jumbo Bag Red Retrospot,6.19,10,17091,United Kingdom,61.9
581027,12/7/2019,23583,Lunch Bag Paisley Park,6.19,10,17091,United Kingdom,61.9
581034,12/7/2019,22086,Paper Chain Kit 50'S Christmas,6.19,40,17049,United Kingdom,247.6
581034,12/7/2019,20724,Red Retrospot Charlotte Bag,6.19,10,17049,United Kingdom,61.9
581034,12/7/2019,20719,Woodland Charlotte Bag,6.19,10,17049,United Kingdom,61.9
581034,12/7/2019,21931,Jumbo Storage Bag Suki,6.19,10,17049,United Kingdom,61.9
581034,12/7/2019,22578,Wooden Star Christmas Scandinavian,6.19,24,17049,United Kingdom,148.56
581034,12/7/2019,22581,Wood Stocking Christmas Scandispot,6.19,24,17049,United Kingdom,148.56
581034,12/7/2019,22112,Chocolate Hot Water Bottle,6.19,3,17049,United Kingdom,18.57
581034,12/7/2019,22114,Hot Water Bottle Tea And Sympathy,6.19,4,17049,United Kingdom,24.76
581034,12/7/2019,23356,Love Hot Water Bottle,6.19,3,17049,United Kingdom,18.57
581034,12/7/2019,23499,Set 12 Vintage Doily Chalk,6.19,24,17049,United Kingdom,148.56
581034,12/7/2019,22507,Memo Board Retrospot Design,6.19,4,17049,United Kingdom,24.76
581034,12/7/2019,22726,Alarm Clock Bakelike Green,6.19,4,17049,United Kingdom,24.76
581034,12/7/2019,22727,Alarm Clock Bakelike Red,6.19,4,17049,United Kingdom,24.76
581034,12/7/2019,23344,Jumbo Bag 50'S Christmas,6.19,10,17049,United Kingdom,61.9
581034,12/7/2019,23582,Vintage Doily Jumbo Bag Red,6.19,10,17049,United Kingdom,61.9
581034,12/7/2019,23343,Jumbo Bag Vintage Christmas,6.19,10,17049,United Kingdom,61.9
581034,12/7/2019,23203,Jumbo Bag Vintage Doily,6.19,10,17049,United Kingdom,61.9
581034,12/7/2019,23583,Lunch Bag Paisley Park,6.19,10,17049,United Kingdom,61.9
581034,12/7/2019,20726,Lunch Bag Woodland,6.19,10,17049,United Kingdom,61.9
581034,12/7/2019,22383,Lunch Bag Suki Design,6.19,10,17049,United Kingdom,61.9
581057,12/7/2019,22086,Paper Chain Kit 50'S Christmas,6.19,12,16817,United Kingdom,74.28
581057,12/7/2019,22112,Chocolate Hot Water Bottle,6.19,6,16817,United Kingdom,37.14
581057,12/7/2019,23407,Set Of 2 Trays Home Sweet Home,6.04,2,16817,United Kingdom,12.08
581057,12/7/2019,22144,Christmas Craft Little Friends,6.04,6,16817,United Kingdom,36.24
581057,12/7/2019,22784,Lantern Cream Gazebo,6.04,3,16817,United Kingdom,18.12
581057,12/7/2019,21703,Bag 125g Swirly Marbles,7.24,12,16817,United Kingdom,86.88
581057,12/7/2019,23405,Home Sweet Home 2 Drawer Cabinet,7.24,4,16817,United Kingdom,28.96
581057,12/7/2019,22464,Hanging Metal Heart Lantern,7.24,12,16817,United Kingdom,86.88
581057,12/7/2019,22465,Hanging Metal Star Lantern,7.24,12,16817,United Kingdom,86.88
581057,12/7/2019,22743,Make Your Own Flowerpower Card Kit,7.24,12,16817,United Kingdom,86.88
581057,12/7/2019,22742,Make Your Own Playtime Card Kit,7.24,12,16817,United Kingdom,86.88
581057,12/7/2019,23139,Single Wire Hook Pink Heart,7.24,24,16817,United Kingdom,173.76
581057,12/7/2019,23417,Bathroom Hook,7.24,12,16817,United Kingdom,86.88
581057,12/7/2019,23415,Home Sweet Home Hook,7.24,12,16817,United Kingdom,86.88
581057,12/7/2019,84707A,Silver Jewelled Mirror Trinket Tray,7.24,12,16817,United Kingdom,86.88
581058,12/7/2019,22694,Wicker Star,6.19,12,15969,United Kingdom,74.28
581058,12/7/2019,22763,Key Cabinet Ma Campagne,6.19,4,15969,United Kingdom,24.76
581058,12/7/2019,22762,Cupboard 3 Drawer Ma Campagne,6.19,4,15969,United Kingdom,24.76
581058,12/7/2019,20836,French Paisley Cushion Cover,6.19,12,15969,United Kingdom,74.28
581059,12/7/2019,23349,Roll Wrap Vintage Christmas,6.19,12,13267,United Kingdom,74.28
581059,12/7/2019,22730,Alarm Clock Bakelike Ivory,6.19,4,13267,United Kingdom,24.76
581059,12/7/2019,22627,Mint Kitchen Scales,6.19,2,13267,United Kingdom,12.38
581059,12/7/2019,22423,Regency Cakestand 3 Tier,6.19,2,13267,United Kingdom,12.38
581059,12/7/2019,22690,Doormat Home Sweet Home Blue,6.19,4,13267,United Kingdom,24.76
581059,12/7/2019,22699,Roses Regency Teacup And Saucer,6.19,6,13267,United Kingdom,37.14
581059,12/7/2019,79321,Chilli Lights,6.19,4,13267,United Kingdom,24.76
581059,12/7/2019,22910,Paper Chain Kit Vintage Christmas,6.19,6,13267,United Kingdom,37.14
581059,12/7/2019,21137,Black Record Cover Frame,6.19,4,13267,United Kingdom,24.76
581059,12/7/2019,23290,Spaceboy Childrens Bowl,6.19,8,13267,United Kingdom,49.52
581059,12/7/2019,23292,Spaceboy Childrens Cup,6.19,8,13267,United Kingdom,49.52
581059,12/7/2019,22150,3 Stripey Mice Feltcraft,6.19,6,13267,United Kingdom,37.14
581059,12/7/2019,23439,Hand Warmer Red Love Heart,6.19,12,13267,United Kingdom,74.28
581059,12/7/2019,22867,Hand Warmer Bird Design,6.19,24,13267,United Kingdom,148.56
581059,12/7/2019,23168,Classic Cafe Sugar Dispenser,6.19,12,13267,United Kingdom,74.28
581064,12/7/2019,84946,Antique Silver T-Light Glass,6.19,12,13882,United Kingdom,74.28
581064,12/7/2019,21285,Retrospot Candle Medium,6.19,12,13882,United Kingdom,74.28
581064,12/7/2019,21592,Retrospot Cigar Box Matches,6.19,48,13882,United Kingdom,297.12
581064,12/7/2019,22217,T-Light Holder Hanging Lace,6.19,24,13882,United Kingdom,148.56
581064,12/7/2019,22596,Christmas Star Wish List Chalkboard,6.19,12,13882,United Kingdom,74.28
581064,12/7/2019,22638,Set Of 4 Napkin Charms Crowns,6.19,32,13882,United Kingdom,198.08
581064,12/7/2019,22639,Set Of 4 Napkin Charms Hearts,6.19,32,13882,United Kingdom,198.08
581064,12/7/2019,22643,Set Of 4 Napkin Charms Leaves,6.19,32,13882,United Kingdom,198.08
581064,12/7/2019,22642,Set Of 4 Napkin Charms Stars,6.19,32,13882,United Kingdom,198.08
581064,12/7/2019,23106,Zinc Hearts Plant Pot Holder,6.19,16,13882,United Kingdom,99.04
581064,12/7/2019,21822,Glitter Christmas Tree With Bells,6.19,12,13882,United Kingdom,74.28
581064,12/7/2019,21810,Christmas Hanging Star With Bell,6.19,24,13882,United Kingdom,148.56
581064,12/7/2019,22338,Star Decoration Painted Zinc,6.19,24,13882,United Kingdom,148.56
581064,12/7/2019,22581,Wood Stocking Christmas Scandispot,6.19,12,13882,United Kingdom,74.28
581068,12/7/2019,23232,Wrap Vintage Leaf Design,6.19,25,16191,United Kingdom,154.75
581068,12/7/2019,22798,Antique Glass Dressing Table Pot,6.19,12,16191,United Kingdom,74.28
581068,12/7/2019,71477,Coloured Glass Star T-Light Holder,6.19,24,16191,United Kingdom,148.56
581068,12/7/2019,22952,60 Cake Cases Vintage Christmas,6.19,36,16191,United Kingdom,222.84
581068,12/7/2019,23275,Set Of 3 Hanging Owls Ollie Beak,6.19,80,16191,United Kingdom,495.2
581074,12/7/2019,22970,London Bus Coffee Mug,6.19,6,15568,United Kingdom,37.14
581074,12/7/2019,22633,Hand Warmer Union Jack,6.19,15,15568,United Kingdom,92.85
581074,12/7/2019,23505,Playing Cards I Love London,6.19,4,15568,United Kingdom,24.76
581074,12/7/2019,23504,Playing Cards Jubilee Union Jack,6.19,6,15568,United Kingdom,37.14
581074,12/7/2019,23503,Playing Cards Keep Calm & Carry On,6.19,4,15568,United Kingdom,24.76
581074,12/7/2019,22659,Lunch Box I Love London,6.19,3,15568,United Kingdom,18.57
581074,12/7/2019,22997,Travel Card Wallet Union Jack,6.19,24,15568,United Kingdom,148.56
581074,12/7/2019,22998,Travel Card Wallet Keep Calm,6.19,24,15568,United Kingdom,148.56
581074,12/7/2019,23005,Travel Card Wallet I Love London,6.19,24,15568,United Kingdom,148.56
581074,12/7/2019,22616,Pack Of 12 London Tissues,6.19,12,15568,United Kingdom,74.28
581074,12/7/2019,22900,Set 2 Tea Towels I Love London,6.19,10,15568,United Kingdom,61.9
581074,12/7/2019,23391,I Love London Mini Backpack,6.19,4,15568,United Kingdom,24.76
581074,12/7/2019,23238,Set Of 4 Knick Knack Tins London,6.19,6,15568,United Kingdom,37.14
581074,12/7/2019,23355,Hot Water Bottle Keep Calm,6.19,24,15568,United Kingdom,148.56
581074,12/7/2019,22112,Chocolate Hot Water Bottle,6.19,4,15568,United Kingdom,24.76
581074,12/7/2019,84029G,Knitted Union Flag Hot Water Bottle,6.19,8,15568,United Kingdom,49.52
581074,12/7/2019,23357,Hot Water Bottle Sex Bomb,6.19,2,15568,United Kingdom,12.38
581095,12/7/2019,23320,Giant 50'S Christmas Cracker,6.19,3,17238,United Kingdom,18.57
581095,12/7/2019,22086,Paper Chain Kit 50'S Christmas,6.19,4,17238,United Kingdom,24.76
581095,12/7/2019,23351,Roll Wrap 50'S Christmas,6.19,2,17238,United Kingdom,12.38
581095,12/7/2019,17003,Brocade Ring Purse,6.19,34,17238,United Kingdom,210.46
581095,12/7/2019,22940,Feltcraft Christmas Fairy,6.19,6,17238,United Kingdom,37.14
581095,12/7/2019,22750,Feltcraft Princess Lola Doll,6.19,5,17238,United Kingdom,30.95
581095,12/7/2019,22749,Feltcraft Princess Charlotte Doll,6.19,5,17238,United Kingdom,30.95
581095,12/7/2019,23084,Rabbit Night Light,6.19,5,17238,United Kingdom,30.95
581095,12/7/2019,23313,Vintage Christmas Bunting,6.19,4,17238,United Kingdom,24.76
581095,12/7/2019,85034B,3 White Choc Morris Boxed Candles,6.19,4,17238,United Kingdom,24.76
581095,12/7/2019,23344,Jumbo Bag 50'S Christmas,6.19,2,17238,United Kingdom,12.38
581095,12/7/2019,23437,50'S Christmas Gift Bag Large,6.19,4,17238,United Kingdom,24.76
581096,12/7/2019,23240,Set Of 4 Knick Knack Tins Doily,6.19,6,17412,United Kingdom,37.14
581096,12/7/2019,23480,Mini Lights Woodland Mushrooms,6.19,4,17412,United Kingdom,24.76
581096,12/7/2019,21731,Red Toadstool Led Night Light,6.19,12,17412,United Kingdom,74.28
581096,12/7/2019,22086,Paper Chain Kit 50'S Christmas,6.19,6,17412,United Kingdom,37.14
581096,12/7/2019,21481,Fawn Blue Hot Water Bottle,6.19,4,17412,United Kingdom,24.76
581096,12/7/2019,21914,Blue Harmonica In Box,6.19,12,17412,United Kingdom,74.28
581096,12/7/2019,22867,Hand Warmer Bird Design,6.19,12,17412,United Kingdom,74.28
581096,12/7/2019,23203,Jumbo Bag Vintage Doily,6.19,10,17412,United Kingdom,61.9
581096,12/7/2019,23209,Lunch Bag Vintage Doily,6.19,10,17412,United Kingdom,61.9
581096,12/7/2019,20725,Lunch Bag Red Retrospot,6.19,10,17412,United Kingdom,61.9
581097,12/7/2019,22476,Empire Union Jack Tv Dinner Tray,6.19,600,13685,United Kingdom,3714
581098,12/7/2019,23467,Vintage Zinc Planter,6.19,6,14911,EIRE,37.14
581098,12/7/2019,22457,Natural Slate Heart Chalkboard,6.19,6,14911,EIRE,37.14
581098,12/7/2019,23499,Set 12 Vintage Doily Chalk,6.19,24,14911,EIRE,148.56
581098,12/7/2019,22488,Natural Slate Rectangle Chalkboard,6.19,12,14911,EIRE,74.28
581098,12/7/2019,22083,Paper Chain Kit Retrospot,6.19,6,14911,EIRE,37.14
581098,12/7/2019,23453,Oval Mini Portrait Frame,6.19,8,14911,EIRE,49.52
581098,12/7/2019,22090,Paper Bunting Retrospot,6.19,6,14911,EIRE,37.14
581098,12/7/2019,23326,Hanging Mini Coloured Bottles,6.19,48,14911,EIRE,297.12
581098,12/7/2019,21164,Home Sweet Home Metal Sign,6.19,6,14911,EIRE,37.14
581098,12/7/2019,23479,Wire Egg Basket,6.19,2,14911,EIRE,12.38
581098,12/7/2019,21196,Round White Confetti In Tube,6.19,12,14911,EIRE,74.28
581098,12/7/2019,21198,White Heart Confetti In Tube,6.19,12,14911,EIRE,74.28
581098,12/7/2019,20685,Doormat Red Retrospot,6.19,10,14911,EIRE,61.9
581098,12/7/2019,22690,Doormat Home Sweet Home Blue,6.19,10,14911,EIRE,61.9
581098,12/7/2019,21524,Doormat Spotty Home Sweet Home,6.19,10,14911,EIRE,61.9
581098,12/7/2019,48129,Doormat Topiary,6.19,10,14911,EIRE,61.9
581098,12/7/2019,48184,Doormat English Rose,6.19,10,14911,EIRE,61.9
581098,12/7/2019,22423,Regency Cakestand 3 Tier,6.19,16,14911,EIRE,99.04
581098,12/7/2019,23109,Pack Of Six Led Tea Lights,6.19,12,14911,EIRE,74.28
581098,12/7/2019,21284,Retrospot Candle Small,6.19,12,14911,EIRE,74.28
581098,12/7/2019,21285,Retrospot Candle Medium,6.19,12,14911,EIRE,74.28
581098,12/7/2019,21286,Retrospot Candle Large,6.19,12,14911,EIRE,74.28
581098,12/7/2019,22072,Red Retrospot Tea Cup And Saucer,6.19,12,14911,EIRE,74.28
581098,12/7/2019,22465,Hanging Metal Star Lantern,6.19,12,14911,EIRE,74.28
581098,12/7/2019,22596,Christmas Star Wish List Chalkboard,6.19,12,14911,EIRE,74.28
581098,12/7/2019,23320,Giant 50'S Christmas Cracker,6.19,12,14911,EIRE,74.28
581098,12/7/2019,23489,Vintage Bells Garland,6.19,6,14911,EIRE,37.14
581098,12/7/2019,21534,Dairy Maid Large Milk Jug,6.19,6,14911,EIRE,37.14
581098,12/7/2019,85014B,Red Retrospot Umbrella,6.19,6,14911,EIRE,37.14
581098,12/7/2019,35970,Zinc Folkart Sleigh Bells,6.19,24,14911,EIRE,148.56
581098,12/7/2019,22601,Christmas Retrospot Angel Wood,6.19,12,14911,EIRE,74.28
581098,12/7/2019,23058,Christmas Hanging Snowflake,6.19,12,14911,EIRE,74.28
581098,12/7/2019,23103,Jingle Bell Heart Decoration,6.19,24,14911,EIRE,148.56
581098,12/7/2019,22571,Rocking Horse Red Christmas,6.19,12,14911,EIRE,74.28
581098,12/7/2019,23210,White Rocking Horse Hand Painted,6.19,24,14911,EIRE,148.56
581098,12/7/2019,23311,Vintage Christmas Stocking,6.19,6,14911,EIRE,37.14
581098,12/7/2019,22771,Clear Drawer Knob Acrylic Edwardian,7.24,12,14911,EIRE,86.88
581098,12/7/2019,21672,White Spot Red Ceramic Drawer Knob,7.24,12,14911,EIRE,86.88
581098,12/7/2019,22774,Red Drawer Knob Acrylic Edwardian,7.24,12,14911,EIRE,86.88
581098,12/7/2019,23029,Drawer Knob Crackle Glaze Green,7.24,12,14911,EIRE,86.88
581098,12/7/2019,23026,Drawer Knob Vintage Glass Star,7.24,6,14911,EIRE,43.44
581098,12/7/2019,23035,Drawer Knob Ceramic Ivory,7.24,12,14911,EIRE,86.88
581098,12/7/2019,22624,Ivory Kitchen Scales,7.24,2,14911,EIRE,14.48
581098,12/7/2019,22625,Red Kitchen Scales,7.24,2,14911,EIRE,14.48
581098,12/7/2019,22567,20 Dolly Pegs Retrospot,7.24,12,14911,EIRE,86.88
581098,12/7/2019,22791,T-Light Glass Fluted Antique,7.24,12,14911,EIRE,86.88
581098,12/7/2019,23168,Classic Cafe Sugar Dispenser,7.24,12,14911,EIRE,86.88
581098,12/7/2019,23419,Home Sweet Home Bottle,7.24,12,14911,EIRE,86.88
581098,12/7/2019,21742,Large Round Wicker Platter,7.24,4,14911,EIRE,28.96
581098,12/7/2019,22782,Set 3 Wicker Storage Baskets,7.24,2,14911,EIRE,14.48
581099,12/7/2019,23691,Wrap Keep Calm Birthday,7.24,25,18219,United Kingdom,181
581099,12/7/2019,21745,Gaolers Keys Decorative Garden,7.24,8,18219,United Kingdom,57.92
581099,12/7/2019,21012,Antique All Glass Candlestick,7.24,12,18219,United Kingdom,86.88
581099,12/7/2019,23485,Botanical Gardens Wall Clock,7.24,1,18219,United Kingdom,7.24
581099,12/7/2019,16161P,Wrap English Rose,7.24,25,18219,United Kingdom,181
581099,12/7/2019,22704,Wrap Red Apples,7.24,25,18219,United Kingdom,181
581099,12/7/2019,23284,Doormat Keep Calm And Come In,7.24,4,18219,United Kingdom,28.96
581099,12/7/2019,71053,White Moroccan Metal Lantern,7.24,4,18219,United Kingdom,28.96
581099,12/7/2019,84978,Hanging Heart Jar T-Light Holder,7.24,12,18219,United Kingdom,86.88
581099,12/7/2019,21754,Home Building Block Word,7.24,3,18219,United Kingdom,21.72
581099,12/7/2019,82482,Wooden Picture Frame White Finish,7.24,12,18219,United Kingdom,86.88
581099,12/7/2019,84879,Assorted Colour Bird Ornament,7.24,8,18219,United Kingdom,57.92
581101,12/7/2019,23137,Zinc Wire Sweetheart Letter Tray,7.24,5,17835,United Kingdom,36.2
581101,12/7/2019,23404,Home Sweet Home Blackboard,7.24,2,17835,United Kingdom,14.48
581101,12/7/2019,20749,Assorted Colour Mini Cases,7.24,2,17835,United Kingdom,14.48
581101,12/7/2019,17091J,Vanilla Incense In Tin,7.24,3,17835,United Kingdom,21.72
581101,12/7/2019,84347,Rotating Silver Angels T-Light Hldr,7.24,3,17835,United Kingdom,21.72
581101,12/7/2019,84012,Magic Sheep Wool Growing From Paper,7.24,3,17835,United Kingdom,21.72
581101,12/7/2019,23368,Set 12 Colour Pencils Dolly Girl,7.24,5,17835,United Kingdom,36.2
581101,12/7/2019,20973,12 Pencil Small Tube Woodland,7.24,4,17835,United Kingdom,28.96
581101,12/7/2019,23365,Set 12 Colour Pencils Love London,7.24,6,17835,United Kingdom,43.44
581101,12/7/2019,23302,Kneeling Mat Housework Design,7.24,1,17835,United Kingdom,7.24
581101,12/7/2019,23301,Gardeners Kneeling Pad Keep Calm,7.24,1,17835,United Kingdom,7.24
581101,12/7/2019,21620,Set Of 4 Rose Botanical Candles,7.24,2,17835,United Kingdom,14.48
581101,12/7/2019,21619,4 Vanilla Botanical Candles,7.24,2,17835,United Kingdom,14.48
581101,12/7/2019,22411,Jumbo Shopper Vintage Red Paisley,7.24,5,17835,United Kingdom,36.2
581101,12/7/2019,21408,Spotty Pink Duck Doorstop,7.24,4,17835,United Kingdom,28.96
581101,12/7/2019,23203,Jumbo Bag Vintage Doily,7.24,4,17835,United Kingdom,28.96
581101,12/7/2019,21929,Jumbo Bag Pink Vintage Paisley,7.24,4,17835,United Kingdom,28.96
581101,12/7/2019,21928,Jumbo Bag Scandinavian Blue Paisley,7.24,4,17835,United Kingdom,28.96
581101,12/7/2019,23581,Jumbo Bag Paisley Park,7.24,5,17835,United Kingdom,36.2
581104,12/7/2019,82484,Wood Black Board Ant White Finish,7.24,6,13668,United Kingdom,43.44
581104,12/7/2019,22178,Victorian Glass Hanging T-Light,7.24,18,13668,United Kingdom,130.32
581104,12/7/2019,72799E,Ivory Pillar Candle Silver Flock,7.24,4,13668,United Kingdom,28.96
581104,12/7/2019,72598,Set/12 Taper Candles,7.24,24,13668,United Kingdom,173.76
581104,12/7/2019,23403,Letter Holder Home Sweet Home,7.24,8,13668,United Kingdom,57.92
581104,12/7/2019,23404,Home Sweet Home Blackboard,7.24,6,13668,United Kingdom,43.44
581104,12/7/2019,22791,T-Light Glass Fluted Antique,7.24,12,13668,United Kingdom,86.88
581104,12/7/2019,37448,Ceramic Cake Design Spotted Mug,7.24,2,13668,United Kingdom,14.48
581104,12/7/2019,21916,Set 12 Retro White Chalk Sticks,6.19,4,13668,United Kingdom,24.76
581104,12/7/2019,23439,Hand Warmer Red Love Heart,6.19,2,13668,United Kingdom,12.38
581104,12/7/2019,22865,Hand Warmer Owl Design,6.19,2,13668,United Kingdom,12.38
581104,12/7/2019,72800E,4 Ivory Dinner Candles Silver Flock,6.19,6,13668,United Kingdom,37.14
581104,12/7/2019,22798,Antique Glass Dressing Table Pot,6.19,4,13668,United Kingdom,24.76
581104,12/7/2019,23090,Vintage Glass T-Light Holder,6.19,12,13668,United Kingdom,74.28
581104,12/7/2019,84946,Antique Silver T-Light Glass,6.19,6,13668,United Kingdom,37.14
581104,12/7/2019,22800,Antique Tall Swirlglass Trinket Pot,6.19,4,13668,United Kingdom,24.76
581104,12/7/2019,84949,Silver Hanging T-Light Holder,6.19,6,13668,United Kingdom,37.14
581104,12/7/2019,23078,Ice Cream Pen Lip Gloss,6.19,24,13668,United Kingdom,148.56
581104,12/7/2019,23077,Doughnut Lip Gloss,6.19,20,13668,United Kingdom,123.8
581104,12/7/2019,21754,Home Building Block Word,6.19,4,13668,United Kingdom,24.76
581105,12/7/2019,85152,Hand Over The Chocolate Sign,6.19,620,16000,United Kingdom,3837.8
581105,12/7/2019,22457,Natural Slate Heart Chalkboard,6.19,620,16000,United Kingdom,3837.8
581105,12/7/2019,22727,Alarm Clock Bakelike Red,6.19,620,16000,United Kingdom,3837.8
581105,12/7/2019,23497,Classic Chrome Bicycle Bell,6.19,620,16000,United Kingdom,3837.8
581105,12/7/2019,23498,Classic Bicycle Clips,6.19,620,16000,United Kingdom,3837.8
581105,12/7/2019,22961,Jam Making Set Printed,6.19,620,16000,United Kingdom,3837.8
581105,12/7/2019,23552,Bicycle Puncture Repair Kit,6.19,620,16000,United Kingdom,3837.8
581107,12/7/2019,23461,Sweetheart Bird House,6.19,620,16000,United Kingdom,3837.8
581108,12/7/2019,23166,Medium Ceramic Top Storage Jar,6.19,2,15984,United Kingdom,12.38
581108,12/7/2019,23100,Silver Bells Table Decoration,6.19,12,15984,United Kingdom,74.28
581108,12/7/2019,35004B,Set Of 3 Black Flying Ducks,6.19,1,15984,United Kingdom,6.19
581108,12/7/2019,22113,Grey Heart Hot Water Bottle,6.19,5,15984,United Kingdom,30.95
581108,12/7/2019,22086,Paper Chain Kit 50'S Christmas,6.19,4,15984,United Kingdom,24.76
581108,12/7/2019,35970,Zinc Folkart Sleigh Bells,6.19,6,15984,United Kingdom,37.14
581108,12/7/2019,22217,T-Light Holder Hanging Lace,6.19,48,15984,United Kingdom,297.12
581108,12/7/2019,22578,Wooden Star Christmas Scandinavian,6.19,240,15984,United Kingdom,1485.6
581108,12/7/2019,23215,Jingle Bell Heart Antique Silver,6.19,24,15984,United Kingdom,148.56
581110,12/7/2019,23486,Antique Heart Shelf Unit,6.19,150,16000,United Kingdom,928.5
581112,12/7/2019,23552,Bicycle Puncture Repair Kit,6.19,12,16678,United Kingdom,74.28
581112,12/7/2019,23498,Classic Bicycle Clips,6.19,12,16678,United Kingdom,74.28
581112,12/7/2019,23497,Classic Chrome Bicycle Bell,6.19,12,16678,United Kingdom,74.28
581112,12/7/2019,22966,Gingerbread Man Cookie Cutter,6.19,12,16678,United Kingdom,74.28
581112,12/7/2019,22993,Set Of 4 Pantry Jelly Moulds,6.19,12,16678,United Kingdom,74.28
581112,12/7/2019,84978,Hanging Heart Jar T-Light Holder,6.19,24,16678,United Kingdom,148.56
581112,12/7/2019,71459,Hanging Jam Jar T-Light Holders,6.04,12,16678,United Kingdom,72.48
581112,12/7/2019,22915,Assorted Bottle Top Magnets,6.04,24,16678,United Kingdom,144.96
581112,12/7/2019,23570,Traditional Pick Up Sticks Game,6.04,12,16678,United Kingdom,72.48
581112,12/7/2019,22113,Grey Heart Hot Water Bottle,6.04,12,16678,United Kingdom,72.48
581112,12/7/2019,22111,Scottie Dog Hot Water Bottle,6.04,18,16678,United Kingdom,108.72
581112,12/7/2019,22403,Magnets Pack Of 4 Vintage Labels,6.04,12,16678,United Kingdom,72.48
581112,12/7/2019,22616,Pack Of 12 London Tissues,6.04,24,16678,United Kingdom,144.96
581112,12/7/2019,35970,Zinc Folkart Sleigh Bells,6.04,12,16678,United Kingdom,72.48
581113,12/7/2019,22507,Memo Board Retrospot Design,6.04,1,14534,United Kingdom,6.04
581113,12/7/2019,22991,Giraffe Wooden Ruler,6.19,4,14534,United Kingdom,24.76
581113,12/7/2019,22992,Revolver Wooden Ruler,6.19,3,14534,United Kingdom,18.57
581113,12/7/2019,84380,Set Of 3 Butterfly Cookie Cutters,6.19,1,14534,United Kingdom,6.19
581113,12/7/2019,84378,Set Of 3 Heart Cookie Cutters,6.19,1,14534,United Kingdom,6.19
581113,12/7/2019,23084,Rabbit Night Light,6.19,1,14534,United Kingdom,6.19
581113,12/7/2019,23283,Doormat Vintage Leaf,6.19,1,14534,United Kingdom,6.19
581113,12/7/2019,21623,Vintage Union Jack Memoboard,6.19,1,14534,United Kingdom,6.19
581113,12/7/2019,84596B,Small Dolly Mix Design Orange Bowl,6.19,8,14534,United Kingdom,49.52
581113,12/7/2019,22065,Christmas Pudding Trinket Pot,6.19,4,14534,United Kingdom,24.76
581113,12/7/2019,84596F,Small Marshmallows Pink Bowl,6.19,16,14534,United Kingdom,99.04
581113,12/7/2019,20676,Red Retrospot Bowl,6.19,12,14534,United Kingdom,74.28
581113,12/7/2019,85099B,Jumbo Bag Red Retrospot,6.19,10,14534,United Kingdom,61.9
581113,12/7/2019,20712,Jumbo Bag Woodland Animals,6.19,10,14534,United Kingdom,61.9
581113,12/7/2019,23202,Jumbo Bag Vintage Leaf,6.19,10,14534,United Kingdom,61.9
581114,12/7/2019,22696,Wicker Wreath Large,6.04,1,14527,United Kingdom,6.04
581114,12/7/2019,22975,Spaceboy Childrens Egg Cup,6.19,2,14527,United Kingdom,12.38
581114,12/7/2019,35970,Zinc Folkart Sleigh Bells,6.04,2,14527,United Kingdom,12.08
581114,12/7/2019,23342,Mint Diner Wall Clock,6.04,2,14527,United Kingdom,12.08
581114,12/7/2019,22795,Sweetheart Recipe Book Stand,6.04,1,14527,United Kingdom,6.04
581114,12/7/2019,22847,Bread Bin Diner Style Ivory,6.04,1,14527,United Kingdom,6.04
581114,12/7/2019,22776,Sweetheart 3 Tier Cake Stand,6.19,1,14527,United Kingdom,6.19
581114,12/7/2019,84968D,Set Of 16 Vintage Red Cutlery,6.19,1,14527,United Kingdom,6.19
581114,12/7/2019,22424,Enamel Bread Bin Cream,6.19,1,14527,United Kingdom,6.19
581114,12/7/2019,21623,Vintage Union Jack Memoboard,6.19,1,14527,United Kingdom,6.19
581114,12/7/2019,22802,Faux Fur Chocolate Throw,6.19,1,14527,United Kingdom,6.19
581114,12/7/2019,22509,Sewing Box Retrospot Design,6.19,1,14527,United Kingdom,6.19
581114,12/7/2019,23395,Belle Jardiniere Cushion Cover,6.19,2,14527,United Kingdom,12.38
581114,12/7/2019,23394,Poste France Cushion Cover,6.19,1,14527,United Kingdom,6.19
581114,12/7/2019,21630,Floor Cushion Elephant Carnival,6.19,1,14527,United Kingdom,6.19
581114,12/7/2019,23320,Giant 50'S Christmas Cracker,6.19,2,14527,United Kingdom,12.38
581114,12/7/2019,22605,Wooden Croquet Garden Set,6.19,2,14527,United Kingdom,12.38
581114,12/7/2019,22691,Doormat Welcome Sunrise,6.19,1,14527,United Kingdom,6.19
581114,12/7/2019,21257,Victorian Sewing Box Medium,6.19,1,14527,United Kingdom,6.19
581114,12/7/2019,22846,Bread Bin Diner Style Red,6.19,4,14527,United Kingdom,24.76
581114,12/7/2019,23357,Hot Water Bottle Sex Bomb,6.19,5,14527,United Kingdom,30.95
581114,12/7/2019,23355,Hot Water Bottle Keep Calm,6.19,5,14527,United Kingdom,30.95
581114,12/7/2019,21485,Retrospot Heart Hot Water Bottle,6.19,2,14527,United Kingdom,12.38
581114,12/7/2019,84029E,Red Woolly Hottie White Heart,6.19,1,14527,United Kingdom,6.19
581114,12/7/2019,23356,Love Hot Water Bottle,6.19,2,14527,United Kingdom,12.38
581114,12/7/2019,22111,Scottie Dog Hot Water Bottle,6.04,1,14527,United Kingdom,6.04
581114,12/7/2019,22835,Hot Water Bottle I Am So Poorly,6.04,2,14527,United Kingdom,12.08
581114,12/7/2019,22114,Hot Water Bottle Tea And Sympathy,6.04,6,14527,United Kingdom,36.24
581114,12/7/2019,21479,White Skull Hot Water Bottle,6.19,2,14527,United Kingdom,12.38
581114,12/7/2019,22112,Chocolate Hot Water Bottle,6.19,3,14527,United Kingdom,18.57
581114,12/7/2019,23344,Jumbo Bag 50'S Christmas,6.19,2,14527,United Kingdom,12.38
581115,12/7/2019,22413,Metal Sign Take It Or Leave It,6.19,1404,15195,United Kingdom,8690.76
581116,12/7/2019,22142,Christmas Craft White Fairy,6.19,6,17232,United Kingdom,37.14
581116,12/7/2019,22966,Gingerbread Man Cookie Cutter,6.04,6,17232,United Kingdom,36.24
581116,12/7/2019,22081,Ribbon Reel Flora + Fauna,6.04,5,17232,United Kingdom,30.2
581116,12/7/2019,22991,Giraffe Wooden Ruler,6.04,11,17232,United Kingdom,66.44
581116,12/7/2019,20761,Blue Paisley Sketchbook,6.04,1,17232,United Kingdom,6.04
581116,12/7/2019,21584,Retrospot Small Tube Matches,6.04,9,17232,United Kingdom,54.36
581116,12/7/2019,21484,Chick Grey Hot Water Bottle,6.04,7,17232,United Kingdom,42.28
581116,12/7/2019,84347,Rotating Silver Angels T-Light Hldr,6.04,12,17232,United Kingdom,72.48
581116,12/7/2019,23576,Snack Tray Red Vintage Doily,7.24,5,17232,United Kingdom,36.2
581116,12/7/2019,22144,Christmas Craft Little Friends,7.24,6,17232,United Kingdom,43.44
581116,12/7/2019,23319,Box Of 6 Mini 50'S Crackers,7.24,5,17232,United Kingdom,36.2
581116,12/7/2019,20761,Blue Paisley Sketchbook,7.24,1,17232,United Kingdom,7.24
581116,12/7/2019,23240,Set Of 4 Knick Knack Tins Doily,7.24,1,17232,United Kingdom,7.24
581116,12/7/2019,22428,Enamel Fire Bucket Cream,7.24,1,17232,United Kingdom,7.24
581116,12/7/2019,22865,Hand Warmer Owl Design,7.24,6,17232,United Kingdom,43.44
581116,12/7/2019,22726,Alarm Clock Bakelike Green,7.24,1,17232,United Kingdom,7.24
581116,12/7/2019,22867,Hand Warmer Bird Design,7.24,8,17232,United Kingdom,57.92
581116,12/7/2019,22727,Alarm Clock Bakelike Red,7.24,1,17232,United Kingdom,7.24
581116,12/7/2019,23344,Jumbo Bag 50'S Christmas,7.24,1,17232,United Kingdom,7.24
581118,12/7/2019,22086,Paper Chain Kit 50'S Christmas,7.24,6,15136,United Kingdom,43.44
581118,12/7/2019,22720,Set Of 3 Cake Tins Pantry Design,7.24,3,15136,United Kingdom,21.72
581118,12/7/2019,21466,Red Flower Crochet Food Cover,7.24,6,15136,United Kingdom,43.44
581118,12/7/2019,22139,Retrospot Tea Set Ceramic 11 Pc,7.24,3,15136,United Kingdom,21.72
581118,12/7/2019,22079,Ribbon Reel Hearts Design,7.24,10,15136,United Kingdom,72.4
581118,12/7/2019,22081,Ribbon Reel Flora + Fauna,7.24,10,15136,United Kingdom,72.4
581118,12/7/2019,22080,Ribbon Reel Polkadots,7.24,10,15136,United Kingdom,72.4
581118,12/7/2019,21974,Set Of 36 Paisley Flower Doilies,6.04,12,15136,United Kingdom,72.48
581118,12/7/2019,21977,Pack Of 60 Pink Paisley Cake Cases,6.04,24,15136,United Kingdom,144.96
581118,12/7/2019,22277,Cosmetic Bag Vintage Rose Paisley,6.19,6,15136,United Kingdom,37.14
581118,12/7/2019,20755,Blue Paisley Pocket Book,6.19,12,15136,United Kingdom,74.28
581118,12/7/2019,22557,Plasters In Tin Vintage Paisley,6.19,12,15136,United Kingdom,74.28
581118,12/7/2019,22556,Plasters In Tin Circus Parade,6.19,12,15136,United Kingdom,74.28
581119,12/7/2019,23368,Set 12 Colour Pencils Dolly Girl,6.19,16,15136,United Kingdom,99.04
581119,12/7/2019,23367,Set 12 Colour Pencils Spaceboy,6.19,16,15136,United Kingdom,99.04
581119,12/7/2019,22722,Set Of 6 Spice Tins Pantry Design,6.04,6,15136,United Kingdom,36.24
581120,12/7/2019,21833,Camouflage Led Torch,6.19,12,17042,United Kingdom,74.28
581120,12/7/2019,23242,Treasure Tin Buffalo Bill,6.19,12,17042,United Kingdom,74.28
581120,12/7/2019,23506,Mini Playing Cards Spaceboy,6.19,20,17042,United Kingdom,123.8
581120,12/7/2019,21703,Bag 125g Swirly Marbles,6.19,12,17042,United Kingdom,74.28
581120,12/7/2019,23084,Rabbit Night Light,6.19,6,17042,United Kingdom,37.14
581120,12/7/2019,23480,Mini Lights Woodland Mushrooms,6.19,4,17042,United Kingdom,24.76
581120,12/7/2019,22564,Alphabet Stencil Craft,6.19,12,17042,United Kingdom,74.28
581120,12/7/2019,20982,12 Pencils Tall Tube Skulls,7.24,12,17042,United Kingdom,86.88
581120,12/7/2019,20983,12 Pencils Tall Tube Red Retrospot,7.24,12,17042,United Kingdom,86.88
581122,12/7/2019,20724,Red Retrospot Charlotte Bag,7.24,20,12839,United Kingdom,144.8
581122,12/7/2019,22661,Charlotte Bag Dolly Girl Design,7.24,20,12839,United Kingdom,144.8
581122,12/7/2019,20719,Woodland Charlotte Bag,7.24,20,12839,United Kingdom,144.8
581122,12/7/2019,22355,Charlotte Bag Suki Design,7.24,20,12839,United Kingdom,144.8
581122,12/7/2019,23204,Charlotte Bag Apples Design,7.24,20,12839,United Kingdom,144.8
581122,12/7/2019,20723,Strawberry Charlotte Bag,7.24,20,12839,United Kingdom,144.8
581122,12/7/2019,22356,Charlotte Bag Pink Polkadot,7.24,20,12839,United Kingdom,144.8
581122,12/7/2019,21931,Jumbo Storage Bag Suki,7.24,10,12839,United Kingdom,72.4
581122,12/7/2019,22197,Popcorn Holder,7.24,48,12839,United Kingdom,347.52
581122,12/7/2019,23076,Ice Cream Sundae Lip Gloss,7.24,24,12839,United Kingdom,173.76
581122,12/7/2019,23077,Doughnut Lip Gloss,7.24,40,12839,United Kingdom,289.6
581122,12/7/2019,20971,Pink Blue Felt Craft Trinket Box,7.24,12,12839,United Kingdom,86.88
581122,12/7/2019,20972,Pink Cream Felt Craft Trinket Box,7.24,12,12839,United Kingdom,86.88
581122,12/7/2019,21232,Strawberry Ceramic Trinket Pot,7.24,12,12839,United Kingdom,86.88
581122,12/7/2019,21231,Sweetheart Ceramic Trinket Box,7.24,12,12839,United Kingdom,86.88
581122,12/7/2019,22189,Cream Heart Card Holder,7.24,12,12839,United Kingdom,86.88
581122,12/7/2019,84978,Hanging Heart Jar T-Light Holder,7.24,24,12839,United Kingdom,173.76
581122,12/7/2019,22457,Natural Slate Heart Chalkboard,7.24,24,12839,United Kingdom,173.76
581122,12/7/2019,21137,Black Record Cover Frame,7.24,8,12839,United Kingdom,57.92
581122,12/7/2019,23408,Photo Frame Linen And Lace Small,7.24,6,12839,United Kingdom,43.44
581122,12/7/2019,23531,Wall Art Big Love,7.24,3,12839,United Kingdom,21.72
581122,12/7/2019,82494L,Wooden Frame Antique White,7.24,12,12839,United Kingdom,86.88
581122,12/7/2019,22212,Four Hook White Lovebirds,7.24,12,12839,United Kingdom,86.88
581122,12/7/2019,23158,Set Of 5 Lucky Cat Magnets,7.24,12,12839,United Kingdom,86.88
581122,12/7/2019,21871,Save The Planet Mug,7.24,12,12839,United Kingdom,86.88
581122,12/7/2019,21877,Home Sweet Home Mug,7.24,12,12839,United Kingdom,86.88
581122,12/7/2019,22699,Roses Regency Teacup And Saucer,7.24,6,12839,United Kingdom,43.44
581122,12/7/2019,23480,Mini Lights Woodland Mushrooms,7.24,4,12839,United Kingdom,28.96
581122,12/7/2019,20713,Jumbo Bag Owls,7.24,10,12839,United Kingdom,72.4
581122,12/7/2019,85099B,Jumbo Bag Red Retrospot,7.24,10,12839,United Kingdom,72.4
581122,12/7/2019,85099F,Jumbo Bag Strawberry,7.24,10,12839,United Kingdom,72.4
581123,12/7/2019,21993,Floral Folk Stationery Set,7.24,12,15750,United Kingdom,86.88
581123,12/7/2019,22633,Hand Warmer Union Jack,7.24,12,15750,United Kingdom,86.88
581123,12/7/2019,22866,Hand Warmer Scotty Dog Design,7.24,12,15750,United Kingdom,86.88
581123,12/7/2019,23284,Doormat Keep Calm And Come In,7.24,2,15750,United Kingdom,14.48
581123,12/7/2019,21411,Gingham Heart Doorstop Red,7.24,8,15750,United Kingdom,57.92
581123,12/7/2019,21705,Bag 500g Swirly Marbles,7.24,24,15750,United Kingdom,173.76
581123,12/7/2019,22165,Diamante Heart Shaped Wall Mirror,7.24,6,15750,United Kingdom,43.44
581123,12/7/2019,22299,Pig Keyring With Light & Sound,7.24,48,15750,United Kingdom,347.52
581123,12/7/2019,22465,Hanging Metal Star Lantern,7.24,12,15750,United Kingdom,86.88
581123,12/7/2019,48138,Doormat Union Flag,7.24,2,15750,United Kingdom,14.48
581123,12/7/2019,22112,Chocolate Hot Water Bottle,7.24,3,15750,United Kingdom,21.72
581123,12/7/2019,23355,Hot Water Bottle Keep Calm,7.24,4,15750,United Kingdom,28.96
581123,12/7/2019,84029G,Knitted Union Flag Hot Water Bottle,7.24,4,15750,United Kingdom,28.96
581123,12/7/2019,22158,3 Hearts Hanging Decoration Rustic,7.24,8,15750,United Kingdom,57.92
581123,12/7/2019,23552,Bicycle Puncture Repair Kit,7.24,6,15750,United Kingdom,43.44
581123,12/7/2019,21620,Set Of 4 Rose Botanical Candles,7.24,12,15750,United Kingdom,86.88
581123,12/7/2019,23581,Jumbo Bag Paisley Park,7.24,10,15750,United Kingdom,72.4
581123,12/7/2019,23203,Jumbo Bag Vintage Doily,7.24,10,15750,United Kingdom,72.4
581123,12/7/2019,23199,Jumbo Bag Apples,7.24,10,15750,United Kingdom,72.4
581125,12/7/2019,22422,Toothpaste Tube Pen,7.24,18,14087,United Kingdom,130.32
581125,12/7/2019,21993,Floral Folk Stationery Set,7.24,2,14087,United Kingdom,14.48
581125,12/7/2019,21990,Modern Floral Stationery Set,7.24,1,14087,United Kingdom,7.24
581125,12/7/2019,23376,Pack Of 12 Vintage Christmas Tissue,7.24,1,14087,United Kingdom,7.24
581125,12/7/2019,22554,Plasters In Tin Woodland Animals,7.24,2,14087,United Kingdom,14.48
581125,12/7/2019,23389,Spaceboy Mini Backpack,7.24,1,14087,United Kingdom,7.24
581125,12/7/2019,16235,Recycled Pencil With Rabbit Eraser,7.24,30,14087,United Kingdom,217.2
581125,12/7/2019,21219,Set/4 Badges Balloon Girl,6.39,1,14087,United Kingdom,6.39
581125,12/7/2019,21220,Set/4 Badges Dogs,7.24,1,14087,United Kingdom,7.24
581125,12/7/2019,21221,Set/4 Badges Cute Creatures,7.24,1,14087,United Kingdom,7.24
581125,12/7/2019,84032B,Charlie + Lola Red Hot Water Bottle,6.39,1,14087,United Kingdom,6.39
581125,12/7/2019,84032A,Charlie+Lola Pink Hot Water Bottle,7.24,1,14087,United Kingdom,7.24
581125,12/7/2019,21327,Skulls Writing Set,6.39,1,14087,United Kingdom,6.39
581125,12/7/2019,21090,Set/6 Collage Paper Plates,7.24,4,14087,United Kingdom,28.96
581125,12/7/2019,21084,Set/6 Collage Paper Cups,7.24,2,14087,United Kingdom,14.48
581125,12/7/2019,23597,Paper Bunting Paisley Park,7.24,1,14087,United Kingdom,7.24
581125,12/7/2019,85034B,3 White Choc Morris Boxed Candles,7.24,3,14087,United Kingdom,21.72
581125,12/7/2019,23570,Traditional Pick Up Sticks Game,7.24,3,14087,United Kingdom,21.72
581125,12/7/2019,85039B,S/4 Ivory Mini Rose Candle In Bowl,7.24,1,14087,United Kingdom,7.24
581125,12/7/2019,85040A,S/4 Pink Flower Candles In Bowl,6.39,1,14087,United Kingdom,6.39
581125,12/7/2019,85039A,Set/4 Red Mini Rose Candle In Bowl,7.24,1,14087,United Kingdom,7.24
581125,12/7/2019,23569,Tradtional Alphabet Stamp Set,7.24,1,14087,United Kingdom,7.24
581125,12/7/2019,22616,Pack Of 12 London Tissues,7.24,1,14087,United Kingdom,7.24
581125,12/7/2019,85034B,3 White Choc Morris Boxed Candles,7.24,2,14087,United Kingdom,14.48
581125,12/7/2019,85034C,3 Rose Morris Boxed Candles,7.24,5,14087,United Kingdom,36.2
581125,12/7/2019,22333,Retrospot Party Bag + Sticker Set,7.24,2,14087,United Kingdom,14.48
581125,12/7/2019,22331,Woodland Party Bag + Sticker Set,7.24,2,14087,United Kingdom,14.48
581125,12/7/2019,21485,Retrospot Heart Hot Water Bottle,7.24,2,14087,United Kingdom,14.48
581125,12/7/2019,22210,Wood Stamp Set Best Wishes,7.24,5,14087,United Kingdom,36.2
581125,12/7/2019,21123,Set/10 Ivory Polkadot Party Candles,6.39,1,14087,United Kingdom,6.39
581125,12/7/2019,47503H,Ass Floral Print Spirit Level,6.39,1,14087,United Kingdom,6.39
581125,12/7/2019,22992,Revolver Wooden Ruler,7.24,1,14087,United Kingdom,7.24
581125,12/7/2019,21204,Daisies Honeycomb Garland,7.24,2,14087,United Kingdom,14.48
581125,12/7/2019,17012C,Origami Lavender Incense/Candl Set,7.24,1,14087,United Kingdom,7.24
581125,12/7/2019,22208,Wood Stamp Set Thank You,7.24,1,14087,United Kingdom,7.24
581125,12/7/2019,22210,Wood Stamp Set Best Wishes,7.24,4,14087,United Kingdom,28.96
581125,12/7/2019,22150,3 Stripey Mice Feltcraft,7.24,6,14087,United Kingdom,43.44
581125,12/7/2019,22940,Feltcraft Christmas Fairy,7.24,1,14087,United Kingdom,7.24
581125,12/7/2019,22751,Feltcraft Princess Olivia Doll,7.24,1,14087,United Kingdom,7.24
581125,12/7/2019,22907,Pack Of 20 Napkins Pantry Design,7.24,2,14087,United Kingdom,14.48
581125,12/7/2019,20972,Pink Cream Felt Craft Trinket Box,7.24,1,14087,United Kingdom,7.24
581125,12/7/2019,20971,Pink Blue Felt Craft Trinket Box,7.24,2,14087,United Kingdom,14.48
581125,12/7/2019,22750,Feltcraft Princess Lola Doll,7.24,1,14087,United Kingdom,7.24
581125,12/7/2019,85015,Set Of 12 Vintage Postcard Set,7.24,1,14087,United Kingdom,7.24
581125,12/7/2019,20973,12 Pencil Small Tube Woodland,7.24,4,14087,United Kingdom,28.96
581125,12/7/2019,23597,Paper Bunting Paisley Park,7.24,1,14087,United Kingdom,7.24
581125,12/7/2019,21828,Eight Piece Snake Set,7.24,2,14087,United Kingdom,14.48
581125,12/7/2019,21084,Set/6 Collage Paper Cups,7.24,8,14087,United Kingdom,57.92
581125,12/7/2019,22743,Make Your Own Flowerpower Card Kit,6.39,4,14087,United Kingdom,25.56
581125,12/7/2019,22090,Paper Bunting Retrospot,7.24,2,14087,United Kingdom,14.48
581125,12/7/2019,22744,Make Your Own Monsoon Card Kit,7.24,4,14087,United Kingdom,28.96
581125,12/7/2019,21090,Set/6 Collage Paper Plates,6.19,1,14087,United Kingdom,6.19
581125,12/7/2019,22210,Wood Stamp Set Best Wishes,6.19,8,14087,United Kingdom,49.52
581125,12/7/2019,22545,Mini Jigsaw Bunnies,6.19,11,14087,United Kingdom,68.09
581125,12/7/2019,22540,Mini Jigsaw Circus Parade,6.19,6,14087,United Kingdom,37.14
581125,12/7/2019,22544,Mini Jigsaw Spaceboy,6.19,3,14087,United Kingdom,18.57
581125,12/7/2019,22554,Plasters In Tin Woodland Animals,6.19,1,14087,United Kingdom,6.19
581125,12/7/2019,22551,Plasters In Tin Spaceboy,6.19,2,14087,United Kingdom,12.38
581125,12/7/2019,22553,Plasters In Tin Skulls,6.19,1,14087,United Kingdom,6.19
581125,12/7/2019,22556,Plasters In Tin Circus Parade,6.19,2,14087,United Kingdom,12.38
581125,12/7/2019,22557,Plasters In Tin Vintage Paisley,6.19,1,14087,United Kingdom,6.19
581125,12/7/2019,22551,Plasters In Tin Spaceboy,6.19,1,14087,United Kingdom,6.19
581125,12/7/2019,16011,Animal Stickers,6.19,25,14087,United Kingdom,154.75
581125,12/7/2019,21680,Woodland Stickers,6.19,6,14087,United Kingdom,37.14
581125,12/7/2019,16216,Letter Shape Pencil Sharpener,6.19,25,14087,United Kingdom,154.75
581125,12/7/2019,23191,Bundle Of 3 Retro Note Books,6.19,1,14087,United Kingdom,6.19
581125,12/7/2019,23192,Bundle Of 3 Alphabet Exercise Books,6.19,6,14087,United Kingdom,37.14
581125,12/7/2019,21034,Rex Cash+Carry Jumbo Shopper,6.19,1,14087,United Kingdom,6.19
581125,12/7/2019,23207,Lunch Bag Alphabet Design,6.39,2,14087,United Kingdom,12.78
581126,12/7/2019,22075,6 Ribbons Elegant Christmas,6.19,24,18272,United Kingdom,148.56
581126,12/7/2019,22074,6 Ribbons Shimmering Pinks,6.19,24,18272,United Kingdom,148.56
581126,12/7/2019,22076,6 Ribbons Empire,6.19,24,18272,United Kingdom,148.56
581126,12/7/2019,23358,Hot Stuff Hot Water Bottle,6.19,18,18272,United Kingdom,111.42
581126,12/7/2019,72799C,Pink Pillar Candle Silver Flock,6.19,12,18272,United Kingdom,74.28
581126,12/7/2019,72799E,Ivory Pillar Candle Silver Flock,6.19,12,18272,United Kingdom,74.28
581126,12/7/2019,22666,Recipe Box Pantry Yellow Design,6.19,6,18272,United Kingdom,37.14
581126,12/7/2019,22961,Jam Making Set Printed,6.19,12,18272,United Kingdom,74.28
581126,12/7/2019,23198,Pantry Magnetic Shopping List,6.19,12,18272,United Kingdom,74.28
581126,12/7/2019,23495,Set Of 3 Pantry Wooden Spoons,6.19,12,18272,United Kingdom,74.28
581126,12/7/2019,22960,Jam Making Set With Jars,6.19,6,18272,United Kingdom,37.14
581126,12/7/2019,22722,Set Of 6 Spice Tins Pantry Design,6.19,4,18272,United Kingdom,24.76
581126,12/7/2019,23113,Pantry Chopping Board,6.19,3,18272,United Kingdom,18.57
581126,12/7/2019,22969,Homemade Jam Scented Candles,6.19,12,18272,United Kingdom,74.28
581126,12/7/2019,22993,Set Of 4 Pantry Jelly Moulds,6.19,12,18272,United Kingdom,74.28
581126,12/7/2019,22966,Gingerbread Man Cookie Cutter,6.19,12,18272,United Kingdom,74.28
581126,12/7/2019,22965,3 Traditional Biscuit Cutters Set,6.19,6,18272,United Kingdom,37.14
581126,12/7/2019,23493,Vintage Doily Travel Sewing Kit,6.19,10,18272,United Kingdom,61.9
581126,12/7/2019,23240,Set Of 4 Knick Knack Tins Doily,6.19,6,18272,United Kingdom,37.14
581126,12/7/2019,23236,Storage Tin Vintage Doily,6.19,6,18272,United Kingdom,37.14
581126,12/7/2019,23494,Vintage Doily Deluxe Sewing Kit,6.19,3,18272,United Kingdom,18.57
581126,12/7/2019,20914,Set/5 Red Retrospot Lid Glass Bowls,6.19,6,18272,United Kingdom,37.14
581126,12/7/2019,84380,Set Of 3 Butterfly Cookie Cutters,6.19,12,18272,United Kingdom,74.28
581129,12/7/2019,23109,Pack Of Six Led Tea Lights,6.19,6,15498,United Kingdom,37.14
581129,12/7/2019,23321,Small White Heart Of Wicker,6.19,12,15498,United Kingdom,74.28
581129,12/7/2019,23351,Roll Wrap 50'S Christmas,6.19,12,15498,United Kingdom,74.28
581129,12/7/2019,23434,3 Raffia Ribbons 50'S Christmas,6.19,10,15498,United Kingdom,61.9
581129,12/7/2019,23319,Box Of 6 Mini 50'S Crackers,6.19,6,15498,United Kingdom,37.14
581129,12/7/2019,22731,3d Christmas Stamps Stickers,6.19,18,15498,United Kingdom,111.42
581129,12/7/2019,22732,3d Vintage Christmas Stickers,6.19,18,15498,United Kingdom,111.42
581129,12/7/2019,22733,3d Traditional Christmas Stickers,6.19,18,15498,United Kingdom,111.42
581129,12/7/2019,23350,Roll Wrap Vintage Spot,6.19,12,15498,United Kingdom,74.28
581129,12/7/2019,23311,Vintage Christmas Stocking,6.19,12,15498,United Kingdom,74.28
581129,12/7/2019,22436,12 Coloured Party Balloons,6.19,20,15498,United Kingdom,123.8
581129,12/7/2019,22434,Balloon Pump With 10 Balloons,6.19,8,15498,United Kingdom,49.52
581129,12/7/2019,22333,Retrospot Party Bag + Sticker Set,6.19,8,15498,United Kingdom,49.52
581129,12/7/2019,22334,Dinosaur Party Bag + Sticker Set,6.19,8,15498,United Kingdom,49.52
581129,12/7/2019,84077,World War 2 Gliders Asstd Designs,6.19,48,15498,United Kingdom,297.12
581129,12/7/2019,21914,Blue Harmonica In Box,6.19,12,15498,United Kingdom,74.28
581129,12/7/2019,21889,Wooden Box Of Dominoes,6.19,12,15498,United Kingdom,74.28
581129,12/7/2019,21479,White Skull Hot Water Bottle,6.19,8,15498,United Kingdom,49.52
581129,12/7/2019,22114,Hot Water Bottle Tea And Sympathy,6.19,8,15498,United Kingdom,49.52
581129,12/7/2019,23376,Pack Of 12 Vintage Christmas Tissue,6.19,24,15498,United Kingdom,148.56
581129,12/7/2019,22082,Ribbon Reel Stripes Design,6.19,10,15498,United Kingdom,61.9
581129,12/7/2019,21672,White Spot Red Ceramic Drawer Knob,6.19,12,15498,United Kingdom,74.28
581129,12/7/2019,21671,Red Spot Ceramic Drawer Knob,6.19,12,15498,United Kingdom,74.28
581129,12/7/2019,22465,Hanging Metal Star Lantern,6.19,12,15498,United Kingdom,74.28
581129,12/7/2019,22464,Hanging Metal Heart Lantern,6.19,12,15498,United Kingdom,74.28
581129,12/7/2019,85123A,Cream Hanging Heart T-Light Holder,6.19,18,15498,United Kingdom,111.42
581129,12/7/2019,84832,Zinc Willie Winkie Candle Stick,6.19,12,15498,United Kingdom,74.28
581129,12/7/2019,21524,Doormat Spotty Home Sweet Home,6.19,10,15498,United Kingdom,61.9
581129,12/7/2019,20685,Doormat Red Retrospot,6.19,10,15498,United Kingdom,61.9
581129,12/7/2019,48138,Doormat Union Flag,6.19,10,15498,United Kingdom,61.9
581129,12/7/2019,22660,Doormat I Love London,6.19,10,15498,United Kingdom,61.9
581129,12/7/2019,22178,Victorian Glass Hanging T-Light,6.19,6,15498,United Kingdom,37.14
581129,12/7/2019,82484,Wood Black Board Ant White Finish,6.19,2,15498,United Kingdom,12.38
581129,12/7/2019,22457,Natural Slate Heart Chalkboard,6.19,6,15498,United Kingdom,37.14
581129,12/7/2019,84879,Assorted Colour Bird Ornament,6.19,8,15498,United Kingdom,49.52
581129,12/7/2019,20963,Apple Bath Sponge,6.19,20,15498,United Kingdom,123.8
581130,12/7/2019,21671,Red Spot Ceramic Drawer Knob,6.19,12,18237,United Kingdom,74.28
581130,12/7/2019,22773,Green Drawer Knob Acrylic Edwardian,6.04,12,18237,United Kingdom,72.48
581130,12/7/2019,21672,White Spot Red Ceramic Drawer Knob,6.19,12,18237,United Kingdom,74.28
581130,12/7/2019,21673,White Spot Blue Ceramic Drawer Knob,6.19,12,18237,United Kingdom,74.28
581130,12/7/2019,22775,Purple Drawerknob Acrylic Edwardian,6.19,12,18237,United Kingdom,74.28
581130,12/7/2019,23035,Drawer Knob Ceramic Ivory,6.19,6,18237,United Kingdom,37.14
581130,12/7/2019,23298,Spotty Bunting,6.19,3,18237,United Kingdom,18.57
581130,12/7/2019,23088,Zinc Heart Flower T-Light Holder,6.19,16,18237,United Kingdom,99.04
581131,12/7/2019,23311,Vintage Christmas Stocking,6.19,2,16393,United Kingdom,12.38
581131,12/7/2019,22898,Childrens Apron Apples Design,6.19,2,16393,United Kingdom,12.38
581131,12/7/2019,22988,Soldiers Egg Cup,6.19,12,16393,United Kingdom,74.28
581131,12/7/2019,22976,Circus Parade Childrens Egg Cup,6.19,12,16393,United Kingdom,74.28
581131,12/7/2019,22975,Spaceboy Childrens Egg Cup,6.19,5,16393,United Kingdom,30.95
581131,12/7/2019,23238,Set Of 4 Knick Knack Tins London,6.19,12,16393,United Kingdom,74.28
581131,12/7/2019,22867,Hand Warmer Bird Design,6.19,2,16393,United Kingdom,12.38
581131,12/7/2019,22834,Hand Warmer Babushka Design,6.19,10,16393,United Kingdom,61.9
581131,12/7/2019,22633,Hand Warmer Union Jack,6.19,10,16393,United Kingdom,61.9
581131,12/7/2019,22866,Hand Warmer Scotty Dog Design,6.19,5,16393,United Kingdom,30.95
581131,12/7/2019,22865,Hand Warmer Owl Design,6.19,1,16393,United Kingdom,6.19
581131,12/7/2019,22632,Hand Warmer Red Retrospot,6.19,10,16393,United Kingdom,61.9
581131,12/7/2019,22865,Hand Warmer Owl Design,6.19,8,16393,United Kingdom,49.52
581131,12/7/2019,22371,Airline Bag Vintage Tokyo 78,6.19,13,16393,United Kingdom,80.47
581131,12/7/2019,23581,Jumbo Bag Paisley Park,6.19,4,16393,United Kingdom,24.76
581131,12/7/2019,23343,Jumbo Bag Vintage Christmas,6.19,3,16393,United Kingdom,18.57
581131,12/7/2019,23199,Jumbo Bag Apples,6.19,3,16393,United Kingdom,18.57
581131,12/7/2019,22383,Lunch Bag Suki Design,6.19,2,16393,United Kingdom,12.38
581131,12/7/2019,20726,Lunch Bag Woodland,6.19,2,16393,United Kingdom,12.38
581131,12/7/2019,23681,Lunch Bag Red Vintage Doily,6.19,4,16393,United Kingdom,24.76
581131,12/7/2019,23206,Lunch Bag Apple Design,6.19,8,16393,United Kingdom,49.52
581131,12/7/2019,23583,Lunch Bag Paisley Park,6.19,10,16393,United Kingdom,61.9
581132,12/7/2019,21327,Skulls Writing Set,6.19,12,17590,United Kingdom,74.28
581132,12/7/2019,84946,Antique Silver T-Light Glass,6.19,12,17590,United Kingdom,74.28
581132,12/7/2019,85123A,Cream Hanging Heart T-Light Holder,6.19,8,17590,United Kingdom,49.52
581132,12/7/2019,22784,Lantern Cream Gazebo,6.19,4,17590,United Kingdom,24.76
581132,12/7/2019,21340,Classic Metal Birdcage Plant Holder,6.19,1,17590,United Kingdom,6.19
581132,12/7/2019,84879,Assorted Colour Bird Ornament,6.19,8,17590,United Kingdom,49.52
581132,12/7/2019,23215,Jingle Bell Heart Antique Silver,6.19,12,17590,United Kingdom,74.28
581132,12/7/2019,23491,Vintage Jingle Bells Heart,6.19,6,17590,United Kingdom,37.14
581132,12/7/2019,23322,Large White Heart Of Wicker,6.19,6,17590,United Kingdom,37.14
581132,12/7/2019,23332,Ivory Wicker Heart Large,6.19,12,17590,United Kingdom,74.28
581132,12/7/2019,22970,London Bus Coffee Mug,6.19,6,17590,United Kingdom,37.14
581132,12/7/2019,22470,Heart Of Wicker Large,6.19,6,17590,United Kingdom,37.14
581132,12/7/2019,22297,Heart Ivory Trellis Small,6.19,24,17590,United Kingdom,148.56
581132,12/7/2019,84949,Silver Hanging T-Light Holder,6.19,6,17590,United Kingdom,37.14
581132,12/7/2019,23445,Ice Cream Bubbles,6.19,20,17590,United Kingdom,123.8
581133,12/7/2019,16225,Rattle Snake Eggs,6.19,48,14904,United Kingdom,297.12
581133,12/7/2019,20931,Blue Pot Plant Candle,6.19,12,14904,United Kingdom,74.28
581133,12/7/2019,20932,Pink Pot Plant Candle,6.19,12,14904,United Kingdom,74.28
581133,12/7/2019,21705,Bag 500g Swirly Marbles,6.19,24,14904,United Kingdom,148.56
581133,12/7/2019,22064,Pink Doughnut Trinket Pot,6.19,48,14904,United Kingdom,297.12
581133,12/7/2019,22074,6 Ribbons Shimmering Pinks,6.19,24,14904,United Kingdom,148.56
581133,12/7/2019,22069,Brown Pirate Treasure Chest,6.19,48,14904,United Kingdom,297.12
581133,12/7/2019,22076,6 Ribbons Empire,6.19,24,14904,United Kingdom,148.56
581133,12/7/2019,22319,Hairclips Forties Fabric Assorted,7.24,36,14904,United Kingdom,260.64
581133,12/7/2019,22380,Toy Tidy Spaceboy,7.24,20,14904,United Kingdom,144.8
581133,12/7/2019,22422,Toothpaste Tube Pen,7.24,50,14904,United Kingdom,362
581133,12/7/2019,22438,Balloon Art Make Your Own Flowers,7.24,50,14904,United Kingdom,362
581133,12/7/2019,22500,Set Of 2 Tins Jardin De Provence,7.24,6,14904,United Kingdom,43.44
581133,12/7/2019,22509,Sewing Box Retrospot Design,7.24,4,14904,United Kingdom,28.96
581133,12/7/2019,22646,Ceramic Strawberry Cake Money Bank,6.19,36,14904,United Kingdom,222.84
581133,12/7/2019,22664,Toy Tidy Dolly Girl Design,6.19,20,14904,United Kingdom,123.8
581133,12/7/2019,22695,Wicker Wreath Small,6.19,24,14904,United Kingdom,148.56
581133,12/7/2019,22744,Make Your Own Monsoon Card Kit,6.19,12,14904,United Kingdom,74.28
581133,12/7/2019,22915,Assorted Bottle Top Magnets,6.19,24,14904,United Kingdom,148.56
581133,12/7/2019,84826,Asstd Design 3d Paper Stickers,6.19,32,14904,United Kingdom,198.08
581133,12/7/2019,21933,Pink Vintage Paisley Picnic Bag,6.19,10,14904,United Kingdom,61.9
581133,12/7/2019,22266,Easter Decoration Hanging Bunny,6.19,64,14904,United Kingdom,396.16
581133,12/7/2019,22610,Pens Assorted Funny Face,6.19,72,14904,United Kingdom,445.68
581133,12/7/2019,22513,Doorstop Football Design,6.19,8,14904,United Kingdom,49.52
581133,12/7/2019,84509E,Set Of 4 Carousel Placemats,6.19,12,14904,United Kingdom,74.28
581133,12/7/2019,21564,Pink Heart Shape Love Bucket,6.19,24,14904,United Kingdom,148.56
581133,12/7/2019,16258A,Swirly Circular Rubbers In Bag,6.19,36,14904,United Kingdom,222.84
581133,12/7/2019,22124,Set Of 2 Tea Towels Ping Microwave,6.04,12,14904,United Kingdom,72.48
581133,12/7/2019,22123,Ping Microwave Apron,6.04,12,14904,United Kingdom,72.48
581133,12/7/2019,84806A,Pink Candystuft Artificial Flower,6.04,24,14904,United Kingdom,144.96
581133,12/7/2019,21209,Multicolour Honeycomb Fan,6.04,12,14904,United Kingdom,72.48
581133,12/7/2019,21650,Assorted Tutti Frutti Bracelet,6.04,24,14904,United Kingdom,144.96
581133,12/7/2019,85212,Mini Painted Garden Decoration,6.04,24,14904,United Kingdom,144.96
581133,12/7/2019,90030B,Red Kukui Coconut Seed Necklace,6.04,6,14904,United Kingdom,36.24
581133,12/7/2019,22411,Jumbo Shopper Vintage Red Paisley,6.04,20,14904,United Kingdom,120.8
581133,12/7/2019,22065,Christmas Pudding Trinket Pot,6.04,288,14904,United Kingdom,1739.52
581133,12/7/2019,22608,Pens Assorted Funky Jeweled,6.04,36,14904,United Kingdom,217.44
581133,12/7/2019,35964,Folkart Clip On Stars,6.04,12,14904,United Kingdom,72.48
581133,12/7/2019,22596,Christmas Star Wish List Chalkboard,6.04,24,14904,United Kingdom,144.96
581133,12/7/2019,22343,Party Pizza Dish Red Retrospot,6.04,24,14904,United Kingdom,144.96
581133,12/7/2019,22510,Gingham Babushka Doorstop,6.04,8,14904,United Kingdom,48.32
581133,12/7/2019,22755,Small Purple Babushka Notebook,6.19,24,14904,United Kingdom,148.56
581133,12/7/2019,22754,Small Red Babushka Notebook,6.19,24,14904,United Kingdom,148.56
581133,12/7/2019,85173,Set/6 Frog Prince T-Light Candles,6.19,12,14904,United Kingdom,74.28
581133,12/7/2019,21932,Scandinavian Paisley Picnic Bag,6.19,10,14904,United Kingdom,61.9
581133,12/7/2019,90210C,Red Acrylic Faceted Bangle,6.19,10,14904,United Kingdom,61.9
581133,12/7/2019,23084,Rabbit Night Light,6.02,6,14904,United Kingdom,36.12
581134,12/7/2019,17003,Brocade Ring Purse,6.02,36,16368,United Kingdom,216.72
581134,12/7/2019,23434,3 Raffia Ribbons 50'S Christmas,6.02,1,16368,United Kingdom,6.02
581134,12/7/2019,22905,Calendar In Season Design,6.02,1,16368,United Kingdom,6.02
581134,12/7/2019,23154,Set Of 4 Jam Jar Magnets,6.02,1,16368,United Kingdom,6.02
581134,12/7/2019,23060,Heart Beaded Trellis Decoration,6.02,2,16368,United Kingdom,12.04
581134,12/7/2019,23576,Snack Tray Red Vintage Doily,6.02,1,16368,United Kingdom,6.02
581134,12/7/2019,23561,Set Of 6 Ribbons Party,6.02,2,16368,United Kingdom,12.04
581134,12/7/2019,23562,Set Of 6 Ribbons Perfectly Pretty,6.02,1,16368,United Kingdom,6.02
581134,12/7/2019,35471D,Set Of 3 Bird Light Pink Feather,6.02,3,16368,United Kingdom,18.06
581134,12/7/2019,85049E,Scandinavian Reds Ribbons,6.02,2,16368,United Kingdom,12.04
581134,12/7/2019,22734,Set Of 6 Ribbons Vintage Christmas,6.02,3,16368,United Kingdom,18.06
581134,12/7/2019,23435,3 Raffia Ribbons Vintage Christmas,6.02,3,16368,United Kingdom,18.06
581134,12/7/2019,23434,3 Raffia Ribbons 50'S Christmas,6.02,5,16368,United Kingdom,30.1
581134,12/7/2019,23562,Set Of 6 Ribbons Perfectly Pretty,6.02,1,16368,United Kingdom,6.02
581134,12/7/2019,23560,Set Of 6 Ribbons Country Style,6.19,1,16368,United Kingdom,6.19
581134,12/7/2019,85049C,Romantic Pinks Ribbons,6.19,1,16368,United Kingdom,6.19
581134,12/7/2019,22077,6 Ribbons Rustic Charm,6.19,1,16368,United Kingdom,6.19
581134,12/7/2019,84378,Set Of 3 Heart Cookie Cutters,6.19,1,16368,United Kingdom,6.19
581134,12/7/2019,22487,White Wood Garden Plant Ladder,6.19,1,16368,United Kingdom,6.19
581134,12/7/2019,85049G,Chocolate Box Ribbons,6.19,3,16368,United Kingdom,18.57
581134,12/7/2019,21977,Pack Of 60 Pink Paisley Cake Cases,6.19,1,16368,United Kingdom,6.19
581134,12/7/2019,23307,Set Of 60 Pantry Design Cake Cases,6.19,1,16368,United Kingdom,6.19
581134,12/7/2019,84992,72 Sweetheart Fairy Cake Cases,6.19,1,16368,United Kingdom,6.19
581134,12/7/2019,23234,Biscuit Tin Vintage Christmas,6.19,1,16368,United Kingdom,6.19
581134,12/7/2019,23435,3 Raffia Ribbons Vintage Christmas,6.19,3,16368,United Kingdom,18.57
581134,12/7/2019,85049C,Romantic Pinks Ribbons,6.19,2,16368,United Kingdom,12.38
581134,12/7/2019,23560,Set Of 6 Ribbons Country Style,6.19,1,16368,United Kingdom,6.19
581134,12/7/2019,22077,6 Ribbons Rustic Charm,6.19,2,16368,United Kingdom,12.38
581134,12/7/2019,22734,Set Of 6 Ribbons Vintage Christmas,6.19,5,16368,United Kingdom,30.95
581134,12/7/2019,23060,Heart Beaded Trellis Decoration,6.19,6,16368,United Kingdom,37.14
581134,12/7/2019,21034,Rex Cash+Carry Jumbo Shopper,6.19,1,16368,United Kingdom,6.19
581134,12/7/2019,84711B,Pink Oval Shape Trinket Box,6.19,1,16368,United Kingdom,6.19
581134,12/7/2019,21592,Retrospot Cigar Box Matches,6.19,1,16368,United Kingdom,6.19
581134,12/7/2019,85049A,Traditional Christmas Ribbons,6.19,5,16368,United Kingdom,30.95
581134,12/7/2019,84708B,Pink Jewelled Photo Frame,6.19,1,16368,United Kingdom,6.19
581134,12/7/2019,21454,Painted Pink Rabbit,6.19,6,16368,United Kingdom,37.14
581134,12/7/2019,22281,Easter Tree Yellow Birds,6.19,1,16368,United Kingdom,6.19
581134,12/7/2019,23442,12 Hanging Eggs Hand Painted,6.19,1,16368,United Kingdom,6.19
581134,12/7/2019,22228,Bunny Wooden Painted With Bird,6.19,3,16368,United Kingdom,18.57
581134,12/7/2019,22281,Easter Tree Yellow Birds,7.24,1,16368,United Kingdom,7.24
581134,12/7/2019,84707B,Pink Jewelled Mirror Trinket Tray,7.24,1,16368,United Kingdom,7.24
581134,12/7/2019,23251,Vintage Red Enamel Trim Mug,7.24,1,16368,United Kingdom,7.24
581134,12/7/2019,21455,Painted Yellow Wooden Daisy,7.24,1,16368,United Kingdom,7.24
581134,12/7/2019,23442,12 Hanging Eggs Hand Painted,7.24,8,16368,United Kingdom,57.92
581134,12/7/2019,23067,Hanging Engraved Metal Heart,7.24,1,16368,United Kingdom,7.24
581134,12/7/2019,21455,Painted Yellow Wooden Daisy,7.24,5,16368,United Kingdom,36.2
581134,12/7/2019,23441,Hand Painted Hanging Easter Egg,7.24,2,16368,United Kingdom,14.48
581134,12/7/2019,21592,Retrospot Cigar Box Matches,7.24,1,16368,United Kingdom,7.24
581134,12/7/2019,23442,12 Hanging Eggs Hand Painted,7.24,1,16368,United Kingdom,7.24
581134,12/7/2019,21034,Rex Cash+Carry Jumbo Shopper,6.19,1,16368,United Kingdom,6.19
581135,12/7/2019,22699,Roses Regency Teacup And Saucer,6.19,24,18092,United Kingdom,148.56
581135,12/7/2019,22697,Green Regency Teacup And Saucer,6.19,24,18092,United Kingdom,148.56
581135,12/7/2019,23173,Regency Teapot Roses,6.19,12,18092,United Kingdom,74.28
581135,12/7/2019,23245,Set Of 3 Regency Cake Tins,6.19,8,18092,United Kingdom,49.52
581135,12/7/2019,21481,Fawn Blue Hot Water Bottle,6.19,36,18092,United Kingdom,222.84
581135,12/7/2019,84029G,Knitted Union Flag Hot Water Bottle,6.04,24,18092,United Kingdom,144.96
581135,12/7/2019,22114,Hot Water Bottle Tea And Sympathy,6.19,24,18092,United Kingdom,148.56
581136,12/7/2019,79302M,Art Lights Funk Monkey,6.04,20,18273,United Kingdom,120.8
581137,12/7/2019,21408,Spotty Pink Duck Doorstop,6.19,8,17434,United Kingdom,49.52
581137,12/7/2019,22390,Paperweight Childhood Memories,6.19,12,17434,United Kingdom,74.28
581137,12/7/2019,22405,Money Box Pocket Money Design,6.19,12,17434,United Kingdom,74.28
581137,12/7/2019,22393,Paperweight Vintage Collage,6.19,24,17434,United Kingdom,148.56
581137,12/7/2019,22703,Pink Cat Bowl,6.19,12,17434,United Kingdom,74.28
581137,12/7/2019,84819,Danish Rose Round Sewing Box,6.19,16,17434,United Kingdom,99.04
581137,12/7/2019,21810,Christmas Hanging Star With Bell,6.19,48,17434,United Kingdom,297.12
581137,12/7/2019,22111,Scottie Dog Hot Water Bottle,6.19,12,17434,United Kingdom,74.28
581137,12/7/2019,22112,Chocolate Hot Water Bottle,6.19,12,17434,United Kingdom,74.28
581137,12/7/2019,22835,Hot Water Bottle I Am So Poorly,6.19,12,17434,United Kingdom,74.28
581137,12/7/2019,23084,Rabbit Night Light,6.04,12,17434,United Kingdom,72.48
581137,12/7/2019,21108,Fairy Cake Flannel Assorted Colour,6.19,18,17434,United Kingdom,111.42
581137,12/7/2019,20973,12 Pencil Small Tube Woodland,6.19,24,17434,United Kingdom,148.56
581137,12/7/2019,85032B,Blossom Images Gift Wrap Set,6.19,12,17434,United Kingdom,74.28
581137,12/7/2019,85032C,Curious Images Gift Wrap Set,6.19,12,17434,United Kingdom,74.28
581138,12/7/2019,20719,Woodland Charlotte Bag,6.19,100,12950,United Kingdom,619
581138,12/7/2019,22355,Charlotte Bag Suki Design,6.19,100,12950,United Kingdom,619
581138,12/7/2019,20724,Red Retrospot Charlotte Bag,6.19,200,12950,United Kingdom,1238
581138,12/7/2019,23204,Charlotte Bag Apples Design,6.19,100,12950,United Kingdom,619
581139,12/7/2019,21166,Cook With Wine Metal Sign,6.19,48,13798,United Kingdom,297.12
581139,12/7/2019,21035,Set/2 Red Retrospot Tea Towels,6.19,100,13798,United Kingdom,619
581139,12/7/2019,21231,Sweetheart Ceramic Trinket Box,6.19,72,13798,United Kingdom,445.68
581139,12/7/2019,21232,Strawberry Ceramic Trinket Pot,6.19,72,13798,United Kingdom,445.68
581139,12/7/2019,85123A,Cream Hanging Heart T-Light Holder,6.19,32,13798,United Kingdom,198.08
581139,12/7/2019,21109,Large Cake Towel Chocolate Spots,6.19,96,13798,United Kingdom,594.24
581139,12/7/2019,22064,Pink Doughnut Trinket Pot,6.19,96,13798,United Kingdom,594.24
581140,12/7/2019,23498,Classic Bicycle Clips,6.19,12,13870,United Kingdom,74.28
581140,12/7/2019,47590B,Pink Happy Birthday Bunting,6.19,3,13870,United Kingdom,18.57
581140,12/7/2019,22624,Ivory Kitchen Scales,6.19,2,13870,United Kingdom,12.38
581140,12/7/2019,22086,Paper Chain Kit 50'S Christmas,6.19,40,13870,United Kingdom,247.6
581141,12/7/2019,21544,Skulls Water Transfer Tattoos,6.19,12,14132,United Kingdom,74.28
581141,12/7/2019,23310,Bubblegum Ring Assorted,6.19,36,14132,United Kingdom,222.84
581141,12/7/2019,22622,Box Of Vintage Alphabet Blocks,6.19,2,14132,United Kingdom,12.38
581141,12/7/2019,22493,Paint Your Own Canvas Set,6.19,12,14132,United Kingdom,74.28
581141,12/7/2019,22561,Wooden School Colouring Set,6.19,24,14132,United Kingdom,148.56
581141,12/7/2019,10133,Colouring Pencils Brown Tube,6.19,10,14132,United Kingdom,61.9
581141,12/7/2019,20969,Red Floral Feltcraft Shoulder Bag,6.19,4,14132,United Kingdom,24.76
581141,12/7/2019,22150,3 Stripey Mice Feltcraft,6.19,12,14132,United Kingdom,74.28
581141,12/7/2019,22587,Feltcraft Hairband Red And Blue,6.19,12,14132,United Kingdom,74.28
581141,12/7/2019,22750,Feltcraft Princess Lola Doll,6.19,4,14132,United Kingdom,24.76
581141,12/7/2019,22813,Pack 3 Boxes Bird Panettone,6.19,12,14132,United Kingdom,74.28
581141,12/7/2019,21913,Vintage Seaside Jigsaw Puzzles,6.19,4,14132,United Kingdom,24.76
581141,12/7/2019,22623,Box Of Vintage Jigsaw Blocks,6.19,3,14132,United Kingdom,18.57
581141,12/7/2019,23352,Roll Wrap 50'S Red Christmas,6.19,12,14132,United Kingdom,74.28
581141,12/7/2019,84826,Asstd Design 3d Paper Stickers,6.19,60,14132,United Kingdom,371.4
581141,12/7/2019,22743,Make Your Own Flowerpower Card Kit,6.19,12,14132,United Kingdom,74.28
581141,12/7/2019,22744,Make Your Own Monsoon Card Kit,6.19,12,14132,United Kingdom,74.28
581141,12/7/2019,22742,Make Your Own Playtime Card Kit,6.19,12,14132,United Kingdom,74.28
581141,12/7/2019,22544,Mini Jigsaw Spaceboy,6.19,48,14132,United Kingdom,297.12
581141,12/7/2019,21726,Multi Hearts Stickers,6.19,12,14132,United Kingdom,74.28
581142,12/7/2019,23156,Set Of 5 Mini Grocery Magnets,6.19,1,14204,United Kingdom,6.19
581142,12/7/2019,21012,Antique All Glass Candlestick,6.19,1,14204,United Kingdom,6.19
581142,12/7/2019,23148,Miniature Antique Rose Hook Ivory,6.19,1,14204,United Kingdom,6.19
581142,12/7/2019,21914,Blue Harmonica In Box,6.19,1,14204,United Kingdom,6.19
581142,12/7/2019,22400,Magnets Pack Of 4 Home Sweet Home,6.19,1,14204,United Kingdom,6.19
581142,12/7/2019,23158,Set Of 5 Lucky Cat Magnets,6.19,1,14204,United Kingdom,6.19
581142,12/7/2019,22273,Feltcraft Doll Molly,6.19,1,14204,United Kingdom,6.19
581142,12/7/2019,23084,Rabbit Night Light,6.19,1,14204,United Kingdom,6.19
581142,12/7/2019,23148,Miniature Antique Rose Hook Ivory,6.19,2,14204,United Kingdom,12.38
581142,12/7/2019,22906,12 Message Cards With Envelopes,6.19,1,14204,United Kingdom,6.19
581142,12/7/2019,22435,Set Of 9 Heart Shaped Balloons,6.19,1,14204,United Kingdom,6.19
581142,12/7/2019,22532,Magic Drawing Slate Leap Frog,6.19,4,14204,United Kingdom,24.76
581142,12/7/2019,22533,Magic Drawing Slate Bake A Cake,6.19,5,14204,United Kingdom,30.95
581142,12/7/2019,23439,Hand Warmer Red Love Heart,6.19,2,14204,United Kingdom,12.38
581142,12/7/2019,22400,Magnets Pack Of 4 Home Sweet Home,6.19,1,14204,United Kingdom,6.19
581142,12/7/2019,16225,Rattle Snake Eggs,6.19,2,14204,United Kingdom,12.38
581142,12/7/2019,47566,Party Bunting,6.19,3,14204,United Kingdom,18.57
581142,12/7/2019,22139,Retrospot Tea Set Ceramic 11 Pc,6.19,2,14204,United Kingdom,12.38
581142,12/7/2019,21034,Rex Cash+Carry Jumbo Shopper,6.19,3,14204,United Kingdom,18.57
581142,12/7/2019,23496,Pantry Kitchen Thermometer,6.19,1,14204,United Kingdom,6.19
581142,12/7/2019,22112,Chocolate Hot Water Bottle,6.19,2,14204,United Kingdom,12.38
581142,12/7/2019,23388,Woodland Mini Backpack,6.19,2,14204,United Kingdom,12.38
581142,12/7/2019,21481,Fawn Blue Hot Water Bottle,6.19,2,14204,United Kingdom,12.38
581142,12/7/2019,22607,Wooden Rounders Garden Set,6.19,1,14204,United Kingdom,6.19
581142,12/7/2019,21790,Vintage Snap Cards,6.19,1,14204,United Kingdom,6.19
581142,12/7/2019,23154,Set Of 4 Jam Jar Magnets,6.19,1,14204,United Kingdom,6.19
581142,12/7/2019,22906,12 Message Cards With Envelopes,6.19,1,14204,United Kingdom,6.19
581142,12/7/2019,23439,Hand Warmer Red Love Heart,6.19,2,14204,United Kingdom,12.38
581142,12/7/2019,23154,Set Of 4 Jam Jar Magnets,6.19,1,14204,United Kingdom,6.19
581142,12/7/2019,85173,Set/6 Frog Prince T-Light Candles,6.19,1,14204,United Kingdom,6.19
581142,12/7/2019,23104,Ivory Cafe Hanging Lamp,6.19,1,14204,United Kingdom,6.19
581142,12/7/2019,21791,Vintage Heads And Tails Card Game,6.19,4,14204,United Kingdom,24.76
581142,12/7/2019,23503,Playing Cards Keep Calm & Carry On,6.19,2,14204,United Kingdom,12.38
581142,12/7/2019,23502,Playing Cards Vintage Doily,6.19,2,14204,United Kingdom,12.38
581142,12/7/2019,22532,Magic Drawing Slate Leap Frog,6.19,6,14204,United Kingdom,37.14
581142,12/7/2019,22533,Magic Drawing Slate Bake A Cake,6.19,5,14204,United Kingdom,30.95
581142,12/7/2019,22546,Mini Jigsaw Purdey,6.19,2,14204,United Kingdom,12.38
581142,12/7/2019,23154,Set Of 4 Jam Jar Magnets,6.19,2,14204,United Kingdom,12.38
581142,12/7/2019,22722,Set Of 6 Spice Tins Pantry Design,6.19,1,14204,United Kingdom,6.19
581142,12/7/2019,90129C,Green Glass Tassle Bag Charm,6.19,1,14204,United Kingdom,6.19
581142,12/7/2019,90129B,Turquoise Glass Tassle Bag Charm,6.19,1,14204,United Kingdom,6.19
581142,12/7/2019,90129F,Red Glass Tassle Bag Charm,6.19,1,14204,United Kingdom,6.19
581142,12/7/2019,90082A,Diamante Bow Brooch Green Colour,6.19,1,14204,United Kingdom,6.19
581142,12/7/2019,20726,Lunch Bag Woodland,6.19,4,14204,United Kingdom,24.76
581143,12/7/2019,23249,Vintage Red Enamel Trim Plate,6.19,1,17490,United Kingdom,6.19
581143,12/7/2019,23250,Vintage Red Trim Enamel Bowl,6.19,31,17490,United Kingdom,191.89
581144,12/7/2019,22037,Robot Birthday Card,6.19,24,14085,United Kingdom,148.56
581144,12/7/2019,21504,Skulls Greeting Card,6.19,24,14085,United Kingdom,148.56
581144,12/7/2019,21506,Fancy Font Birthday Card,6.19,24,14085,United Kingdom,148.56
581144,12/7/2019,22716,Card Circus Parade,6.19,24,14085,United Kingdom,148.56
581144,12/7/2019,22983,Card Billboard Font,6.19,24,14085,United Kingdom,148.56
581144,12/7/2019,21700,Big Doughnut Fridge Magnets,6.19,3,14085,United Kingdom,18.57
581144,12/7/2019,22750,Feltcraft Princess Lola Doll,6.19,2,14085,United Kingdom,12.38
581144,12/7/2019,22751,Feltcraft Princess Olivia Doll,6.19,3,14085,United Kingdom,18.57
581144,12/7/2019,23570,Traditional Pick Up Sticks Game,6.19,21,14085,United Kingdom,129.99
581144,12/7/2019,22568,Feltcraft Cushion Owl,6.19,12,14085,United Kingdom,74.28
581144,12/7/2019,21914,Blue Harmonica In Box,6.19,36,14085,United Kingdom,222.84
581144,12/7/2019,23229,Vintage Donkey Tail Game,6.19,3,14085,United Kingdom,18.57
581144,12/7/2019,21495,Skulls And Crossbones Wrap,6.19,25,14085,United Kingdom,154.75
581144,12/7/2019,21497,Fancy Fonts Birthday Wrap,6.19,25,14085,United Kingdom,154.75
581144,12/7/2019,21498,Red Retrospot Wrap,6.19,25,14085,United Kingdom,154.75
581146,12/7/2019,23579,Snack Tray I Love London,6.19,4,17602,United Kingdom,24.76
581146,12/7/2019,23319,Box Of 6 Mini 50'S Crackers,6.04,3,17602,United Kingdom,18.12
581146,12/7/2019,23318,Box Of 6 Mini Vintage Crackers,6.19,3,17602,United Kingdom,18.57
581146,12/7/2019,23311,Vintage Christmas Stocking,6.19,1,17602,United Kingdom,6.19
581146,12/7/2019,23320,Giant 50'S Christmas Cracker,6.19,6,17602,United Kingdom,37.14
581146,12/7/2019,23350,Roll Wrap Vintage Spot,6.19,3,17602,United Kingdom,18.57
581146,12/7/2019,23349,Roll Wrap Vintage Christmas,6.19,3,17602,United Kingdom,18.57
581146,12/7/2019,22553,Plasters In Tin Skulls,6.19,24,17602,United Kingdom,148.56
581146,12/7/2019,23084,Rabbit Night Light,6.19,24,17602,United Kingdom,148.56
581146,12/7/2019,84347,Rotating Silver Angels T-Light Hldr,6.19,24,17602,United Kingdom,148.56
581146,12/7/2019,22942,Christmas Lights 10 Santas,6.19,7,17602,United Kingdom,43.33
581146,12/7/2019,23077,Doughnut Lip Gloss,6.19,40,17602,United Kingdom,247.6
581146,12/7/2019,22732,3d Vintage Christmas Stickers,6.19,1,17602,United Kingdom,6.19
581146,12/7/2019,22653,Button Box,6.19,2,17602,United Kingdom,12.38
581146,12/7/2019,22555,Plasters In Tin Strongman,6.19,10,17602,United Kingdom,61.9
581146,12/7/2019,22554,Plasters In Tin Woodland Animals,6.19,1,17602,United Kingdom,6.19
581146,12/7/2019,22551,Plasters In Tin Spaceboy,6.19,1,17602,United Kingdom,6.19
581146,12/7/2019,22556,Plasters In Tin Circus Parade,6.19,12,17602,United Kingdom,74.28
581146,12/7/2019,22557,Plasters In Tin Vintage Paisley,6.19,24,17602,United Kingdom,148.56
581146,12/7/2019,23504,Playing Cards Jubilee Union Jack,6.19,3,17602,United Kingdom,18.57
581146,12/7/2019,22910,Paper Chain Kit Vintage Christmas,6.19,3,17602,United Kingdom,18.57
581146,12/7/2019,22086,Paper Chain Kit 50'S Christmas,6.19,3,17602,United Kingdom,18.57
581146,12/7/2019,22732,3d Vintage Christmas Stickers,6.19,3,17602,United Kingdom,18.57
581146,12/7/2019,21679,Skulls Stickers,6.19,6,17602,United Kingdom,37.14
581146,12/7/2019,23502,Playing Cards Vintage Doily,6.19,3,17602,United Kingdom,18.57
581146,12/7/2019,23503,Playing Cards Keep Calm & Carry On,6.19,3,17602,United Kingdom,18.57
581146,12/7/2019,23493,Vintage Doily Travel Sewing Kit,6.19,6,17602,United Kingdom,37.14
581146,12/7/2019,22554,Plasters In Tin Woodland Animals,6.19,8,17602,United Kingdom,49.52
581146,12/7/2019,21592,Retrospot Cigar Box Matches,6.19,2,17602,United Kingdom,12.38
581146,12/7/2019,22551,Plasters In Tin Spaceboy,6.19,8,17602,United Kingdom,49.52
581146,12/7/2019,23497,Classic Chrome Bicycle Bell,6.19,6,17602,United Kingdom,37.14
581146,12/7/2019,22437,Set Of 9 Black Skull Balloons,6.19,5,17602,United Kingdom,30.95
581146,12/7/2019,22068,Black Pirate Treasure Chest,6.19,18,17602,United Kingdom,111.42
581146,12/7/2019,22069,Brown Pirate Treasure Chest,6.19,7,17602,United Kingdom,43.33
581146,12/7/2019,22632,Hand Warmer Red Retrospot,6.19,4,17602,United Kingdom,24.76
581146,12/7/2019,23439,Hand Warmer Red Love Heart,6.19,5,17602,United Kingdom,30.95
581146,12/7/2019,22633,Hand Warmer Union Jack,6.19,2,17602,United Kingdom,12.38
581146,12/7/2019,22866,Hand Warmer Scotty Dog Design,6.19,4,17602,United Kingdom,24.76
581146,12/7/2019,22865,Hand Warmer Owl Design,6.19,4,17602,United Kingdom,24.76
581146,12/7/2019,23356,Love Hot Water Bottle,6.19,4,17602,United Kingdom,24.76
581146,12/7/2019,22111,Scottie Dog Hot Water Bottle,6.19,2,17602,United Kingdom,12.38
581146,12/7/2019,22835,Hot Water Bottle I Am So Poorly,6.04,4,17602,United Kingdom,24.16
581146,12/7/2019,21479,White Skull Hot Water Bottle,6.04,1,17602,United Kingdom,6.04
581146,12/7/2019,23355,Hot Water Bottle Keep Calm,6.04,1,17602,United Kingdom,6.04
581146,12/7/2019,21843,Red Retrospot Cake Stand,6.04,1,17602,United Kingdom,6.04
581146,12/7/2019,35004B,Set Of 3 Black Flying Ducks,6.04,2,17602,United Kingdom,12.08
581146,12/7/2019,22467,Gumball Coat Rack,6.19,3,17602,United Kingdom,18.57
581146,12/7/2019,84950,Assorted Colour T-Light Holder,6.19,12,17602,United Kingdom,74.28
581146,12/7/2019,22560,Traditional Modelling Clay,6.19,6,17602,United Kingdom,37.14
581146,12/7/2019,21218,Red Spotty Biscuit Tin,6.19,1,17602,United Kingdom,6.19
581146,12/7/2019,22996,Travel Card Wallet Vintage Ticket,6.19,24,17602,United Kingdom,148.56
581146,12/7/2019,85123A,Cream Hanging Heart T-Light Holder,6.19,3,17602,United Kingdom,18.57
581146,12/7/2019,21733,Red Hanging Heart T-Light Holder,6.19,3,17602,United Kingdom,18.57
581146,12/7/2019,22804,Pink Hanging Heart T-Light Holder,6.19,3,17602,United Kingdom,18.57
581146,12/7/2019,22809,Set Of 6 T-Lights Santa,6.19,2,17602,United Kingdom,12.38
581146,12/7/2019,23002,Travel Card Wallet Skulls,6.19,24,17602,United Kingdom,148.56
581146,12/7/2019,22995,Travel Card Wallet Suki,6.19,24,17602,United Kingdom,148.56
581146,12/7/2019,22999,Travel Card Wallet Vintage Leaf,6.19,24,17602,United Kingdom,148.56
581146,12/7/2019,23000,Travel Card Wallet Transport,6.19,24,17602,United Kingdom,148.56
581146,12/7/2019,22994,Travel Card Wallet Retrospot,6.19,24,17602,United Kingdom,148.56
581146,12/7/2019,22998,Travel Card Wallet Keep Calm,6.19,24,17602,United Kingdom,148.56
581146,12/7/2019,22558,Clothes Pegs Retrospot Pack 24,6.19,3,17602,United Kingdom,18.57
581146,12/7/2019,84536A,English Rose Notebook A7 Size,6.19,8,17602,United Kingdom,49.52
581146,12/7/2019,20759,Chrysanthemum Pocket Book,6.19,1,17602,United Kingdom,6.19
581146,12/7/2019,20758,Abstract Circles Pocket Book,6.19,1,17602,United Kingdom,6.19
581146,12/7/2019,21991,Bohemian Collage Stationery Set,6.19,3,17602,United Kingdom,18.57
581146,12/7/2019,21990,Modern Floral Stationery Set,6.19,3,17602,United Kingdom,18.57
581146,12/7/2019,23302,Kneeling Mat Housework Design,6.19,3,17602,United Kingdom,18.57
581146,12/7/2019,72351A,Set/6 Turquoise Butterfly T-Lights,6.19,1,17602,United Kingdom,6.19
581146,12/7/2019,72349B,Set/6 Purple Butterfly T-Lights,6.19,2,17602,United Kingdom,12.38
581146,12/7/2019,22085,Paper Chain Kit Skulls,6.19,3,17602,United Kingdom,18.57
581146,12/7/2019,22083,Paper Chain Kit Retrospot,6.19,3,17602,United Kingdom,18.57
581146,12/7/2019,23239,Set Of 4 Knick Knack Tins Poppies,6.19,1,17602,United Kingdom,6.19
581146,12/7/2019,23240,Set Of 4 Knick Knack Tins Doily,6.19,1,17602,United Kingdom,6.19
581146,12/7/2019,23237,Set Of 4 Knick Knack Tins Leaf,6.19,1,17602,United Kingdom,6.19
581146,12/7/2019,72349B,Set/6 Purple Butterfly T-Lights,6.19,1,17602,United Kingdom,6.19
581146,12/7/2019,72351A,Set/6 Turquoise Butterfly T-Lights,6.19,2,17602,United Kingdom,12.38
581146,12/7/2019,72351B,Set/6 Pink Butterfly T-Lights,6.19,3,17602,United Kingdom,18.57
581146,12/7/2019,23238,Set Of 4 Knick Knack Tins London,6.19,12,17602,United Kingdom,74.28
581146,12/7/2019,23090,Vintage Glass T-Light Holder,6.19,24,17602,United Kingdom,148.56
581146,12/7/2019,23472,Nine Drawer Office Tidy,6.19,1,17602,United Kingdom,6.19
581146,12/7/2019,21213,Pack Of 72 Skull Cake Cases,6.19,24,17602,United Kingdom,148.56
581146,12/7/2019,22960,Jam Making Set With Jars,6.19,1,17602,United Kingdom,6.19
581146,12/7/2019,22900,Set 2 Tea Towels I Love London,6.19,5,17602,United Kingdom,30.95
581146,12/7/2019,22988,Soldiers Egg Cup,6.19,36,17602,United Kingdom,222.84
581146,12/7/2019,22909,Set Of 20 Vintage Christmas Napkins,6.19,4,17602,United Kingdom,24.76
581146,12/7/2019,21080,Set/20 Red Retrospot Paper Napkins,6.19,2,17602,United Kingdom,12.38
581146,12/7/2019,21989,Pack Of 20 Skull Paper Napkins,6.19,2,17602,United Kingdom,12.38
581146,12/7/2019,21035,Set/2 Red Retrospot Tea Towels,6.19,4,17602,United Kingdom,24.76
581146,12/7/2019,22099,Caravan Square Tissue Box,6.19,4,17602,United Kingdom,24.76
581146,12/7/2019,22094,Red Retrospot Tissue Box,6.19,3,17602,United Kingdom,18.57
581146,12/7/2019,23307,Set Of 60 Pantry Design Cake Cases,6.19,5,17602,United Kingdom,30.95
581146,12/7/2019,22417,Pack Of 60 Spaceboy Cake Cases,6.19,6,17602,United Kingdom,37.14
581146,12/7/2019,23308,Set Of 60 Vintage Leaf Cake Cases,6.19,5,17602,United Kingdom,30.95
581146,12/7/2019,84992,72 Sweetheart Fairy Cake Cases,6.19,5,17602,United Kingdom,30.95
581146,12/7/2019,22890,Novelty Biscuits Cake Stand 3 Tier,6.19,1,17602,United Kingdom,6.19
581146,12/7/2019,21418,Starfish Soap Dish,6.19,1,17602,United Kingdom,6.19
581146,12/7/2019,22930,Baking Mould Heart Milk Chocolate,6.19,3,17602,United Kingdom,18.57
581146,12/7/2019,22931,Baking Mould Heart White Chocolate,6.19,3,17602,United Kingdom,18.57
581146,12/7/2019,22616,Pack Of 12 London Tissues,6.19,12,17602,United Kingdom,74.28
581146,12/7/2019,22615,Pack Of 12 Circus Parade Tissues,6.19,12,17602,United Kingdom,74.28
581146,12/7/2019,21980,Pack Of 12 Red Retrospot Tissues,6.19,12,17602,United Kingdom,74.28
581146,12/7/2019,21967,Pack Of 12 Skull Tissues,6.19,12,17602,United Kingdom,74.28
581146,12/7/2019,21981,Pack Of 12 Woodland Tissues,6.19,12,17602,United Kingdom,74.28
581146,12/7/2019,23381,Pack Of 12 Vintage Leaf Tissues,6.19,12,17602,United Kingdom,74.28
581146,12/7/2019,21985,Pack Of 12 Hearts Design Tissues,6.19,12,17602,United Kingdom,74.28
581146,12/7/2019,23309,Set Of 60 I Love London Cake Cases,6.19,24,17602,United Kingdom,148.56
581146,12/7/2019,21212,Pack Of 72 Retrospot Cake Cases,6.19,24,17602,United Kingdom,148.56
581146,12/7/2019,84991,60 Teatime Fairy Cake Cases,6.19,6,17602,United Kingdom,37.14
581146,12/7/2019,21975,Pack Of 60 Dinosaur Cake Cases,6.19,6,17602,United Kingdom,37.14
581146,12/7/2019,21977,Pack Of 60 Pink Paisley Cake Cases,6.19,6,17602,United Kingdom,37.14
581146,12/7/2019,20973,12 Pencil Small Tube Woodland,6.19,8,17602,United Kingdom,49.52
581146,12/7/2019,20974,12 Pencils Small Tube Skull,6.19,8,17602,United Kingdom,49.52
581146,12/7/2019,20975,12 Pencils Small Tube Red Retrospot,6.19,8,17602,United Kingdom,49.52
581146,12/7/2019,23366,Set 12 Colouring Pencils Doily,6.19,4,17602,United Kingdom,24.76
581146,12/7/2019,23367,Set 12 Colour Pencils Spaceboy,6.19,6,17602,United Kingdom,37.14
581146,12/7/2019,23365,Set 12 Colour Pencils Love London,6.19,5,17602,United Kingdom,30.95
581146,12/7/2019,23552,Bicycle Puncture Repair Kit,6.19,3,17602,United Kingdom,18.57
581146,12/7/2019,21420,Oyster Trinket Box,6.19,4,17602,United Kingdom,24.76
581146,12/7/2019,21418,Starfish Soap Dish,6.19,3,17602,United Kingdom,18.57
581147,12/7/2019,21172,Party Metal Sign,6.19,2,16426,United Kingdom,12.38
581147,12/7/2019,21181,Please One Person Metal Sign,6.19,1,16426,United Kingdom,6.19
581147,12/7/2019,21174,Pottering In The Shed Metal Sign,6.19,1,16426,United Kingdom,6.19
581147,12/7/2019,82567,Airline Lounge Metal Sign,6.19,1,16426,United Kingdom,6.19
581147,12/7/2019,21907,I'm On Holiday Metal Sign,6.19,1,16426,United Kingdom,6.19
581147,12/7/2019,21166,Cook With Wine Metal Sign,6.19,1,16426,United Kingdom,6.19
581147,12/7/2019,22371,Airline Bag Vintage Tokyo 78,6.19,2,16426,United Kingdom,12.38
581147,12/7/2019,22086,Paper Chain Kit 50'S Christmas,6.19,3,16426,United Kingdom,18.57
581147,12/7/2019,22603,Christmas Retrospot Tree Wood,6.19,3,16426,United Kingdom,18.57
581147,12/7/2019,22602,Retrospot Wooden Heart Decoration,6.19,3,16426,United Kingdom,18.57
581147,12/7/2019,22600,Christmas Retrospot Star Wood,6.19,3,16426,United Kingdom,18.57
581147,12/7/2019,22581,Wood Stocking Christmas Scandispot,6.19,3,16426,United Kingdom,18.57
581147,12/7/2019,22574,Heart Wooden Christmas Decoration,6.19,3,16426,United Kingdom,18.57
581147,12/7/2019,23264,Set Of 3 Wooden Sleigh Decorations,6.19,1,16426,United Kingdom,6.19
581147,12/7/2019,23265,Set Of 3 Wooden Tree Decorations,6.04,1,16426,United Kingdom,6.04
581147,12/7/2019,23263,Set Of 3 Wooden Heart Decorations,6.04,1,16426,United Kingdom,6.04
581147,12/7/2019,23266,Set Of 3 Wooden Stocking Decoration,6.04,2,16426,United Kingdom,12.08
581147,12/7/2019,22599,Christmas Musical Zinc Star,6.04,3,16426,United Kingdom,18.12
581147,12/7/2019,22598,Christmas Musical Zinc Tree,6.04,3,16426,United Kingdom,18.12
581147,12/7/2019,22571,Rocking Horse Red Christmas,6.04,3,16426,United Kingdom,18.12
581147,12/7/2019,22597,Musical Zinc Heart Decoration,6.19,3,16426,United Kingdom,18.57
581147,12/7/2019,23333,Ivory Wicker Heart Medium,6.19,10,16426,United Kingdom,61.9
581147,12/7/2019,23332,Ivory Wicker Heart Large,6.19,5,16426,United Kingdom,30.95
581147,12/7/2019,23332,Ivory Wicker Heart Large,6.19,5,16426,United Kingdom,30.95
581147,12/7/2019,23330,Decorative Wicker Heart Medium,6.19,10,16426,United Kingdom,61.9
581147,12/7/2019,23331,Decorative Wicker Heart Small,6.19,16,16426,United Kingdom,99.04
581147,12/7/2019,23301,Gardeners Kneeling Pad Keep Calm,6.19,5,16426,United Kingdom,30.95
581147,12/7/2019,23300,Gardeners Kneeling Pad Cup Of Tea,6.19,5,16426,United Kingdom,30.95
581147,12/7/2019,20728,Lunch Bag Cars Blue,6.19,5,16426,United Kingdom,30.95
581147,12/7/2019,22382,Lunch Bag Spaceboy Design,6.19,5,16426,United Kingdom,30.95
581147,12/7/2019,23583,Lunch Bag Paisley Park,6.19,5,16426,United Kingdom,30.95
581147,12/7/2019,22662,Lunch Bag Dolly Girl Design,6.19,2,16426,United Kingdom,12.38
581147,12/7/2019,20726,Lunch Bag Woodland,6.19,3,16426,United Kingdom,18.57
581147,12/7/2019,22383,Lunch Bag Suki Design,6.19,5,16426,United Kingdom,30.95
581147,12/7/2019,23207,Lunch Bag Alphabet Design,6.19,5,16426,United Kingdom,30.95
581147,12/7/2019,23208,Lunch Bag Vintage Leaf Design,6.19,5,16426,United Kingdom,30.95
581147,12/7/2019,23209,Lunch Bag Vintage Doily,6.19,5,16426,United Kingdom,30.95
581147,12/7/2019,23206,Lunch Bag Apple Design,6.19,5,16426,United Kingdom,30.95
581147,12/7/2019,20727,Lunch Bag Black Skull,6.02,10,16426,United Kingdom,60.2
581147,12/7/2019,20725,Lunch Bag Red Retrospot,6.02,5,16426,United Kingdom,30.1
581147,12/7/2019,23681,Lunch Bag Red Vintage Doily,6.02,5,16426,United Kingdom,30.1
581147,12/7/2019,22384,Lunch Bag Pink Polkadot,6.02,10,16426,United Kingdom,60.2
581149,12/7/2019,23333,Ivory Wicker Heart Medium,6.02,3,15471,United Kingdom,18.06
581149,12/7/2019,23154,Set Of 4 Jam Jar Magnets,6.02,1,15471,United Kingdom,6.02
581149,12/7/2019,23332,Ivory Wicker Heart Large,6.19,3,15471,United Kingdom,18.57
581149,12/7/2019,22195,Large Heart Measuring Spoons,6.19,2,15471,United Kingdom,12.38
581149,12/7/2019,22733,3d Traditional Christmas Stickers,6.19,3,15471,United Kingdom,18.57
581149,12/7/2019,23353,6 Gift Tags Vintage Christmas,6.19,2,15471,United Kingdom,12.38
581149,12/7/2019,85123A,Cream Hanging Heart T-Light Holder,6.19,32,15471,United Kingdom,198.08
581149,12/7/2019,22107,Pizza Plate In Box,6.19,1,15471,United Kingdom,6.19
581149,12/7/2019,22109,Full English Breakfast Plate,6.19,2,15471,United Kingdom,12.38
581149,12/7/2019,22217,T-Light Holder Hanging Lace,6.19,2,15471,United Kingdom,12.38
581149,12/7/2019,21733,Red Hanging Heart T-Light Holder,6.19,6,15471,United Kingdom,37.14
581149,12/7/2019,21535,Red Retrospot Small Milk Jug,6.19,4,15471,United Kingdom,24.76
581149,12/7/2019,22199,Frying Pan Red Retrospot,6.19,3,15471,United Kingdom,18.57
581149,12/7/2019,22203,Milk Pan Red Retrospot,6.19,3,15471,United Kingdom,18.57
581149,12/7/2019,82581,Toilet Metal Sign,6.19,4,15471,United Kingdom,24.76
581149,12/7/2019,21171,Bathroom Metal Sign,6.19,4,15471,United Kingdom,24.76
581149,12/7/2019,82578,Kitchen Metal Sign,6.19,4,15471,United Kingdom,24.76
581149,12/7/2019,22107,Pizza Plate In Box,6.19,1,15471,United Kingdom,6.19
581149,12/7/2019,22561,Wooden School Colouring Set,6.19,2,15471,United Kingdom,12.38
581149,12/7/2019,22315,200 Red + White Bendy Straws,6.19,1,15471,United Kingdom,6.19
581149,12/7/2019,21446,12 Red Rose Peg Place Settings,6.19,2,15471,United Kingdom,12.38
581149,12/7/2019,23154,Set Of 4 Jam Jar Magnets,6.19,2,15471,United Kingdom,12.38
581149,12/7/2019,23323,White Wicker Star,6.19,1,15471,United Kingdom,6.19
581149,12/7/2019,21533,Retrospot Large Milk Jug,6.19,3,15471,United Kingdom,18.57
581149,12/7/2019,21535,Red Retrospot Small Milk Jug,6.19,2,15471,United Kingdom,12.38
581149,12/7/2019,22426,Enamel Wash Bowl Cream,6.19,1,15471,United Kingdom,6.19
581149,12/7/2019,22425,Enamel Colander Cream,6.19,1,15471,United Kingdom,6.19
581149,12/7/2019,85130B,Beaded Crystal Heart Green Large,6.19,1,15471,United Kingdom,6.19
581149,12/7/2019,21212,Pack Of 72 Retrospot Cake Cases,6.19,1,15471,United Kingdom,6.19
581149,12/7/2019,21591,Cosy Hour Cigar Box Matches,6.19,2,15471,United Kingdom,12.38
581149,12/7/2019,21592,Retrospot Cigar Box Matches,6.19,2,15471,United Kingdom,12.38
581149,12/7/2019,21446,12 Red Rose Peg Place Settings,6.19,2,15471,United Kingdom,12.38
581149,12/7/2019,23295,Set Of 12 Mini Loaf Baking Cases,6.19,1,15471,United Kingdom,6.19
581149,12/7/2019,23501,Key Ring Baseball Boot Union Jack,6.19,6,15471,United Kingdom,37.14
581149,12/7/2019,22196,Small Heart Measuring Spoons,6.19,1,15471,United Kingdom,6.19
581149,12/7/2019,23154,Set Of 4 Jam Jar Magnets,6.19,3,15471,United Kingdom,18.57
581149,12/7/2019,22466,Fairy Tale Cottage Night Light,6.19,3,15471,United Kingdom,18.57
581149,12/7/2019,85130D,Beaded Crystal Heart Pink Large,6.19,1,15471,United Kingdom,6.19
581149,12/7/2019,85130C,Beaded Crystal Heart Blue Large,6.19,1,15471,United Kingdom,6.19
581149,12/7/2019,23415,Home Sweet Home Hook,6.04,3,15471,United Kingdom,18.12
581149,12/7/2019,23417,Bathroom Hook,6.04,6,15471,United Kingdom,36.24
581149,12/7/2019,22233,Jigsaw Rabbit And Birdhouse,6.04,1,15471,United Kingdom,6.04
581149,12/7/2019,21439,Basket Of Toadstools,6.04,3,15471,United Kingdom,18.12
581149,12/7/2019,23416,Chambre Hook,6.19,6,15471,United Kingdom,37.14
581149,12/7/2019,22082,Ribbon Reel Stripes Design,6.19,5,15471,United Kingdom,30.95
581149,12/7/2019,22079,Ribbon Reel Hearts Design,6.19,2,15471,United Kingdom,12.38
581149,12/7/2019,23338,Egg Frying Pan Red,6.19,1,15471,United Kingdom,6.19
581149,12/7/2019,23321,Small White Heart Of Wicker,6.19,2,15471,United Kingdom,12.38
581149,12/7/2019,22561,Wooden School Colouring Set,6.19,4,15471,United Kingdom,24.76
581149,12/7/2019,22232,Jigsaw Toadstools 3 Piece,6.19,8,15471,United Kingdom,49.52
581149,12/7/2019,22558,Clothes Pegs Retrospot Pack 24,6.19,3,15471,United Kingdom,18.57
581149,12/7/2019,23500,Key Ring Baseball Boot Assorted,6.19,20,15471,United Kingdom,123.8
581149,12/7/2019,22173,Metal 4 Hook Hanger French Chateau,6.19,3,15471,United Kingdom,18.57
581149,12/7/2019,22363,Glass Jar Marmalade,6.19,1,15471,United Kingdom,6.19
581149,12/7/2019,23323,White Wicker Star,6.19,2,15471,United Kingdom,12.38
581149,12/7/2019,23115,Red Apples Chopping Board,6.19,1,15471,United Kingdom,6.19
581149,12/7/2019,21080,Set/20 Red Retrospot Paper Napkins,6.19,3,15471,United Kingdom,18.57
581149,12/7/2019,22224,White Lovebird Lantern,6.04,2,15471,United Kingdom,12.08
581149,12/7/2019,23293,Set Of 12 Fairy Cake Baking Cases,6.04,1,15471,United Kingdom,6.04
581149,12/7/2019,84792,Enchanted Bird Coathanger 5 Hook,6.04,4,15471,United Kingdom,24.16
581149,12/7/2019,22233,Jigsaw Rabbit And Birdhouse,6.04,3,15471,United Kingdom,18.12
581149,12/7/2019,72741,Grand Chocolatecandle,6.04,9,15471,United Kingdom,54.36
581149,12/7/2019,21714,Citronella Candle Garden Pot,6.04,6,15471,United Kingdom,36.24
581149,12/7/2019,71053,White Moroccan Metal Lantern,6.19,1,15471,United Kingdom,6.19
581149,12/7/2019,71053,White Moroccan Metal Lantern,6.19,1,15471,United Kingdom,6.19
581149,12/7/2019,22928,Yellow Giant Garden Thermometer,6.19,2,15471,United Kingdom,12.38
581149,12/7/2019,22807,Set Of 6 T-Lights Toadstools,6.19,6,15471,United Kingdom,37.14
581149,12/7/2019,22500,Set Of 2 Tins Jardin De Provence,6.19,4,15471,United Kingdom,24.76
581149,12/7/2019,22171,3 Hook Photo Shelf Antique White,6.19,1,15471,United Kingdom,6.19
581149,12/7/2019,22807,Set Of 6 T-Lights Toadstools,6.19,6,15471,United Kingdom,37.14
581149,12/7/2019,85039A,Set/4 Red Mini Rose Candle In Bowl,6.19,2,15471,United Kingdom,12.38
581149,12/7/2019,23156,Set Of 5 Mini Grocery Magnets,6.19,12,15471,United Kingdom,74.28
581149,12/7/2019,23360,Set 8 Candles Vintage Doily,6.19,2,15471,United Kingdom,12.38
581149,12/7/2019,72122,Coffee Scent Pillar Candle,6.19,6,15471,United Kingdom,37.14
581149,12/7/2019,23099,French Carriage Lantern,6.19,1,15471,United Kingdom,6.19
581149,12/7/2019,22365,Doormat Respectable House,6.19,1,15471,United Kingdom,6.19
581149,12/7/2019,23374,Red Spot Paper Gift Bag,6.19,3,15471,United Kingdom,18.57
581150,12/7/2019,23084,Rabbit Night Light,6.19,2,17266,United Kingdom,12.38
581150,12/7/2019,23398,Hanging Heart Bonheur,6.19,2,17266,United Kingdom,12.38
581150,12/7/2019,23399,Home Sweet Home Hanging Heart,6.19,2,17266,United Kingdom,12.38
581150,12/7/2019,21622,Vintage Union Jack Cushion Cover,6.19,1,17266,United Kingdom,6.19
581150,12/7/2019,22786,Cushion Cover Pink Union Jack,6.19,2,17266,United Kingdom,12.38
581150,12/7/2019,46000M,Polyester Filler Pad 45x45cm,6.19,1,17266,United Kingdom,6.19
581150,12/7/2019,46000R,Polyester Filler Pad 45x30cm,6.19,2,17266,United Kingdom,12.38
581150,12/7/2019,20781,Gold Ear Muff Headphones,6.19,1,17266,United Kingdom,6.19
581163,12/7/2019,82484,Wood Black Board Ant White Finish,6.19,36,12747,United Kingdom,222.84
581163,12/7/2019,85062,Pearl Crystal Pumpkin T-Light Hldr,6.19,24,12747,United Kingdom,148.56
581163,12/7/2019,85123A,Cream Hanging Heart T-Light Holder,6.19,6,12747,United Kingdom,37.14
581163,12/7/2019,82494L,Wooden Frame Antique White,6.19,24,12747,United Kingdom,148.56
581163,12/7/2019,82482,Wooden Picture Frame White Finish,6.19,12,12747,United Kingdom,74.28
581163,12/7/2019,85099C,Jumbo Bag Baroque Black White,6.19,10,12747,United Kingdom,61.9
581163,12/7/2019,23581,Jumbo Bag Paisley Park,6.19,10,12747,United Kingdom,61.9
581164,12/7/2019,37449,Ceramic Cake Stand + Hanging Cakes,6.19,1,14395,United Kingdom,6.19
581164,12/7/2019,23691,Wrap Keep Calm Birthday,6.19,25,14395,United Kingdom,154.75
581164,12/7/2019,21411,Gingham Heart Doorstop Red,6.19,2,14395,United Kingdom,12.38
581164,12/7/2019,23139,Single Wire Hook Pink Heart,6.19,5,14395,United Kingdom,30.95
581164,12/7/2019,22171,3 Hook Photo Shelf Antique White,6.19,2,14395,United Kingdom,12.38
581164,12/7/2019,22207,Frying Pan Union Flag,6.19,1,14395,United Kingdom,6.19
581164,12/7/2019,22169,Family Album White Picture Frame,6.19,3,14395,United Kingdom,18.57
581164,12/7/2019,21901,Key Fob Back Door,6.19,5,14395,United Kingdom,30.95
581164,12/7/2019,21900,Key Fob Shed,6.19,2,14395,United Kingdom,12.38
581164,12/7/2019,21899,Garage Key Fob,6.19,4,14395,United Kingdom,24.76
581164,12/7/2019,21902,Key Fob Front Door,6.19,8,14395,United Kingdom,49.52
581164,12/7/2019,22187,Green Christmas Tree Card Holder,6.19,6,14395,United Kingdom,37.14
581164,12/7/2019,82484,Wood Black Board Ant White Finish,6.02,2,14395,United Kingdom,12.04
581164,12/7/2019,21155,Red Retrospot Peg Bag,6.02,6,14395,United Kingdom,36.12
581164,12/7/2019,23141,Triple Wire Hook Pink Heart,6.19,7,14395,United Kingdom,43.33
581164,12/7/2019,22505,Memo Board Cottage Design,6.19,4,14395,United Kingdom,24.76
581164,12/7/2019,22507,Memo Board Retrospot Design,6.19,2,14395,United Kingdom,12.38
581164,12/7/2019,23356,Love Hot Water Bottle,6.19,1,14395,United Kingdom,6.19
581164,12/7/2019,23355,Hot Water Bottle Keep Calm,6.19,3,14395,United Kingdom,18.57
581164,12/7/2019,22114,Hot Water Bottle Tea And Sympathy,6.19,3,14395,United Kingdom,18.57
581164,12/7/2019,22111,Scottie Dog Hot Water Bottle,6.19,2,14395,United Kingdom,12.38
581164,12/7/2019,23356,Love Hot Water Bottle,6.19,2,14395,United Kingdom,12.38
581164,12/7/2019,85048,15cm Christmas Glass Ball 20 Lights,6.19,1,14395,United Kingdom,6.19
581164,12/7/2019,21485,Retrospot Heart Hot Water Bottle,6.19,3,14395,United Kingdom,18.57
581164,12/7/2019,22633,Hand Warmer Union Jack,6.19,2,14395,United Kingdom,12.38
581164,12/7/2019,23139,Single Wire Hook Pink Heart,6.19,1,14395,United Kingdom,6.19
581164,12/7/2019,23332,Ivory Wicker Heart Large,6.19,6,14395,United Kingdom,37.14
581164,12/7/2019,21592,Retrospot Cigar Box Matches,6.19,9,14395,United Kingdom,55.71
581164,12/7/2019,84968E,Set Of 16 Vintage Black Cutlery,6.19,1,14395,United Kingdom,6.19
581164,12/7/2019,21592,Retrospot Cigar Box Matches,6.19,1,14395,United Kingdom,6.19
581164,12/7/2019,23439,Hand Warmer Red Love Heart,6.19,2,14395,United Kingdom,12.38
581164,12/7/2019,22112,Chocolate Hot Water Bottle,6.19,3,14395,United Kingdom,18.57
581164,12/7/2019,22113,Grey Heart Hot Water Bottle,6.19,3,14395,United Kingdom,18.57
581164,12/7/2019,21169,You're Confusing Me Metal Sign,6.19,2,14395,United Kingdom,12.38
581164,12/7/2019,21181,Please One Person Metal Sign,6.19,8,14395,United Kingdom,49.52
581164,12/7/2019,21770,Open Closed Metal Sign,6.19,1,14395,United Kingdom,6.19
581164,12/7/2019,21175,Gin And Tonic Diet Metal Sign,6.19,6,14395,United Kingdom,37.14
581164,12/7/2019,22581,Wood Stocking Christmas Scandispot,6.19,7,14395,United Kingdom,43.33
581164,12/7/2019,21098,Christmas Toilet Roll,7.24,3,14395,United Kingdom,21.72
581164,12/7/2019,23493,Vintage Doily Travel Sewing Kit,7.24,6,14395,United Kingdom,43.44
581164,12/7/2019,82486,3 Drawer Antique White Wood Cabinet,7.24,2,14395,United Kingdom,14.48
581164,12/7/2019,82483,Wood 2 Drawer Cabinet White Finish,7.24,2,14395,United Kingdom,14.48
581164,12/7/2019,22465,Hanging Metal Star Lantern,7.24,12,14395,United Kingdom,86.88
581164,12/7/2019,22578,Wooden Star Christmas Scandinavian,7.24,8,14395,United Kingdom,57.92
581164,12/7/2019,21166,Cook With Wine Metal Sign,7.24,4,14395,United Kingdom,28.96
581164,12/7/2019,21903,Man Flu Metal Sign,7.24,3,14395,United Kingdom,21.72
581164,12/7/2019,85150,Ladies & Gentlemen Metal Sign,7.24,8,14395,United Kingdom,57.92
581164,12/7/2019,21169,You're Confusing Me Metal Sign,6.19,7,14395,United Kingdom,43.33
581164,12/7/2019,21098,Christmas Toilet Roll,6.19,4,14395,United Kingdom,24.76
581164,12/7/2019,22173,Metal 4 Hook Hanger French Chateau,6.19,8,14395,United Kingdom,49.52
581164,12/7/2019,23321,Small White Heart Of Wicker,6.19,2,14395,United Kingdom,12.38
581164,12/7/2019,23322,Large White Heart Of Wicker,6.19,1,14395,United Kingdom,6.19
581164,12/7/2019,22470,Heart Of Wicker Large,6.19,6,14395,United Kingdom,37.14
581164,12/7/2019,22158,3 Hearts Hanging Decoration Rustic,6.19,8,14395,United Kingdom,49.52
581164,12/7/2019,23318,Box Of 6 Mini Vintage Crackers,6.19,1,14395,United Kingdom,6.19
581164,12/7/2019,23322,Large White Heart Of Wicker,6.19,5,14395,United Kingdom,30.95
581164,12/7/2019,23321,Small White Heart Of Wicker,6.19,6,14395,United Kingdom,37.14
581165,12/7/2019,23480,Mini Lights Woodland Mushrooms,6.19,4,15701,United Kingdom,24.76
581165,12/7/2019,21015,Dark Bird House Tree Decoration,6.19,24,15701,United Kingdom,148.56
581165,12/7/2019,21456,2 Picture Book Eggs Easter Chicks,6.19,12,15701,United Kingdom,74.28
581165,12/7/2019,21439,Basket Of Toadstools,6.19,12,15701,United Kingdom,74.28
581165,12/7/2019,22967,Set 3 Song Bird Paper Eggs Assorted,6.19,6,15701,United Kingdom,37.14
581165,12/7/2019,22254,Felt Toadstool Large,6.19,12,15701,United Kingdom,74.28
581165,12/7/2019,22255,Felt Toadstool Small,6.19,12,15701,United Kingdom,74.28
581165,12/7/2019,23466,Tuscan Villa Dovecote Bird Feeder,6.19,2,15701,United Kingdom,12.38
581165,12/7/2019,22169,Family Album White Picture Frame,6.19,2,15701,United Kingdom,12.38
581165,12/7/2019,82482,Wooden Picture Frame White Finish,6.19,6,15701,United Kingdom,37.14
581165,12/7/2019,21379,Camphor Wood Portobello Mushroom,6.19,6,15701,United Kingdom,37.14
581165,12/7/2019,21377,Small Camphor Wood Field Mushroom,6.19,6,15701,United Kingdom,37.14
581165,12/7/2019,21441,Blue Birdhouse Decoration,6.19,12,15701,United Kingdom,74.28
581165,12/7/2019,21442,Green Birdhouse Decoration,6.19,12,15701,United Kingdom,74.28
581165,12/7/2019,20831,Gold Photo Frame,6.19,12,15701,United Kingdom,74.28
581165,12/7/2019,21115,Rose Caravan Doorstop,6.19,8,15701,United Kingdom,49.52
581165,12/7/2019,21378,Small Tall Camphor Wood Toadstool,6.19,12,15701,United Kingdom,74.28
581165,12/7/2019,22055,Mini Cake Stand Hanging Strawbery,6.19,16,15701,United Kingdom,99.04
581165,12/7/2019,22509,Sewing Box Retrospot Design,6.19,4,15701,United Kingdom,24.76
581165,12/7/2019,22695,Wicker Wreath Small,6.19,12,15701,United Kingdom,74.28
581165,12/7/2019,22701,Pink Dog Bowl,6.19,12,15701,United Kingdom,74.28
581165,12/7/2019,22703,Pink Cat Bowl,6.19,12,15701,United Kingdom,74.28
581165,12/7/2019,22807,Set Of 6 T-Lights Toadstools,6.19,12,15701,United Kingdom,74.28
581165,12/7/2019,23107,White Hearts Wire Plant Pot Holder,6.19,8,15701,United Kingdom,49.52
581165,12/7/2019,22192,Blue Diner Wall Clock,6.19,2,15701,United Kingdom,12.38
581165,12/7/2019,23084,Rabbit Night Light,6.19,6,15701,United Kingdom,37.14
581165,12/7/2019,23108,Set Of 10 Led Dolly Lights,6.19,2,15701,United Kingdom,12.38
581165,12/7/2019,23031,Drawer Knob Crackle Glaze Pink,6.19,6,15701,United Kingdom,37.14
581165,12/7/2019,22771,Clear Drawer Knob Acrylic Edwardian,6.19,12,15701,United Kingdom,74.28
581166,12/7/2019,22605,Wooden Croquet Garden Set,6.19,1,15525,United Kingdom,6.19
581166,12/7/2019,22960,Jam Making Set With Jars,6.19,3,15525,United Kingdom,18.57
581166,12/7/2019,22549,Picture Dominoes,6.19,1,15525,United Kingdom,6.19
581166,12/7/2019,23511,Embroidered Ribbon Reel Emily,6.19,1,15525,United Kingdom,6.19
581166,12/7/2019,23512,Embroidered Ribbon Reel Rosie,6.19,1,15525,United Kingdom,6.19
581166,12/7/2019,22398,Magnets Pack Of 4 Swallows,6.19,12,15525,United Kingdom,74.28
581166,12/7/2019,23192,Bundle Of 3 Alphabet Exercise Books,6.19,2,15525,United Kingdom,12.38
581166,12/7/2019,23505,Playing Cards I Love London,6.19,1,15525,United Kingdom,6.19
581166,12/7/2019,22438,Balloon Art Make Your Own Flowers,6.19,2,15525,United Kingdom,12.38
581166,12/7/2019,22621,Traditional Knitting Nancy,6.19,3,15525,United Kingdom,18.57
581166,12/7/2019,21974,Set Of 36 Paisley Flower Doilies,6.19,1,15525,United Kingdom,6.19
581166,12/7/2019,22972,Children's Spaceboy Mug,6.19,1,15525,United Kingdom,6.19
581166,12/7/2019,22989,Set 2 Pantry Design Tea Towels,6.19,1,15525,United Kingdom,6.19
581166,12/7/2019,22643,Set Of 4 Napkin Charms Leaves,6.19,3,15525,United Kingdom,18.57
581166,12/7/2019,21452,Toadstool Money Box,6.19,1,15525,United Kingdom,6.19
581166,12/7/2019,23254,Childrens Cutlery Dolly Girl,6.19,1,15525,United Kingdom,6.19
581166,12/7/2019,23256,Childrens Cutlery Spaceboy,6.19,1,15525,United Kingdom,6.19
581166,12/7/2019,84997D,Childrens Cutlery Polkadot Pink,6.19,1,15525,United Kingdom,6.19
581166,12/7/2019,22899,Children's Apron Dolly Girl,6.19,1,15525,United Kingdom,6.19
581166,12/7/2019,22367,Childrens Apron Spaceboy Design,6.19,2,15525,United Kingdom,12.38
581166,12/7/2019,23084,Rabbit Night Light,6.19,1,15525,United Kingdom,6.19
581166,12/7/2019,22434,Balloon Pump With 10 Balloons,6.19,1,15525,United Kingdom,6.19
581166,12/7/2019,22086,Paper Chain Kit 50'S Christmas,6.19,1,15525,United Kingdom,6.19
581166,12/7/2019,22744,Make Your Own Monsoon Card Kit,6.19,3,15525,United Kingdom,18.57
581166,12/7/2019,84032B,Charlie + Lola Red Hot Water Bottle,6.19,1,15525,United Kingdom,6.19
581166,12/7/2019,23239,Set Of 4 Knick Knack Tins Poppies,6.19,5,15525,United Kingdom,30.95
581166,12/7/2019,23237,Set Of 4 Knick Knack Tins Leaf,6.19,1,15525,United Kingdom,6.19
581166,12/7/2019,23240,Set Of 4 Knick Knack Tins Doily,6.19,1,15525,United Kingdom,6.19
581166,12/7/2019,23235,Storage Tin Vintage Leaf,6.19,1,15525,United Kingdom,6.19
581166,12/7/2019,23236,Storage Tin Vintage Doily,6.19,1,15525,United Kingdom,6.19
581166,12/7/2019,23494,Vintage Doily Deluxe Sewing Kit,6.19,1,15525,United Kingdom,6.19
581166,12/7/2019,23242,Treasure Tin Buffalo Bill,6.19,1,15525,United Kingdom,6.19
581166,12/7/2019,22635,Childs Breakfast Set Dolly Girl,6.19,1,15525,United Kingdom,6.19
581166,12/7/2019,22634,Childs Breakfast Set Spaceboy,6.19,2,15525,United Kingdom,12.38
581166,12/7/2019,23275,Set Of 3 Hanging Owls Ollie Beak,6.19,1,15525,United Kingdom,6.19
581166,12/7/2019,23081,Green Metal Box Army Supplies,6.19,1,15525,United Kingdom,6.19
581166,12/7/2019,23080,Red Metal Box Top Secret,6.19,2,15525,United Kingdom,12.38
581166,12/7/2019,23494,Vintage Doily Deluxe Sewing Kit,6.19,1,15525,United Kingdom,6.19
581166,12/7/2019,23236,Storage Tin Vintage Doily,6.19,2,15525,United Kingdom,12.38
581166,12/7/2019,23128,Feltcraft Boy Jean-Paul Kit,6.19,1,15525,United Kingdom,6.19
581166,12/7/2019,84819,Danish Rose Round Sewing Box,6.19,1,15525,United Kingdom,6.19
581166,12/7/2019,22744,Make Your Own Monsoon Card Kit,6.19,2,15525,United Kingdom,12.38
581166,12/7/2019,22743,Make Your Own Flowerpower Card Kit,6.19,2,15525,United Kingdom,12.38
581166,12/7/2019,23296,Set Of 6 Tea Time Baking Cases,6.19,1,15525,United Kingdom,6.19
581166,12/7/2019,23154,Set Of 4 Jam Jar Magnets,6.19,1,15525,United Kingdom,6.19
581166,12/7/2019,23235,Storage Tin Vintage Leaf,6.19,1,15525,United Kingdom,6.19
581166,12/7/2019,23239,Set Of 4 Knick Knack Tins Poppies,6.19,2,15525,United Kingdom,12.38
581166,12/7/2019,22722,Set Of 6 Spice Tins Pantry Design,6.19,1,15525,United Kingdom,6.19
581166,12/7/2019,22150,3 Stripey Mice Feltcraft,6.19,1,15525,United Kingdom,6.19
581166,12/7/2019,23351,Roll Wrap 50'S Christmas,6.19,1,15525,United Kingdom,6.19
581166,12/7/2019,23352,Roll Wrap 50'S Red Christmas,6.19,1,15525,United Kingdom,6.19
581166,12/7/2019,21212,Pack Of 72 Retrospot Cake Cases,6.19,1,15525,United Kingdom,6.19
581166,12/7/2019,23307,Set Of 60 Pantry Design Cake Cases,6.19,1,15525,United Kingdom,6.19
581166,12/7/2019,21976,Pack Of 60 Mushroom Cake Cases,6.19,1,15525,United Kingdom,6.19
581166,12/7/2019,85114B,Ivory Enchanted Forest Placemat,6.19,2,15525,United Kingdom,12.38
581166,12/7/2019,23354,6 Gift Tags 50'S Christmas,6.19,1,15525,United Kingdom,6.19
581166,12/7/2019,22587,Feltcraft Hairband Red And Blue,6.19,2,15525,United Kingdom,12.38
581166,12/7/2019,23286,Blue Vintage Spot Beaker,6.19,3,15525,United Kingdom,18.57
581166,12/7/2019,23079,Toadstool Bedside Light,6.19,1,15525,United Kingdom,6.19
581166,12/7/2019,23254,Childrens Cutlery Dolly Girl,6.19,1,15525,United Kingdom,6.19
581166,12/7/2019,23256,Childrens Cutlery Spaceboy,6.19,2,15525,United Kingdom,12.38
581166,12/7/2019,23198,Pantry Magnetic Shopping List,6.19,2,15525,United Kingdom,12.38
581166,12/7/2019,23079,Toadstool Bedside Light,6.19,1,15525,United Kingdom,6.19
581166,12/7/2019,23154,Set Of 4 Jam Jar Magnets,6.19,1,15525,United Kingdom,6.19
581166,12/7/2019,22981,Pantry Apple Corer,6.19,1,15525,United Kingdom,6.19
581166,12/7/2019,22722,Set Of 6 Spice Tins Pantry Design,6.19,1,15525,United Kingdom,6.19
581166,12/7/2019,22960,Jam Making Set With Jars,6.19,3,15525,United Kingdom,18.57
581166,12/7/2019,23392,Spaceboy Rocket Lolly Makers,6.19,1,15525,United Kingdom,6.19
581166,12/7/2019,23559,Woodland Bunnies Lolly Makers,6.19,1,15525,United Kingdom,6.19
581166,12/7/2019,22630,Dolly Girl Lunch Box,6.19,1,15525,United Kingdom,6.19
581166,12/7/2019,23290,Spaceboy Childrens Bowl,6.19,3,15525,United Kingdom,18.57
581166,12/7/2019,23292,Spaceboy Childrens Cup,6.19,2,15525,United Kingdom,12.38
581166,12/7/2019,23291,Dolly Girl Childrens Cup,6.19,1,15525,United Kingdom,6.19
581166,12/7/2019,23289,Dolly Girl Childrens Bowl,6.19,1,15525,United Kingdom,6.19
581166,12/7/2019,22629,Spaceboy Lunch Box,6.19,2,15525,United Kingdom,12.38
581166,12/7/2019,23236,Storage Tin Vintage Doily,6.19,2,15525,United Kingdom,12.38
581166,12/7/2019,23240,Set Of 4 Knick Knack Tins Doily,6.19,1,15525,United Kingdom,6.19
581166,12/7/2019,23203,Jumbo Bag Vintage Doily,6.19,2,15525,United Kingdom,12.38
581166,12/7/2019,23201,Jumbo Bag Alphabet,6.19,2,15525,United Kingdom,12.38
581166,12/7/2019,23582,Vintage Doily Jumbo Bag Red,6.19,1,15525,United Kingdom,6.19
581166,12/7/2019,23203,Jumbo Bag Vintage Doily,6.19,1,15525,United Kingdom,6.19
581167,12/7/2019,22411,Jumbo Shopper Vintage Red Paisley,6.19,10,13534,United Kingdom,61.9
581167,12/7/2019,20713,Jumbo Bag Owls,6.19,20,13534,United Kingdom,123.8
581167,12/7/2019,22386,Jumbo Bag Pink Polkadot,6.19,20,13534,United Kingdom,123.8
581167,12/7/2019,85099B,Jumbo Bag Red Retrospot,6.19,20,13534,United Kingdom,123.8
581167,12/7/2019,85099C,Jumbo Bag Baroque Black White,6.19,10,13534,United Kingdom,61.9
581167,12/7/2019,23203,Jumbo Bag Vintage Doily,6.19,10,13534,United Kingdom,61.9
581167,12/7/2019,20712,Jumbo Bag Woodland Animals,6.19,20,13534,United Kingdom,123.8
581167,12/7/2019,21928,Jumbo Bag Scandinavian Blue Paisley,6.19,10,13534,United Kingdom,61.9
581167,12/7/2019,23200,Jumbo Bag Pears,6.19,10,13534,United Kingdom,61.9
581167,12/7/2019,22385,Jumbo Bag Spaceboy Design,6.19,10,13534,United Kingdom,61.9
581167,12/7/2019,20727,Lunch Bag Black Skull,6.19,10,13534,United Kingdom,61.9
581167,12/7/2019,20728,Lunch Bag Cars Blue,6.19,10,13534,United Kingdom,61.9
581167,12/7/2019,20725,Lunch Bag Red Retrospot,6.19,10,13534,United Kingdom,61.9
581167,12/7/2019,23681,Lunch Bag Red Vintage Doily,6.19,10,13534,United Kingdom,61.9
581168,12/7/2019,22896,Peg Bag Apples Design,6.19,6,16779,United Kingdom,37.14
581168,12/7/2019,22197,Popcorn Holder,6.19,12,16779,United Kingdom,74.28
581168,12/7/2019,71477,Coloured Glass Star T-Light Holder,6.19,48,16779,United Kingdom,297.12
581168,12/7/2019,21731,Red Toadstool Led Night Light,6.19,12,16779,United Kingdom,74.28
581168,12/7/2019,21843,Red Retrospot Cake Stand,6.19,2,16779,United Kingdom,12.38
581168,12/7/2019,22165,Diamante Heart Shaped Wall Mirror,6.19,6,16779,United Kingdom,37.14
581168,12/7/2019,22313,Office Mug Warmer Pink,6.19,12,16779,United Kingdom,74.28
581168,12/7/2019,72800C,4 Pink Dinner Candle Silver Flock,6.19,12,16779,United Kingdom,74.28
581168,12/7/2019,72800B,4 Purple Flock Dinner Candles,6.19,12,16779,United Kingdom,74.28
581168,12/7/2019,35970,Zinc Folkart Sleigh Bells,6.19,12,16779,United Kingdom,74.28
581168,12/7/2019,20712,Jumbo Bag Woodland Animals,6.19,10,16779,United Kingdom,61.9
581168,12/7/2019,85099C,Jumbo Bag Baroque Black White,6.19,10,16779,United Kingdom,61.9
581169,12/7/2019,84029E,Red Woolly Hottie White Heart,6.19,48,16779,United Kingdom,297.12
581169,12/7/2019,21936,Red Retrospot Picnic Bag,6.19,10,16779,United Kingdom,61.9
581169,12/7/2019,21907,I'm On Holiday Metal Sign,6.19,12,16779,United Kingdom,74.28
581169,12/7/2019,21166,Cook With Wine Metal Sign,6.19,48,16779,United Kingdom,297.12
581169,12/7/2019,82600,N0 Singing Metal Sign,6.19,48,16779,United Kingdom,297.12
581169,12/7/2019,22804,Pink Hanging Heart T-Light Holder,6.19,6,16779,United Kingdom,37.14
581169,12/7/2019,21733,Red Hanging Heart T-Light Holder,6.19,32,16779,United Kingdom,198.08
581169,12/7/2019,22197,Popcorn Holder,6.19,12,16779,United Kingdom,74.28
581169,12/7/2019,23284,Doormat Keep Calm And Come In,7.24,10,16779,United Kingdom,72.4
581169,12/7/2019,23300,Gardeners Kneeling Pad Cup Of Tea,7.24,12,16779,United Kingdom,86.88
581170,12/7/2019,22867,Hand Warmer Bird Design,7.24,96,13767,United Kingdom,695.04
581170,12/7/2019,22865,Hand Warmer Owl Design,7.24,96,13767,United Kingdom,695.04
581170,12/7/2019,22866,Hand Warmer Scotty Dog Design,7.24,96,13767,United Kingdom,695.04
581170,12/7/2019,22114,Hot Water Bottle Tea And Sympathy,7.24,24,13767,United Kingdom,173.76
581170,12/7/2019,22111,Scottie Dog Hot Water Bottle,7.24,24,13767,United Kingdom,173.76
581170,12/7/2019,23089,Glass Bon Bon Jar,7.24,36,13767,United Kingdom,260.64
581170,12/7/2019,84879,Assorted Colour Bird Ornament,7.24,32,13767,United Kingdom,231.68
581170,12/7/2019,22730,Alarm Clock Bakelike Ivory,7.24,8,13767,United Kingdom,57.92
581170,12/7/2019,22697,Green Regency Teacup And Saucer,7.24,6,13767,United Kingdom,43.44
581171,12/7/2019,23570,Traditional Pick Up Sticks Game,7.24,12,12615,France,86.88
581171,12/7/2019,22966,Gingerbread Man Cookie Cutter,7.24,24,12615,France,173.76
581171,12/7/2019,20750,Red Retrospot Mini Cases,7.24,6,12615,France,43.44
581171,12/7/2019,85014B,Red Retrospot Umbrella,7.24,3,12615,France,21.72
581171,12/7/2019,20682,Red Retrospot Childrens Umbrella,6.19,12,12615,France,74.28
581171,12/7/2019,23118,Parisienne Jewellery Drawer,6.19,4,12615,France,24.76
581171,12/7/2019,21481,Fawn Blue Hot Water Bottle,6.19,4,12615,France,24.76
581171,12/7/2019,22027,Tea Party Birthday Card,6.19,12,12615,France,74.28
581171,12/7/2019,21509,Cowboys And Indians Birthday Card,6.19,12,12615,France,74.28
581171,12/7/2019,22028,Penny Farthing Birthday Card,6.19,12,12615,France,74.28
581171,12/7/2019,22029,Spaceboy Birthday Card,6.19,12,12615,France,74.28
581171,12/7/2019,21258,Victorian Sewing Box Large,6.19,2,12615,France,12.38
581171,12/7/2019,84077,World War 2 Gliders Asstd Designs,6.19,48,12615,France,297.12
581171,12/7/2019,23154,Set Of 4 Jam Jar Magnets,6.19,12,12615,France,74.28
581171,12/7/2019,21889,Wooden Box Of Dominoes,6.19,12,12615,France,74.28
581171,12/7/2019,21891,Traditional Wooden Skipping Rope,6.19,12,12615,France,74.28
581171,12/7/2019,22620,4 Traditional Spinning Tops,6.19,12,12615,France,74.28
581171,12/7/2019,21914,Blue Harmonica In Box,6.19,12,12615,France,74.28
581171,12/7/2019,23084,Rabbit Night Light,6.19,24,12615,France,148.56
581172,12/7/2019,22169,Family Album White Picture Frame,6.19,8,16525,United Kingdom,49.52
581172,12/7/2019,84947,Antique Silver Tea Glass Engraved,6.19,24,16525,United Kingdom,148.56
581172,12/7/2019,21326,Aged Glass Silver T-Light Holder,6.19,144,16525,United Kingdom,891.36
581172,12/7/2019,22791,T-Light Glass Fluted Antique,6.19,72,16525,United Kingdom,445.68
581172,12/7/2019,21733,Red Hanging Heart T-Light Holder,6.19,12,16525,United Kingdom,74.28
581172,12/7/2019,22295,Heart Filigree Dove Large,6.19,24,16525,United Kingdom,148.56
581173,12/7/2019,21366,Mirrored Wall Art Photo Frames,6.19,2,17870,United Kingdom,12.38
581173,12/7/2019,21591,Cosy Hour Cigar Box Matches,6.19,24,17870,United Kingdom,148.56
581173,12/7/2019,23318,Box Of 6 Mini Vintage Crackers,6.19,7,17870,United Kingdom,43.33
581173,12/7/2019,23319,Box Of 6 Mini 50'S Crackers,6.19,3,17870,United Kingdom,18.57
581173,12/7/2019,85204,Hanging Wood And Felt Flower,6.19,8,17870,United Kingdom,49.52
581173,12/7/2019,22151,Place Setting White Heart,6.19,6,17870,United Kingdom,37.14
581173,12/7/2019,21918,Set 12 Kids Colour Chalk Sticks,6.19,3,17870,United Kingdom,18.57
581173,12/7/2019,51014A,Feather Pen Hot Pink,6.19,12,17870,United Kingdom,74.28
581173,12/7/2019,23275,Set Of 3 Hanging Owls Ollie Beak,6.19,12,17870,United Kingdom,74.28
581173,12/7/2019,75049L,Large Circular Mirror Mobile,6.19,6,17870,United Kingdom,37.14
581173,12/7/2019,20668,Disco Ball Christmas Decoration,6.19,24,17870,United Kingdom,148.56
581173,12/7/2019,44235,Assorted Coloured Circle Mobile,6.19,2,17870,United Kingdom,12.38
581173,12/7/2019,44234,Assorted Circular Mobile,6.19,2,17870,United Kingdom,12.38
581173,12/7/2019,23318,Box Of 6 Mini Vintage Crackers,6.19,14,17870,United Kingdom,86.66
581173,12/7/2019,22338,Star Decoration Painted Zinc,6.19,12,17870,United Kingdom,74.28
581173,12/7/2019,22581,Wood Stocking Christmas Scandispot,6.19,14,17870,United Kingdom,86.66
581173,12/7/2019,22578,Wooden Star Christmas Scandinavian,6.19,11,17870,United Kingdom,68.09
581173,12/7/2019,22737,Ribbon Reel Christmas Present,6.19,5,17870,United Kingdom,30.95
581173,12/7/2019,20668,Disco Ball Christmas Decoration,6.19,24,17870,United Kingdom,148.56
581173,12/7/2019,35970,Zinc Folkart Sleigh Bells,6.19,3,17870,United Kingdom,18.57
581173,12/7/2019,23350,Roll Wrap Vintage Spot,6.19,3,17870,United Kingdom,18.57
581173,12/7/2019,21034,Rex Cash+Carry Jumbo Shopper,6.19,1,17870,United Kingdom,6.19
581173,12/7/2019,23009,I Love London Baby Gift Set,6.19,1,17870,United Kingdom,6.19
581173,12/7/2019,23503,Playing Cards Keep Calm & Carry On,6.19,1,17870,United Kingdom,6.19
581173,12/7/2019,21915,Red Harmonica In Box,6.19,2,17870,United Kingdom,12.38
581173,12/7/2019,22616,Pack Of 12 London Tissues,6.19,2,17870,United Kingdom,12.38
581173,12/7/2019,21864,Union Jack Flag Passport Cover,6.19,1,17870,United Kingdom,6.19
581173,12/7/2019,21866,Union Jack Flag Luggage Tag,6.19,1,17870,United Kingdom,6.19
581173,12/7/2019,22406,Money Box Kings Choice Design,6.19,2,17870,United Kingdom,12.38
581173,12/7/2019,22207,Frying Pan Union Flag,6.19,1,17870,United Kingdom,6.19
581173,12/7/2019,23369,Set 36 Colour Pencils Love London,6.19,2,17870,United Kingdom,12.38
581173,12/7/2019,23531,Wall Art Big Love,6.04,1,17870,United Kingdom,6.04
581173,12/7/2019,21625,Vintage Union Jack Apron,6.04,1,17870,United Kingdom,6.04
581173,12/7/2019,22816,Card Motorbike Santa,6.04,12,17870,United Kingdom,72.48
581173,12/7/2019,75049L,Large Circular Mirror Mobile,6.04,6,17870,United Kingdom,36.24
581173,12/7/2019,79190B,Retro Plastic Polka Tray,6.04,15,17870,United Kingdom,90.6
581173,12/7/2019,23338,Egg Frying Pan Red,6.04,1,17870,United Kingdom,6.04
581173,12/7/2019,22641,Set Of 4 Napkin Charms Instrument,6.04,3,17870,United Kingdom,18.12
581173,12/7/2019,84991,60 Teatime Fairy Cake Cases,6.19,1,17870,United Kingdom,6.19
581173,12/7/2019,90214F,"Letter ""F"" Bling Key Ring",6.19,1,17870,United Kingdom,6.19
581173,12/7/2019,90214G,"Letter ""G"" Bling Key Ring",6.19,1,17870,United Kingdom,6.19
581173,12/7/2019,21172,Party Metal Sign,6.19,1,17870,United Kingdom,6.19
581173,12/7/2019,22737,Ribbon Reel Christmas Present,7.24,1,17870,United Kingdom,7.24
581173,12/7/2019,22736,Ribbon Reel Making Snowmen,7.24,1,17870,United Kingdom,7.24
581173,12/7/2019,21370,Mirrored Wall Art Foxy,7.24,1,17870,United Kingdom,7.24
581173,12/7/2019,21366,Mirrored Wall Art Photo Frames,7.24,1,17870,United Kingdom,7.24
581173,12/7/2019,21373,Mirrored Wall Art Snowflakes,7.24,7,17870,United Kingdom,50.68
581173,12/7/2019,23356,Love Hot Water Bottle,7.24,1,17870,United Kingdom,7.24
581173,12/7/2019,51014A,Feather Pen Hot Pink,7.24,12,17870,United Kingdom,86.88
581173,12/7/2019,22360,Glass Jar English Confectionery,7.24,1,17870,United Kingdom,7.24
581174,12/7/2019,21705,Bag 500g Swirly Marbles,7.24,24,13769,United Kingdom,173.76
581174,12/7/2019,22811,Set Of 6 T-Lights Cacti,7.24,12,13769,United Kingdom,86.88
581174,12/7/2019,21730,Glass Star Frosted T-Light Holder,7.24,3,13769,United Kingdom,21.72
581174,12/7/2019,84945,Multi Colour Silver T-Light Holder,7.24,12,13769,United Kingdom,86.88
581174,12/7/2019,71477,Coloured Glass Star T-Light Holder,7.24,24,13769,United Kingdom,173.76
581174,12/7/2019,84946,Antique Silver T-Light Glass,7.24,12,13769,United Kingdom,86.88
581174,12/7/2019,22112,Chocolate Hot Water Bottle,7.24,3,13769,United Kingdom,21.72
581174,12/7/2019,22113,Grey Heart Hot Water Bottle,7.24,4,13769,United Kingdom,28.96
581174,12/7/2019,22114,Hot Water Bottle Tea And Sympathy,6.19,4,13769,United Kingdom,24.76
581174,12/7/2019,23355,Hot Water Bottle Keep Calm,6.19,4,13769,United Kingdom,24.76
581174,12/7/2019,22835,Hot Water Bottle I Am So Poorly,6.19,4,13769,United Kingdom,24.76
581174,12/7/2019,21790,Vintage Snap Cards,6.19,12,13769,United Kingdom,74.28
581174,12/7/2019,85150,Ladies & Gentlemen Metal Sign,6.04,6,13769,United Kingdom,36.24
581174,12/7/2019,21181,Please One Person Metal Sign,6.04,12,13769,United Kingdom,72.48
581174,12/7/2019,21733,Red Hanging Heart T-Light Holder,6.04,6,13769,United Kingdom,36.24
581174,12/7/2019,85123A,Cream Hanging Heart T-Light Holder,6.04,6,13769,United Kingdom,36.24
581175,12/7/2019,22973,Children's Circus Parade Mug,6.19,48,14646,Netherlands,297.12
581175,12/7/2019,23280,Folding Butterfly Mirror Hot Pink,6.04,96,14646,Netherlands,579.84
581175,12/7/2019,23281,Folding Butterfly Mirror Red,6.04,96,14646,Netherlands,579.84
581175,12/7/2019,23498,Classic Bicycle Clips,6.04,72,14646,Netherlands,434.88
581175,12/7/2019,23575,Snack Tray Paisley Park,6.19,48,14646,Netherlands,297.12
581175,12/7/2019,22483,Red Gingham Teddy Bear,6.19,48,14646,Netherlands,297.12
581175,12/7/2019,22326,Round Snack Boxes Set Of4 Woodland,6.19,96,14646,Netherlands,594.24
581175,12/7/2019,23446,Blue Bunny Easter Egg Basket,6.19,144,14646,Netherlands,891.36
581175,12/7/2019,23238,Set Of 4 Knick Knack Tins London,6.19,48,14646,Netherlands,297.12
581175,12/7/2019,22814,Card Party Games,6.19,144,14646,Netherlands,891.36
581175,12/7/2019,22037,Robot Birthday Card,6.19,144,14646,Netherlands,891.36
581175,12/7/2019,23569,Tradtional Alphabet Stamp Set,6.19,108,14646,Netherlands,668.52
581175,12/7/2019,23440,Paint Your Own Eggs In Crate,6.19,144,14646,Netherlands,891.36
581175,12/7/2019,20718,Red Retrospot Shopper Bag,6.19,100,14646,Netherlands,619
581175,12/7/2019,21156,Retrospot Childrens Apron,6.19,60,14646,Netherlands,371.4
581175,12/7/2019,21485,Retrospot Heart Hot Water Bottle,6.19,24,14646,Netherlands,148.56
581175,12/7/2019,21791,Vintage Heads And Tails Card Game,6.19,72,14646,Netherlands,445.68
581175,12/7/2019,22029,Spaceboy Birthday Card,6.19,144,14646,Netherlands,891.36
581175,12/7/2019,22175,Pink Owl Soft Toy,6.19,48,14646,Netherlands,297.12
581175,12/7/2019,21564,Pink Heart Shape Love Bucket,6.19,120,14646,Netherlands,742.8
581175,12/7/2019,21563,Red Heart Shape Love Bucket,6.19,120,14646,Netherlands,742.8
581175,12/7/2019,22471,Tv Dinner Tray Air Hostess,6.19,32,14646,Netherlands,198.08
581175,12/7/2019,22472,Tv Dinner Tray Dolly Girl,6.19,32,14646,Netherlands,198.08
581175,12/7/2019,22474,Spaceboy Tv Dinner Tray,6.19,32,14646,Netherlands,198.08
581175,12/7/2019,22539,Mini Jigsaw Dolly Girl,6.19,144,14646,Netherlands,891.36
581175,12/7/2019,22509,Sewing Box Retrospot Design,6.19,16,14646,Netherlands,99.04
581175,12/7/2019,22540,Mini Jigsaw Circus Parade,6.19,144,14646,Netherlands,891.36
581175,12/7/2019,22544,Mini Jigsaw Spaceboy,6.19,144,14646,Netherlands,891.36
581175,12/7/2019,22755,Small Purple Babushka Notebook,6.19,144,14646,Netherlands,891.36
581175,12/7/2019,22758,Large Purple Babushka Notebook,6.19,144,14646,Netherlands,891.36
581175,12/7/2019,22754,Small Red Babushka Notebook,6.19,144,14646,Netherlands,891.36
581175,12/7/2019,22757,Large Red Babushka Notebook,6.19,144,14646,Netherlands,891.36
581175,12/7/2019,22905,Calendar In Season Design,6.19,40,14646,Netherlands,247.6
581175,12/7/2019,84805B,Blue Climbing Hydranga Art Flower,6.19,24,14646,Netherlands,148.56
581175,12/7/2019,84804B,Blue Delphinium Artificial Flower,6.19,36,14646,Netherlands,222.84
581175,12/7/2019,84806A,Pink Candystuft Artificial Flower,6.19,24,14646,Netherlands,148.56
581175,12/7/2019,22393,Paperweight Vintage Collage,6.39,96,14646,Netherlands,613.44
581175,12/7/2019,22423,Regency Cakestand 3 Tier,7.24,32,14646,Netherlands,231.68
581175,12/7/2019,22549,Picture Dominoes,7.24,72,14646,Netherlands,521.28
581175,12/7/2019,22960,Jam Making Set With Jars,7.24,24,14646,Netherlands,173.76
581175,12/7/2019,22712,Card Dolly Girl,7.24,144,14646,Netherlands,1042.56
581175,12/7/2019,23245,Set Of 3 Regency Cake Tins,7.24,48,14646,Netherlands,347.52
581175,12/7/2019,23292,Spaceboy Childrens Cup,7.24,96,14646,Netherlands,695.04
581175,12/7/2019,23560,Set Of 6 Ribbons Country Style,7.24,60,14646,Netherlands,434.4
581175,12/7/2019,23561,Set Of 6 Ribbons Party,7.24,60,14646,Netherlands,434.4
581175,12/7/2019,23562,Set Of 6 Ribbons Perfectly Pretty,7.24,60,14646,Netherlands,434.4
581175,12/7/2019,22625,Red Kitchen Scales,7.24,12,14646,Netherlands,86.88
581175,12/7/2019,22626,Black Kitchen Scales,7.24,12,14646,Netherlands,86.88
581175,12/7/2019,23192,Bundle Of 3 Alphabet Exercise Books,6.39,96,14646,Netherlands,613.44
581175,12/7/2019,22865,Hand Warmer Owl Design,7.24,96,14646,Netherlands,695.04
581175,12/7/2019,23390,Dolly Girl Mini Backpack,7.24,50,14646,Netherlands,362
581175,12/7/2019,23229,Vintage Donkey Tail Game,7.24,36,14646,Netherlands,260.64
581175,12/7/2019,23256,Childrens Cutlery Spaceboy,7.24,72,14646,Netherlands,521.28
581175,12/7/2019,22432,Watering Can Pink Bunny,7.24,48,14646,Netherlands,347.52
581175,12/7/2019,23552,Bicycle Puncture Repair Kit,7.24,72,14646,Netherlands,521.28
581175,12/7/2019,23598,Paper Bunting Vintage Party,7.24,80,14646,Netherlands,579.2
581175,12/7/2019,23597,Paper Bunting Paisley Park,7.24,80,14646,Netherlands,579.2
581175,12/7/2019,23483,Hanging Butterfly T-Light Holder,6.19,72,14646,Netherlands,445.68
581175,12/7/2019,23447,Pink Bunny Easter Egg Basket,6.19,144,14646,Netherlands,891.36
581175,12/7/2019,47593B,Scottie Dogs Baby Bib,6.19,96,14646,Netherlands,594.24
581175,12/7/2019,23081,Green Metal Box Army Supplies,6.19,16,14646,Netherlands,99.04
581175,12/7/2019,23080,Red Metal Box Top Secret,6.19,16,14646,Netherlands,99.04
581175,12/7/2019,21671,Red Spot Ceramic Drawer Knob,6.19,96,14646,Netherlands,594.24
581175,12/7/2019,21731,Red Toadstool Led Night Light,6.19,24,14646,Netherlands,148.56
581175,12/7/2019,22467,Gumball Coat Rack,6.19,72,14646,Netherlands,445.68
581175,12/7/2019,22487,White Wood Garden Plant Ladder,6.19,4,14646,Netherlands,24.76
581175,12/7/2019,22489,Pack Of 12 Traditional Crayons,6.19,144,14646,Netherlands,891.36
581175,12/7/2019,22563,Happy Stencil Craft,6.19,72,14646,Netherlands,445.68
581175,12/7/2019,22846,Bread Bin Diner Style Red,6.19,4,14646,Netherlands,24.76
581175,12/7/2019,23154,Set Of 4 Jam Jar Magnets,6.19,120,14646,Netherlands,742.8
581175,12/7/2019,23171,Regency Tea Plate Green,6.19,48,14646,Netherlands,297.12
581175,12/7/2019,23172,Regency Tea Plate Pink,6.19,48,14646,Netherlands,297.12
581175,12/7/2019,23290,Spaceboy Childrens Bowl,6.19,144,14646,Netherlands,891.36
581175,12/7/2019,22867,Hand Warmer Bird Design,6.19,96,14646,Netherlands,594.24
581175,12/7/2019,23084,Rabbit Night Light,6.19,1440,14646,Netherlands,8913.6
581175,12/7/2019,22343,Party Pizza Dish Red Retrospot,6.19,96,14646,Netherlands,594.24
581175,12/7/2019,23209,Lunch Bag Vintage Doily,6.19,100,14646,Netherlands,619
581176,12/7/2019,22561,Wooden School Colouring Set,6.19,72,14646,Netherlands,445.68
581176,12/7/2019,22795,Sweetheart Recipe Book Stand,6.19,16,14646,Netherlands,99.04
581176,12/7/2019,23112,Parisienne Curio Cabinet,6.19,12,14646,Netherlands,74.28
581176,12/7/2019,23118,Parisienne Jewellery Drawer,6.19,16,14646,Netherlands,99.04
581176,12/7/2019,22908,Pack Of 20 Napkins Red Apples,6.19,96,14646,Netherlands,594.24
581176,12/7/2019,22907,Pack Of 20 Napkins Pantry Design,6.19,96,14646,Netherlands,594.24
581176,12/7/2019,22029,Spaceboy Birthday Card,6.19,72,14646,Netherlands,445.68
581176,12/7/2019,22712,Card Dolly Girl,6.19,72,14646,Netherlands,445.68
581177,12/7/2019,23084,Rabbit Night Light,6.19,72,14032,United Kingdom,445.68
581177,12/7/2019,22109,Full English Breakfast Plate,6.19,16,14032,United Kingdom,99.04
581179,12/7/2019,21731,Red Toadstool Led Night Light,6.19,60,12471,Germany,371.4
581179,12/7/2019,21232,Strawberry Ceramic Trinket Pot,6.19,48,12471,Germany,297.12
581179,12/7/2019,22423,Regency Cakestand 3 Tier,6.19,64,12471,Germany,396.16
581179,12/7/2019,22554,Plasters In Tin Woodland Animals,6.19,24,12471,Germany,148.56
581179,12/7/2019,22556,Plasters In Tin Circus Parade,6.19,24,12471,Germany,148.56
581179,12/7/2019,22621,Traditional Knitting Nancy,6.19,36,12471,Germany,222.84
581179,12/7/2019,22419,Lipstick Pen Red,6.04,48,12471,Germany,289.92
581179,12/7/2019,22728,Alarm Clock Bakelike Pink,6.19,16,12471,Germany,99.04
581179,12/7/2019,22961,Jam Making Set Printed,6.19,24,12471,Germany,148.56
581179,12/7/2019,23158,Set Of 5 Lucky Cat Magnets,6.04,24,12471,Germany,144.96
581179,12/7/2019,23295,Set Of 12 Mini Loaf Baking Cases,6.19,32,12471,Germany,198.08
581179,12/7/2019,23294,Set Of 6 Snack Loaf Baking Cases,6.04,16,12471,Germany,96.64
581179,12/7/2019,23174,Regency Sugar Bowl Green,6.04,4,12471,Germany,24.16
581179,12/7/2019,23198,Pantry Magnetic Shopping List,6.04,24,12471,Germany,144.96
581179,12/7/2019,23197,Sketchbook Magnetic Shopping List,6.04,24,12471,Germany,144.96
581179,12/7/2019,23319,Box Of 6 Mini 50'S Crackers,6.04,12,12471,Germany,72.48
581179,12/7/2019,23445,Ice Cream Bubbles,6.19,40,12471,Germany,247.6
581179,12/7/2019,23559,Woodland Bunnies Lolly Makers,6.04,42,12471,Germany,253.68
581179,12/7/2019,23113,Pantry Chopping Board,6.04,3,12471,Germany,18.12
581179,12/7/2019,23368,Set 12 Colour Pencils Dolly Girl,6.19,24,12471,Germany,148.56
581179,12/7/2019,23347,I Love London Beaker,6.19,24,12471,Germany,148.56
581179,12/7/2019,23346,Spaceboy Beaker,6.19,12,12471,Germany,74.28
581179,12/7/2019,23108,Set Of 10 Led Dolly Lights,6.19,10,12471,Germany,61.9
581179,12/7/2019,23345,Dolly Girl Beaker,6.19,12,12471,Germany,74.28
581179,12/7/2019,23254,Childrens Cutlery Dolly Girl,6.19,4,12471,Germany,24.76
581179,12/7/2019,23256,Childrens Cutlery Spaceboy,6.19,4,12471,Germany,24.76
581179,12/7/2019,23473,Woodland Small Red Felt Heart,6.19,24,12471,Germany,148.56
581179,12/7/2019,23474,Woodland Small Blue Felt Heart,6.19,24,12471,Germany,148.56
581179,12/7/2019,23475,Woodland Small Pink Felt Heart,6.19,24,12471,Germany,148.56
581179,12/7/2019,23480,Mini Lights Woodland Mushrooms,6.19,24,12471,Germany,148.56
581179,12/7/2019,23569,Tradtional Alphabet Stamp Set,6.19,12,12471,Germany,74.28
581179,12/7/2019,84012,Magic Sheep Wool Growing From Paper,6.19,72,12471,Germany,445.68
581179,12/7/2019,23552,Bicycle Puncture Repair Kit,6.19,6,12471,Germany,37.14
581179,12/7/2019,23576,Snack Tray Red Vintage Doily,6.19,8,12471,Germany,49.52
581179,12/7/2019,23579,Snack Tray I Love London,6.19,8,12471,Germany,49.52
581179,12/7/2019,23580,Snack Tray Happy Forest,7.24,8,12471,Germany,57.92
581179,12/7/2019,23084,Rabbit Night Light,7.24,24,12471,Germany,173.76
581180,12/7/2019,23497,Classic Chrome Bicycle Bell,7.24,12,12347,Iceland,86.88
581180,12/7/2019,23552,Bicycle Puncture Repair Kit,7.24,6,12347,Iceland,43.44
581180,12/7/2019,21064,Boom Box Speaker Boys,6.39,24,12347,Iceland,153.36
581180,12/7/2019,84625A,Pink New Baroquecandlestick Candle,6.19,24,12347,Iceland,148.56
581180,12/7/2019,21731,Red Toadstool Led Night Light,6.19,24,12347,Iceland,148.56
581180,12/7/2019,23084,Rabbit Night Light,6.19,24,12347,Iceland,148.56
581180,12/7/2019,20719,Woodland Charlotte Bag,6.19,10,12347,Iceland,61.9
581180,12/7/2019,21265,Pink Goose Feather Tree 60cm,6.19,12,12347,Iceland,74.28
581180,12/7/2019,23271,Christmas Table Silver Candle Spike,6.19,16,12347,Iceland,99.04
581180,12/7/2019,23506,Mini Playing Cards Spaceboy,6.19,20,12347,Iceland,123.8
581180,12/7/2019,23508,Mini Playing Cards Dolly Girl,6.19,20,12347,Iceland,123.8
581181,12/7/2019,23695,Doily Thank You Card,6.19,12,14189,United Kingdom,74.28
581181,12/7/2019,16258A,Swirly Circular Rubbers In Bag,6.19,36,14189,United Kingdom,222.84
581181,12/7/2019,21111,Swiss Roll Towel Chocolate Spots,6.19,24,14189,United Kingdom,148.56
581181,12/7/2019,21705,Bag 500g Swirly Marbles,6.19,24,14189,United Kingdom,148.56
581181,12/7/2019,22410,Money Box Housekeeping Design,6.19,12,14189,United Kingdom,74.28
581181,12/7/2019,22438,Balloon Art Make Your Own Flowers,6.19,50,14189,United Kingdom,309.5
581181,12/7/2019,22742,Make Your Own Playtime Card Kit,6.19,12,14189,United Kingdom,74.28
581181,12/7/2019,22910,Paper Chain Kit Vintage Christmas,6.19,18,14189,United Kingdom,111.42
581181,12/7/2019,21914,Blue Harmonica In Box,6.19,12,14189,United Kingdom,74.28
581181,12/7/2019,21181,Please One Person Metal Sign,6.19,12,14189,United Kingdom,74.28
581181,12/7/2019,22144,Christmas Craft Little Friends,6.19,6,14189,United Kingdom,37.14
581181,12/7/2019,84755,Colour Glass T-Light Holder Hanging,6.19,16,14189,United Kingdom,99.04
581181,12/7/2019,22726,Alarm Clock Bakelike Green,6.19,8,14189,United Kingdom,49.52
581181,12/7/2019,22814,Card Party Games,6.19,12,14189,United Kingdom,74.28
581181,12/7/2019,21507,Elephant Birthday Card,6.04,24,14189,United Kingdom,144.96
581181,12/7/2019,21908,Chocolate This Way Metal Sign,6.19,12,14189,United Kingdom,74.28
581181,12/7/2019,23501,Key Ring Baseball Boot Union Jack,6.19,20,14189,United Kingdom,123.8
581181,12/7/2019,23694,Paisley Park Card,6.19,12,14189,United Kingdom,74.28
581182,12/7/2019,20831,Gold Photo Frame,6.19,12,12783,Portugal,74.28
581182,12/7/2019,21115,Rose Caravan Doorstop,6.19,8,12783,Portugal,49.52
581182,12/7/2019,21109,Large Cake Towel Chocolate Spots,6.19,12,12783,Portugal,74.28
581182,12/7/2019,21128,Gold Fishing Gnome,6.19,8,12783,Portugal,49.52
581182,12/7/2019,22199,Frying Pan Red Retrospot,6.19,6,12783,Portugal,37.14
581182,12/7/2019,22203,Milk Pan Red Retrospot,6.19,6,12783,Portugal,37.14
581182,12/7/2019,22442,Grow Your Own Flowers Set Of 3,6.19,12,12783,Portugal,74.28
581182,12/7/2019,22496,Set Of 2 Round Tins Dutch Cheese,6.19,12,12783,Portugal,74.28
581182,12/7/2019,23302,Kneeling Mat Housework Design,6.19,24,12783,Portugal,148.56
581182,12/7/2019,21907,I'm On Holiday Metal Sign,6.19,12,12783,Portugal,74.28
581182,12/7/2019,21166,Cook With Wine Metal Sign,6.19,12,12783,Portugal,74.28
581182,12/7/2019,23284,Doormat Keep Calm And Come In,6.19,4,12783,Portugal,24.76
581182,12/7/2019,22366,Doormat Airmail,6.19,2,12783,Portugal,12.38
581182,12/7/2019,22690,Doormat Home Sweet Home Blue,6.19,2,12783,Portugal,12.38
581182,12/7/2019,22692,Doormat Welcome To Our Home,6.04,2,12783,Portugal,12.08
581182,12/7/2019,23108,Set Of 10 Led Dolly Lights,7.24,4,12783,Portugal,28.96
581183,12/7/2019,22199,Frying Pan Red Retrospot,7.24,6,12569,Germany,43.44
581183,12/7/2019,22200,Frying Pan Pink Polkadot,7.24,6,12569,Germany,43.44
581183,12/7/2019,22398,Magnets Pack Of 4 Swallows,7.24,24,12569,Germany,173.76
581183,12/7/2019,22057,Ceramic Plate Strawberry Design,7.24,16,12569,Germany,115.84
581183,12/7/2019,22059,Ceramic Strawberry Design Mug,7.24,24,12569,Germany,173.76
581183,12/7/2019,22055,Mini Cake Stand Hanging Strawbery,7.24,16,12569,Germany,115.84
581183,12/7/2019,22063,Ceramic Bowl With Strawberry Design,6.39,18,12569,Germany,115.02
581183,12/7/2019,22123,Ping Microwave Apron,7.24,12,12569,Germany,86.88
581183,12/7/2019,22124,Set Of 2 Tea Towels Ping Microwave,7.24,12,12569,Germany,86.88
581184,12/7/2019,22221,Cake Stand Lovebird 2 Tier Pink,7.24,6,12569,Germany,43.44
581184,12/7/2019,22475,Skull Design Tv Dinner Tray,7.24,8,12569,Germany,57.92
581184,12/7/2019,22776,Sweetheart 3 Tier Cake Stand,7.24,2,12569,Germany,14.48
581184,12/7/2019,22220,Cake Stand Lovebird 2 Tier White,7.24,6,12569,Germany,43.44
581185,12/7/2019,22727,Alarm Clock Bakelike Red,7.24,24,16672,United Kingdom,173.76
581185,12/7/2019,22726,Alarm Clock Bakelike Green,7.24,42,16672,United Kingdom,304.08
581185,12/7/2019,22725,Alarm Clock Bakelike Chocolate,7.24,6,16672,United Kingdom,43.44
581186,12/7/2019,22727,Alarm Clock Bakelike Red,6.39,8,13756,United Kingdom,51.12
581186,12/7/2019,22726,Alarm Clock Bakelike Green,6.19,8,13756,United Kingdom,49.52
581186,12/7/2019,23077,Doughnut Lip Gloss,6.19,40,13756,United Kingdom,247.6
581186,12/7/2019,22866,Hand Warmer Scotty Dog Design,6.19,12,13756,United Kingdom,74.28
581186,12/7/2019,22865,Hand Warmer Owl Design,6.19,12,13756,United Kingdom,74.28
581186,12/7/2019,22867,Hand Warmer Bird Design,6.19,12,13756,United Kingdom,74.28
581186,12/7/2019,21314,Small Glass Heart Trinket Pot,6.19,24,13756,United Kingdom,148.56
581186,12/7/2019,22312,Office Mug Warmer Polkadot,6.19,4,13756,United Kingdom,24.76
581187,12/7/2019,21484,Chick Grey Hot Water Bottle,6.19,8,13756,United Kingdom,49.52
581187,12/7/2019,21485,Retrospot Heart Hot Water Bottle,6.19,6,13756,United Kingdom,37.14
581187,12/7/2019,22727,Alarm Clock Bakelike Red,6.19,12,13756,United Kingdom,74.28
581187,12/7/2019,22726,Alarm Clock Bakelike Green,6.19,12,13756,United Kingdom,74.28
581187,12/7/2019,23077,Doughnut Lip Gloss,6.19,100,13756,United Kingdom,619
581187,12/7/2019,22866,Hand Warmer Scotty Dog Design,6.19,24,13756,United Kingdom,148.56
581187,12/7/2019,23439,Hand Warmer Red Love Heart,6.19,24,13756,United Kingdom,148.56
581187,12/7/2019,22865,Hand Warmer Owl Design,6.19,24,13756,United Kingdom,148.56
581187,12/7/2019,22867,Hand Warmer Bird Design,6.19,24,13756,United Kingdom,148.56
581187,12/7/2019,21314,Small Glass Heart Trinket Pot,6.19,48,13756,United Kingdom,297.12
581187,12/7/2019,22312,Office Mug Warmer Polkadot,6.19,10,13756,United Kingdom,61.9
581188,12/7/2019,21408,Spotty Pink Duck Doorstop,6.19,32,17735,United Kingdom,198.08
581188,12/7/2019,21417,Cockle Shell Dish,6.19,24,17735,United Kingdom,148.56
581188,12/7/2019,21415,Clam Shell Small,6.19,24,17735,United Kingdom,148.56
581188,12/7/2019,21420,Oyster Trinket Box,6.19,24,17735,United Kingdom,148.56
581188,12/7/2019,21592,Retrospot Cigar Box Matches,6.19,24,17735,United Kingdom,148.56
581188,12/7/2019,22059,Ceramic Strawberry Design Mug,6.19,96,17735,United Kingdom,594.24
581188,12/7/2019,22061,Large Cake Stand Hanging Strawbery,6.19,16,17735,United Kingdom,99.04
581188,12/7/2019,22055,Mini Cake Stand Hanging Strawbery,6.19,32,17735,United Kingdom,198.08
581188,12/7/2019,22185,Slate Tile Natural Hanging,6.19,24,17735,United Kingdom,148.56
581188,12/7/2019,22299,Pig Keyring With Light & Sound,6.19,96,17735,United Kingdom,594.24
581188,12/7/2019,22464,Hanging Metal Heart Lantern,6.19,48,17735,United Kingdom,297.12
581188,12/7/2019,22465,Hanging Metal Star Lantern,6.02,24,17735,United Kingdom,144.48
581188,12/7/2019,22442,Grow Your Own Flowers Set Of 3,6.02,24,17735,United Kingdom,144.48
581188,12/7/2019,22990,Cotton Apron Pantry Design,6.02,12,17735,United Kingdom,72.24
581188,12/7/2019,21115,Rose Caravan Doorstop,6.19,8,17735,United Kingdom,49.52
581188,12/7/2019,21698,Mock Lobster Fridge Magnet,6.19,24,17735,United Kingdom,148.56
581188,12/7/2019,84375,Set Of 20 Kids Cookie Cutters,6.19,12,17735,United Kingdom,74.28
581188,12/7/2019,21975,Pack Of 60 Dinosaur Cake Cases,6.19,24,17735,United Kingdom,148.56
581188,12/7/2019,22417,Pack Of 60 Spaceboy Cake Cases,6.19,24,17735,United Kingdom,148.56
581188,12/7/2019,21213,Pack Of 72 Skull Cake Cases,6.19,24,17735,United Kingdom,148.56
581188,12/7/2019,21976,Pack Of 60 Mushroom Cake Cases,6.19,24,17735,United Kingdom,148.56
581188,12/7/2019,21977,Pack Of 60 Pink Paisley Cake Cases,6.19,24,17735,United Kingdom,148.56
581188,12/7/2019,22951,60 Cake Cases Dolly Girl Design,6.19,24,17735,United Kingdom,148.56
581188,12/7/2019,23294,Set Of 6 Snack Loaf Baking Cases,6.19,8,17735,United Kingdom,49.52
581188,12/7/2019,23295,Set Of 12 Mini Loaf Baking Cases,6.19,8,17735,United Kingdom,49.52
581188,12/7/2019,23293,Set Of 12 Fairy Cake Baking Cases,6.19,8,17735,United Kingdom,49.52
581188,12/7/2019,23308,Set Of 60 Vintage Leaf Cake Cases,6.19,24,17735,United Kingdom,148.56
581188,12/7/2019,84992,72 Sweetheart Fairy Cake Cases,6.19,24,17735,United Kingdom,148.56
581188,12/7/2019,23309,Set Of 60 I Love London Cake Cases,6.19,24,17735,United Kingdom,148.56
581188,12/7/2019,22845,Vintage Cream Cat Food Container,6.19,2,17735,United Kingdom,12.38
581188,12/7/2019,22844,Vintage Cream Dog Food Container,6.19,2,17735,United Kingdom,12.38
581188,12/7/2019,21088,Set/6 Fruit Salad Paper Cups,6.19,24,17735,United Kingdom,148.56
581188,12/7/2019,22632,Hand Warmer Red Retrospot,6.19,12,17735,United Kingdom,74.28
581188,12/7/2019,22866,Hand Warmer Scotty Dog Design,6.19,12,17735,United Kingdom,74.28
581188,12/7/2019,22867,Hand Warmer Bird Design,6.19,12,17735,United Kingdom,74.28
581188,12/7/2019,70006,Love Heart Pocket Warmer,6.19,30,17735,United Kingdom,185.7
581188,12/7/2019,21441,Blue Birdhouse Decoration,6.19,24,17735,United Kingdom,148.56
581188,12/7/2019,21442,Green Birdhouse Decoration,6.19,24,17735,United Kingdom,148.56
581188,12/7/2019,23582,Vintage Doily Jumbo Bag Red,6.19,10,17735,United Kingdom,61.9
581188,12/7/2019,20725,Lunch Bag Red Retrospot,6.02,10,17735,United Kingdom,60.2
581188,12/7/2019,20728,Lunch Bag Cars Blue,6.19,10,17735,United Kingdom,61.9
581188,12/7/2019,20726,Lunch Bag Woodland,6.19,10,17735,United Kingdom,61.9
581188,12/7/2019,20727,Lunch Bag Black Skull,6.19,10,17735,United Kingdom,61.9
581188,12/7/2019,22382,Lunch Bag Spaceboy Design,6.19,10,17735,United Kingdom,61.9
581188,12/7/2019,23209,Lunch Bag Vintage Doily,6.19,10,17735,United Kingdom,61.9
581188,12/7/2019,23681,Lunch Bag Red Vintage Doily,6.19,10,17735,United Kingdom,61.9
581188,12/7/2019,23208,Lunch Bag Vintage Leaf Design,6.19,10,17735,United Kingdom,61.9
581191,12/7/2019,21370,Mirrored Wall Art Foxy,7.24,3,17449,United Kingdom,21.72
581191,12/7/2019,22796,Photo Frame 3 Classic Hanging,6.39,1,17449,United Kingdom,6.39
581191,12/7/2019,85150,Ladies & Gentlemen Metal Sign,7.24,2,17449,United Kingdom,14.48
581191,12/7/2019,82582,Area Patrolled Metal Sign,7.24,2,17449,United Kingdom,14.48
581191,12/7/2019,82567,Airline Lounge Metal Sign,7.24,1,17449,United Kingdom,7.24
581191,12/7/2019,21166,Cook With Wine Metal Sign,7.24,2,17449,United Kingdom,14.48
581191,12/7/2019,21174,Pottering In The Shed Metal Sign,6.19,1,17449,United Kingdom,6.19
581191,12/7/2019,21164,Home Sweet Home Metal Sign,6.19,1,17449,United Kingdom,6.19
581191,12/7/2019,23329,Decorative Wicker Heart Large,6.19,1,17449,United Kingdom,6.19
581191,12/7/2019,22269,Egg Cup Natural Chicken,6.19,16,17449,United Kingdom,99.04
581191,12/7/2019,23322,Large White Heart Of Wicker,6.19,2,17449,United Kingdom,12.38
581191,12/7/2019,23430,Blue Retro Kitchen Wall Clock,6.19,1,17449,United Kingdom,6.19
581191,12/7/2019,23143,Zinc Wire Kitchen Organiser,6.19,2,17449,United Kingdom,12.38
581191,12/7/2019,23428,Ivory Retro Kitchen Wall Clock,6.19,1,17449,United Kingdom,6.19
581191,12/7/2019,22795,Sweetheart Recipe Book Stand,6.19,3,17449,United Kingdom,18.57
581191,12/7/2019,22728,Alarm Clock Bakelike Pink,6.04,1,17449,United Kingdom,6.04
581191,12/7/2019,22726,Alarm Clock Bakelike Green,6.04,1,17449,United Kingdom,6.04
581191,12/7/2019,22730,Alarm Clock Bakelike Ivory,6.04,1,17449,United Kingdom,6.04
581191,12/7/2019,22470,Heart Of Wicker Large,6.04,4,17449,United Kingdom,24.16
581191,12/7/2019,23457,Large Parlour Picture Frame,6.19,2,17449,United Kingdom,12.38
581191,12/7/2019,22178,Victorian Glass Hanging T-Light,6.19,6,17449,United Kingdom,37.14
581191,12/7/2019,23400,Shelf With 4 Hooks Home Sweet Home,6.19,2,17449,United Kingdom,12.38
581191,12/7/2019,22171,3 Hook Photo Shelf Antique White,6.19,1,17449,United Kingdom,6.19
581191,12/7/2019,84880,White Wire Egg Holder,6.19,2,17449,United Kingdom,12.38
581191,12/7/2019,82494L,Wooden Frame Antique White,6.19,4,17449,United Kingdom,24.76
581191,12/7/2019,82482,Wooden Picture Frame White Finish,6.19,2,17449,United Kingdom,12.38
581191,12/7/2019,22173,Metal 4 Hook Hanger French Chateau,6.19,4,17449,United Kingdom,24.76
581191,12/7/2019,22866,Hand Warmer Scotty Dog Design,6.19,4,17449,United Kingdom,24.76
581191,12/7/2019,21408,Spotty Pink Duck Doorstop,6.19,1,17449,United Kingdom,6.19
581191,12/7/2019,21733,Red Hanging Heart T-Light Holder,6.19,2,17449,United Kingdom,12.38
581191,12/7/2019,23357,Hot Water Bottle Sex Bomb,6.19,1,17449,United Kingdom,6.19
581191,12/7/2019,21730,Glass Star Frosted T-Light Holder,6.19,1,17449,United Kingdom,6.19
581191,12/7/2019,23329,Decorative Wicker Heart Large,6.19,1,17449,United Kingdom,6.19
581191,12/7/2019,23503,Playing Cards Keep Calm & Carry On,6.19,2,17449,United Kingdom,12.38
581191,12/7/2019,23439,Hand Warmer Red Love Heart,6.04,4,17449,United Kingdom,24.16
581191,12/7/2019,23035,Drawer Knob Ceramic Ivory,6.19,18,17449,United Kingdom,111.42
581191,12/7/2019,21411,Gingham Heart Doorstop Red,6.04,2,17449,United Kingdom,12.08
581191,12/7/2019,21818,Glitter Heart Decoration,6.04,5,17449,United Kingdom,30.2
581191,12/7/2019,23559,Woodland Bunnies Lolly Makers,6.04,1,17449,United Kingdom,6.04
581191,12/7/2019,23571,Traditional Naughts & Crosses,6.04,1,17449,United Kingdom,6.04
581191,12/7/2019,16225,Rattle Snake Eggs,6.19,1,17449,United Kingdom,6.19
581191,12/7/2019,90214H,"Letter ""H"" Bling Key Ring",6.19,1,17449,United Kingdom,6.19
581191,12/7/2019,90214C,"Letter ""C"" Bling Key Ring",6.04,1,17449,United Kingdom,6.04
581191,12/7/2019,90081C,Lily Brooch Olive Colour,6.04,1,17449,United Kingdom,6.04
581191,12/7/2019,90082B,Diamante Bow Brooch Red Colour,6.04,1,17449,United Kingdom,6.04
581191,12/7/2019,90082A,Diamante Bow Brooch Green Colour,6.04,1,17449,United Kingdom,6.04
581191,12/7/2019,90183A,Amber Drop Earrings W Long Beads,6.04,1,17449,United Kingdom,6.04
581191,12/7/2019,90081A,Lily Brooch Amethyst Colour,6.04,2,17449,United Kingdom,12.08
581191,12/7/2019,90073,Vintage Enamel & Crystal Earrings,6.04,2,17449,United Kingdom,12.08
581191,12/7/2019,90022,Edwardian Drop Earrings Jet Black,6.04,2,17449,United Kingdom,12.08
581191,12/7/2019,90192,Jade Drop Earrings W Filigree,6.04,2,17449,United Kingdom,12.08
581191,12/7/2019,90161C,Ant Copper Lime Boudicca Bracelet,6.19,2,17449,United Kingdom,12.38
581191,12/7/2019,90161D,Ant Copper Pink Boudicca Bracelet,6.19,2,17449,United Kingdom,12.38
581191,12/7/2019,90161A,Ant Copper Red Boudicca Bracelet,6.19,2,17449,United Kingdom,12.38
581191,12/7/2019,90161B,Ant Copper Turq Boudicca Bracelet,6.19,2,17449,United Kingdom,12.38
581191,12/7/2019,90200B,Black Sweetheart Bracelet,6.19,3,17449,United Kingdom,18.57
581191,12/7/2019,90200E,Green Sweetheart Bracelet,6.19,3,17449,United Kingdom,18.57
581191,12/7/2019,90200D,Pink Sweetheart Bracelet,6.19,3,17449,United Kingdom,18.57
581191,12/7/2019,90200A,Purple Sweetheart Bracelet,6.19,3,17449,United Kingdom,18.57
581192,12/7/2019,21108,Fairy Cake Flannel Assorted Colour,6.19,18,15883,United Kingdom,111.42
581192,12/7/2019,21109,Large Cake Towel Chocolate Spots,6.19,2,15883,United Kingdom,12.38
581192,12/7/2019,72349B,Set/6 Purple Butterfly T-Lights,6.19,3,15883,United Kingdom,18.57
581192,12/7/2019,23351,Roll Wrap 50'S Christmas,6.19,1,15883,United Kingdom,6.19
581192,12/7/2019,23352,Roll Wrap 50'S Red Christmas,6.19,1,15883,United Kingdom,6.19
581192,12/7/2019,20679,Edwardian Parasol Red,6.19,2,15883,United Kingdom,12.38
581192,12/7/2019,22891,Tea For One Polkadot,6.19,2,15883,United Kingdom,12.38
581192,12/7/2019,22305,Coffee Mug Pink Paisley Design,6.19,12,15883,United Kingdom,74.28
581192,12/7/2019,22303,Coffee Mug Apples Design,6.19,12,15883,United Kingdom,74.28
581192,12/7/2019,37500,Tea Time Teapot In Gift Box,6.19,2,15883,United Kingdom,12.38
581192,12/7/2019,85034B,3 White Choc Morris Boxed Candles,6.19,3,15883,United Kingdom,18.57
581192,12/7/2019,22654,Deluxe Sewing Kit,6.19,2,15883,United Kingdom,12.38
581192,12/7/2019,22898,Childrens Apron Apples Design,6.19,2,15883,United Kingdom,12.38
581192,12/7/2019,22895,Set Of 2 Tea Towels Apple And Pears,6.19,1,15883,United Kingdom,6.19
581192,12/7/2019,22897,Oven Mitt Apples Design,6.19,2,15883,United Kingdom,12.38
581192,12/7/2019,72741,Grand Chocolatecandle,6.19,9,15883,United Kingdom,55.71
581192,12/7/2019,23493,Vintage Doily Travel Sewing Kit,6.19,3,15883,United Kingdom,18.57
581192,12/7/2019,22423,Regency Cakestand 3 Tier,6.19,2,15883,United Kingdom,12.38
581192,12/7/2019,21616,4 Pear Botanical Dinner Candles,6.19,2,15883,United Kingdom,12.38
581192,12/7/2019,21620,Set Of 4 Rose Botanical Candles,6.04,3,15883,United Kingdom,18.12
581192,12/7/2019,23355,Hot Water Bottle Keep Calm,6.04,1,15883,United Kingdom,6.04
581192,12/7/2019,22111,Scottie Dog Hot Water Bottle,6.04,2,15883,United Kingdom,12.08
581192,12/7/2019,23357,Hot Water Bottle Sex Bomb,6.04,1,15883,United Kingdom,6.04
581192,12/7/2019,22819,Birthday Card Retro Spot,6.04,12,15883,United Kingdom,72.48
581192,12/7/2019,22031,Botanical Lavender Birthday Card,6.04,12,15883,United Kingdom,72.48
581192,12/7/2019,23695,Doily Thank You Card,6.04,12,15883,United Kingdom,72.48
581192,12/7/2019,22718,Card Cat And Tree,6.19,12,15883,United Kingdom,74.28
581192,12/7/2019,21506,Fancy Font Birthday Card,6.19,12,15883,United Kingdom,74.28
581192,12/7/2019,22071,Small White Retrospot Mug In Box,6.19,3,15883,United Kingdom,18.57
581193,12/7/2019,21135,Victorian Metal Postcard Spring,6.19,4,17097,Spain,24.76
581193,12/7/2019,72349B,Set/6 Purple Butterfly T-Lights,6.19,1,17097,Spain,6.19
581193,12/7/2019,85034B,3 White Choc Morris Boxed Candles,7.24,4,17097,Spain,28.96
581193,12/7/2019,84843,White Soap Rack With 2 Bottles,7.24,2,17097,Spain,14.48
581193,12/7/2019,21216,Set 3 Retrospot Tea/Coffee/Sugar,7.24,1,17097,Spain,7.24
581193,12/7/2019,23321,Small White Heart Of Wicker,7.24,1,17097,Spain,7.24
581193,12/7/2019,22469,Heart Of Wicker Small,7.24,1,17097,Spain,7.24
581193,12/7/2019,21883,Stars Gift Tape,7.24,2,17097,Spain,14.48
581193,12/7/2019,21880,Red Retrospot Tape,7.24,2,17097,Spain,14.48
581193,12/7/2019,23493,Vintage Doily Travel Sewing Kit,7.24,2,17097,Spain,14.48
581193,12/7/2019,22645,Ceramic Heart Fairy Cake Money Bank,6.39,1,17097,Spain,6.39
581193,12/7/2019,22644,Ceramic Cherry Cake Money Bank,7.24,1,17097,Spain,7.24
581193,12/7/2019,22464,Hanging Metal Heart Lantern,7.24,1,17097,Spain,7.24
581193,12/7/2019,22465,Hanging Metal Star Lantern,7.24,1,17097,Spain,7.24
581193,12/7/2019,85123A,Cream Hanging Heart T-Light Holder,7.24,1,17097,Spain,7.24
581193,12/7/2019,21733,Red Hanging Heart T-Light Holder,7.24,1,17097,Spain,7.24
581193,12/7/2019,22219,Lovebird Hanging Decoration White,7.24,4,17097,Spain,28.96
581193,12/7/2019,23265,Set Of 3 Wooden Tree Decorations,7.24,2,17097,Spain,14.48
581193,12/7/2019,23227,Filigree Heart Butterfly White,7.24,4,17097,Spain,28.96
581193,12/7/2019,23266,Set Of 3 Wooden Stocking Decoration,7.24,2,17097,Spain,14.48
581193,12/7/2019,23264,Set Of 3 Wooden Sleigh Decorations,6.39,2,17097,Spain,12.78
581193,12/7/2019,23263,Set Of 3 Wooden Heart Decorations,6.19,2,17097,Spain,12.38
581193,12/7/2019,72741,Grand Chocolatecandle,6.19,9,17097,Spain,55.71
581193,12/7/2019,23452,Heart Mini Portrait Frame,6.19,2,17097,Spain,12.38
581193,12/7/2019,22907,Pack Of 20 Napkins Pantry Design,6.19,1,17097,Spain,6.19
581193,12/7/2019,22851,Set 20 Napkins Fairy Cakes Design,6.19,1,17097,Spain,6.19
581193,12/7/2019,22896,Peg Bag Apples Design,6.19,1,17097,Spain,6.19
581193,12/7/2019,22393,Paperweight Vintage Collage,6.19,2,17097,Spain,12.38
581193,12/7/2019,22391,Paperweight Home Sweet Home,6.19,2,17097,Spain,12.38
581193,12/7/2019,23454,Three Mini Hanging Frames,6.19,1,17097,Spain,6.19
581193,12/7/2019,84536A,English Rose Notebook A7 Size,6.19,2,17097,Spain,12.38
581193,12/7/2019,84535B,Fairy Cakes Notebook A6 Size,6.19,2,17097,Spain,12.38
581193,12/7/2019,22755,Small Purple Babushka Notebook,6.19,1,17097,Spain,6.19
581193,12/7/2019,22753,Small Yellow Babushka Notebook,6.19,1,17097,Spain,6.19
581193,12/7/2019,22754,Small Red Babushka Notebook,6.19,1,17097,Spain,6.19
581193,12/7/2019,23372,Set 36 Colour Pencils Dolly Girl,6.19,1,17097,Spain,6.19
581193,12/7/2019,23371,Set 36 Colour Pencils Spaceboy,6.19,1,17097,Spain,6.19
581193,12/7/2019,23254,Childrens Cutlery Dolly Girl,6.19,1,17097,Spain,6.19
581193,12/7/2019,22326,Round Snack Boxes Set Of4 Woodland,6.19,2,17097,Spain,12.38
581193,12/7/2019,22629,Spaceboy Lunch Box,6.19,1,17097,Spain,6.19
581193,12/7/2019,22631,Circus Parade Lunch Box,6.19,1,17097,Spain,6.19
581193,12/7/2019,23290,Spaceboy Childrens Bowl,6.19,2,17097,Spain,12.38
581193,12/7/2019,23289,Dolly Girl Childrens Bowl,6.19,2,17097,Spain,12.38
581193,12/7/2019,23292,Spaceboy Childrens Cup,6.19,2,17097,Spain,12.38
581193,12/7/2019,23291,Dolly Girl Childrens Cup,6.19,2,17097,Spain,12.38
581193,12/7/2019,85232D,Set/3 Decoupage Stacking Tins,6.19,1,17097,Spain,6.19
581193,12/7/2019,22721,Set Of 3 Cake Tins Sketchbook,6.19,2,17097,Spain,12.38
581193,12/7/2019,23241,Treasure Tin Gymkhana Design,6.19,1,17097,Spain,6.19
581193,12/7/2019,23247,Biscuit Tin 50'S Christmas,6.19,1,17097,Spain,6.19
581193,12/7/2019,23203,Jumbo Bag Vintage Doily,6.19,1,17097,Spain,6.19
581193,12/7/2019,23209,Lunch Bag Vintage Doily,6.19,1,17097,Spain,6.19
581193,12/7/2019,22662,Lunch Bag Dolly Girl Design,6.19,1,17097,Spain,6.19
581193,12/7/2019,23583,Lunch Bag Paisley Park,6.19,1,17097,Spain,6.19
581194,12/7/2019,22059,Ceramic Strawberry Design Mug,6.19,48,15298,United Kingdom,297.12
581194,12/7/2019,21563,Red Heart Shape Love Bucket,6.19,24,15298,United Kingdom,148.56
581194,12/7/2019,22064,Pink Doughnut Trinket Pot,6.19,48,15298,United Kingdom,297.12
581194,12/7/2019,22190,Local Cafe Mug,6.19,24,15298,United Kingdom,148.56
581194,12/7/2019,22422,Toothpaste Tube Pen,6.19,50,15298,United Kingdom,309.5
581194,12/7/2019,22646,Ceramic Strawberry Cake Money Bank,6.19,36,15298,United Kingdom,222.84
581194,12/7/2019,22644,Ceramic Cherry Cake Money Bank,6.19,36,15298,United Kingdom,222.84
581194,12/7/2019,22647,Ceramic Love Heart Money Bank,6.19,36,15298,United Kingdom,222.84
581194,12/7/2019,22645,Ceramic Heart Fairy Cake Money Bank,6.19,36,15298,United Kingdom,222.84
581194,12/7/2019,22807,Set Of 6 T-Lights Toadstools,6.19,12,15298,United Kingdom,74.28
581194,12/7/2019,23239,Set Of 4 Knick Knack Tins Poppies,6.19,6,15298,United Kingdom,37.14
581194,12/7/2019,35001G,Hand Open Shape Gold,6.19,12,15298,United Kingdom,74.28
581194,12/7/2019,35004G,Set Of 3 Gold Flying Ducks,6.19,12,15298,United Kingdom,74.28
581194,12/7/2019,21098,Christmas Toilet Roll,6.19,24,15298,United Kingdom,148.56
581194,12/7/2019,22355,Charlotte Bag Suki Design,6.19,10,15298,United Kingdom,61.9
581194,12/7/2019,22661,Charlotte Bag Dolly Girl Design,6.19,10,15298,United Kingdom,61.9
581194,12/7/2019,79321,Chilli Lights,6.19,4,15298,United Kingdom,24.76
581194,12/7/2019,22941,Christmas Lights 10 Reindeer,6.19,6,15298,United Kingdom,37.14
581195,12/7/2019,23552,Bicycle Puncture Repair Kit,6.19,6,12935,United Kingdom,37.14
581196,12/7/2019,23461,Sweetheart Bird House,6.19,4,12935,United Kingdom,24.76
581196,12/7/2019,84378,Set Of 3 Heart Cookie Cutters,6.19,12,12935,United Kingdom,74.28
581196,12/7/2019,23504,Playing Cards Jubilee Union Jack,6.19,12,12935,United Kingdom,74.28
581196,12/7/2019,22418,10 Colour Spaceboy Pen,6.19,48,12935,United Kingdom,297.12
581196,12/7/2019,23310,Bubblegum Ring Assorted,6.19,36,12935,United Kingdom,222.84
581196,12/7/2019,22961,Jam Making Set Printed,6.19,12,12935,United Kingdom,74.28
581196,12/7/2019,23307,Set Of 60 Pantry Design Cake Cases,7.24,24,12935,United Kingdom,173.76
581196,12/7/2019,20685,Doormat Red Retrospot,7.24,2,12935,United Kingdom,14.48
581196,12/7/2019,22558,Clothes Pegs Retrospot Pack 24,7.24,12,12935,United Kingdom,86.88
581196,12/7/2019,22489,Pack Of 12 Traditional Crayons,7.24,24,12935,United Kingdom,173.76
581196,12/7/2019,23570,Traditional Pick Up Sticks Game,7.24,24,12935,United Kingdom,173.76
581196,12/7/2019,22411,Jumbo Shopper Vintage Red Paisley,6.39,10,12935,United Kingdom,63.9
581196,12/7/2019,84992,72 Sweetheart Fairy Cake Cases,6.19,24,12935,United Kingdom,148.56
581196,12/7/2019,21210,Set Of 72 Retrospot Paper Doilies,6.19,12,12935,United Kingdom,74.28
581196,12/7/2019,21212,Pack Of 72 Retrospot Cake Cases,6.04,24,12935,United Kingdom,144.96
581196,12/7/2019,22952,60 Cake Cases Vintage Christmas,6.19,24,12935,United Kingdom,148.56
581196,12/7/2019,85099B,Jumbo Bag Red Retrospot,7.24,10,12935,United Kingdom,72.4
581196,12/7/2019,23581,Jumbo Bag Paisley Park,7.24,10,12935,United Kingdom,72.4
581197,12/7/2019,23162,Regency Tea Strainer,6.19,1,16197,United Kingdom,6.19
581197,12/7/2019,22123,Ping Microwave Apron,6.19,1,16197,United Kingdom,6.19
581197,12/7/2019,22900,Set 2 Tea Towels I Love London,6.19,1,16197,United Kingdom,6.19
581197,12/7/2019,23084,Rabbit Night Light,6.19,3,16197,United Kingdom,18.57
581197,12/7/2019,22909,Set Of 20 Vintage Christmas Napkins,6.04,2,16197,United Kingdom,12.08
581197,12/7/2019,23318,Box Of 6 Mini Vintage Crackers,6.04,2,16197,United Kingdom,12.08
581197,12/7/2019,22553,Plasters In Tin Skulls,6.39,1,16197,United Kingdom,6.39
581197,12/7/2019,23320,Giant 50'S Christmas Cracker,7.24,1,16197,United Kingdom,7.24
580733,12/6/2019,21429,Red Gingham Rose Jewellery Box,6.19,16,16929,United Kingdom,99.04
580733,12/6/2019,21479,White Skull Hot Water Bottle,6.19,4,16929,United Kingdom,24.76
580733,12/6/2019,84596F,Small Marshmallows Pink Bowl,6.19,32,16929,United Kingdom,198.08
580733,12/6/2019,84596B,Small Dolly Mix Design Orange Bowl,6.19,32,16929,United Kingdom,198.08
580733,12/6/2019,21115,Rose Caravan Doorstop,6.19,8,16929,United Kingdom,49.52
580733,12/6/2019,21411,Gingham Heart Doorstop Red,6.19,8,16929,United Kingdom,49.52
580733,12/6/2019,22806,Set Of 6 T-Lights Wedding Cake,6.19,12,16929,United Kingdom,74.28
580733,12/6/2019,22577,Wooden Heart Christmas Scandinavian,6.19,48,16929,United Kingdom,297.12
580733,12/6/2019,22513,Doorstop Football Design,6.19,16,16929,United Kingdom,99.04
580733,12/6/2019,85099C,Jumbo Bag Baroque Black White,6.19,10,16929,United Kingdom,61.9
580733,12/6/2019,20712,Jumbo Bag Woodland Animals,6.19,10,16929,United Kingdom,61.9
580733,12/6/2019,23207,Lunch Bag Alphabet Design,6.19,10,16929,United Kingdom,61.9
580734,12/6/2019,20718,Red Retrospot Shopper Bag,6.19,10,12766,Portugal,61.9
580734,12/6/2019,22138,Baking Set 9 Piece Retrospot,6.19,3,12766,Portugal,18.57
580734,12/6/2019,22139,Retrospot Tea Set Ceramic 11 Pc,7.24,6,12766,Portugal,43.44
580734,12/6/2019,23319,Box Of 6 Mini 50'S Crackers,6.19,12,12766,Portugal,74.28
580734,12/6/2019,21430,Set/3 Red Gingham Rose Storage Box,6.39,4,12766,Portugal,25.56
580734,12/6/2019,21485,Retrospot Heart Hot Water Bottle,7.24,6,12766,Portugal,43.44
580734,12/6/2019,22114,Hot Water Bottle Tea And Sympathy,7.24,4,12766,Portugal,28.96
580734,12/6/2019,23108,Set Of 10 Led Dolly Lights,6.19,2,12766,Portugal,12.38
580734,12/6/2019,84375,Set Of 20 Kids Cookie Cutters,6.19,12,12766,Portugal,74.28
580734,12/6/2019,23355,Hot Water Bottle Keep Calm,6.19,12,12766,Portugal,74.28
580734,12/6/2019,23357,Hot Water Bottle Sex Bomb,6.19,8,12766,Portugal,49.52
580734,12/6/2019,23356,Love Hot Water Bottle,6.19,6,12766,Portugal,37.14
580734,12/6/2019,22601,Christmas Retrospot Angel Wood,6.19,12,12766,Portugal,74.28
580734,12/6/2019,22600,Christmas Retrospot Star Wood,6.19,12,12766,Portugal,74.28
580734,12/6/2019,22602,Retrospot Wooden Heart Decoration,6.19,24,12766,Portugal,148.56
580734,12/6/2019,23582,Vintage Doily Jumbo Bag Red,6.19,20,12766,Portugal,123.8
580734,12/6/2019,23581,Jumbo Bag Paisley Park,6.19,30,12766,Portugal,185.7
580734,12/6/2019,85099B,Jumbo Bag Red Retrospot,7.24,20,12766,Portugal,144.8
580734,12/6/2019,20725,Lunch Bag Red Retrospot,6.19,20,12766,Portugal,123.8
580734,12/6/2019,20728,Lunch Bag Cars Blue,6.19,10,12766,Portugal,61.9
580734,12/6/2019,23583,Lunch Bag Paisley Park,6.19,30,12766,Portugal,185.7
580735,12/6/2019,22996,Travel Card Wallet Vintage Ticket,6.19,24,17728,United Kingdom,148.56
580735,12/6/2019,22584,Pack Of 6 Panettone Gift Boxes,6.19,6,17728,United Kingdom,37.14
580735,12/6/2019,22813,Pack 3 Boxes Bird Panettone,6.19,12,17728,United Kingdom,74.28
580735,12/6/2019,23301,Gardeners Kneeling Pad Keep Calm,6.19,12,17728,United Kingdom,74.28
580735,12/6/2019,23300,Gardeners Kneeling Pad Cup Of Tea,6.19,12,17728,United Kingdom,74.28
580735,12/6/2019,22556,Plasters In Tin Circus Parade,6.04,12,17728,United Kingdom,72.48
580735,12/6/2019,22554,Plasters In Tin Woodland Animals,6.19,12,17728,United Kingdom,74.28
580735,12/6/2019,22139,Retrospot Tea Set Ceramic 11 Pc,6.19,3,17728,United Kingdom,18.57
580735,12/6/2019,84077,World War 2 Gliders Asstd Designs,6.19,48,17728,United Kingdom,297.12
580735,12/6/2019,22751,Feltcraft Princess Olivia Doll,6.19,4,17728,United Kingdom,24.76
580735,12/6/2019,22274,Feltcraft Doll Emily,6.19,6,17728,United Kingdom,37.14
580735,12/6/2019,22273,Feltcraft Doll Molly,6.19,6,17728,United Kingdom,37.14
580735,12/6/2019,20972,Pink Cream Felt Craft Trinket Box,6.19,12,17728,United Kingdom,74.28
580735,12/6/2019,20975,12 Pencils Small Tube Red Retrospot,6.19,24,17728,United Kingdom,148.56
580735,12/6/2019,22632,Hand Warmer Red Retrospot,6.19,12,17728,United Kingdom,74.28
580735,12/6/2019,23439,Hand Warmer Red Love Heart,6.19,12,17728,United Kingdom,74.28
580735,12/6/2019,22865,Hand Warmer Owl Design,6.19,12,17728,United Kingdom,74.28
580735,12/6/2019,23355,Hot Water Bottle Keep Calm,6.19,4,17728,United Kingdom,24.76
580735,12/6/2019,21479,White Skull Hot Water Bottle,6.19,4,17728,United Kingdom,24.76
580735,12/6/2019,22114,Hot Water Bottle Tea And Sympathy,6.19,4,17728,United Kingdom,24.76
580735,12/6/2019,21930,Jumbo Storage Bag Skulls,6.04,10,17728,United Kingdom,60.4
580735,12/6/2019,21936,Red Retrospot Picnic Bag,6.04,5,17728,United Kingdom,30.2
580735,12/6/2019,23240,Set Of 4 Knick Knack Tins Doily,6.04,6,17728,United Kingdom,36.24
580735,12/6/2019,23298,Spotty Bunting,6.19,3,17728,United Kingdom,18.57
580735,12/6/2019,22625,Red Kitchen Scales,6.19,2,17728,United Kingdom,12.38
580735,12/6/2019,22690,Doormat Home Sweet Home Blue,6.19,2,17728,United Kingdom,12.38
580735,12/6/2019,23284,Doormat Keep Calm And Come In,6.19,2,17728,United Kingdom,12.38
580735,12/6/2019,85099B,Jumbo Bag Red Retrospot,6.04,10,17728,United Kingdom,60.4
580735,12/6/2019,23203,Jumbo Bag Vintage Doily,6.04,10,17728,United Kingdom,60.4
580735,12/6/2019,23344,Jumbo Bag 50'S Christmas,6.19,10,17728,United Kingdom,61.9
580735,12/6/2019,20725,Lunch Bag Red Retrospot,6.04,10,17728,United Kingdom,60.4
580735,12/6/2019,23209,Lunch Bag Vintage Doily,6.04,10,17728,United Kingdom,60.4
580736,12/6/2019,23580,Snack Tray Happy Forest,6.19,8,12716,France,49.52
580736,12/6/2019,23570,Traditional Pick Up Sticks Game,6.19,12,12716,France,74.28
580736,12/6/2019,21706,Folding Umbrella Red/White Polkadot,6.19,4,12716,France,24.76
580736,12/6/2019,21707,Folding Umbrella Blackblue Polkadot,6.19,4,12716,France,24.76
580736,12/6/2019,22431,Watering Can Blue Elephant,6.19,6,12716,France,37.14
580736,12/6/2019,47566,Party Bunting,6.19,4,12716,France,24.76
580736,12/6/2019,22367,Childrens Apron Spaceboy Design,6.19,8,12716,France,49.52
580736,12/6/2019,22326,Round Snack Boxes Set Of4 Woodland,6.19,6,12716,France,37.14
580736,12/6/2019,22328,Round Snack Boxes Set Of 4 Fruits,6.19,6,12716,France,37.14
580736,12/6/2019,79191C,Retro Plastic Elephant Tray,6.19,12,12716,France,74.28
580736,12/6/2019,23245,Set Of 3 Regency Cake Tins,6.19,4,12716,France,24.76
580736,12/6/2019,23115,Red Apples Chopping Board,6.19,3,12716,France,18.57
580736,12/6/2019,20676,Red Retrospot Bowl,6.19,8,12716,France,49.52
580736,12/6/2019,85114C,Red Enchanted Forest Placemat,6.19,6,12716,France,37.14
580736,12/6/2019,22636,Childs Breakfast Set Circus Parade,7.24,2,12716,France,14.48
580736,12/6/2019,22303,Coffee Mug Apples Design,7.24,6,12716,France,43.44
580736,12/6/2019,22302,Coffee Mug Pears Design,7.24,6,12716,France,43.44
580736,12/6/2019,22301,Coffee Mug Cat + Bird Design,7.24,6,12716,France,43.44
580736,12/6/2019,22437,Set Of 9 Black Skull Balloons,7.24,20,12716,France,144.8
580736,12/6/2019,22923,Fridge Magnets Les Enfants Assorted,6.39,12,12716,France,76.68
580736,12/6/2019,22924,Fridge Magnets La Vie En Rose,7.24,12,12716,France,86.88
580736,12/6/2019,22610,Pens Assorted Funny Face,7.24,36,12716,France,260.64
580736,12/6/2019,23505,Playing Cards I Love London,7.24,12,12716,France,86.88
580737,12/6/2019,23493,Vintage Doily Travel Sewing Kit,7.24,10,14140,United Kingdom,72.4
580737,12/6/2019,22539,Mini Jigsaw Dolly Girl,7.24,48,14140,United Kingdom,347.52
580737,12/6/2019,22951,60 Cake Cases Dolly Girl Design,7.24,24,14140,United Kingdom,173.76
580737,12/6/2019,23291,Dolly Girl Childrens Cup,7.24,8,14140,United Kingdom,57.92
580737,12/6/2019,21889,Wooden Box Of Dominoes,7.24,12,14140,United Kingdom,86.88
580737,12/6/2019,21703,Bag 125g Swirly Marbles,7.24,12,14140,United Kingdom,86.88
580737,12/6/2019,21791,Vintage Heads And Tails Card Game,6.39,12,14140,United Kingdom,76.68
580737,12/6/2019,21891,Traditional Wooden Skipping Rope,6.04,12,14140,United Kingdom,72.48
580737,12/6/2019,22549,Picture Dominoes,6.04,12,14140,United Kingdom,72.48
580737,12/6/2019,21914,Blue Harmonica In Box,6.04,12,14140,United Kingdom,72.48
580737,12/6/2019,22620,4 Traditional Spinning Tops,6.04,12,14140,United Kingdom,72.48
580737,12/6/2019,21314,Small Glass Heart Trinket Pot,6.04,8,14140,United Kingdom,48.32
580737,12/6/2019,21731,Red Toadstool Led Night Light,6.19,12,14140,United Kingdom,74.28
580737,12/6/2019,23480,Mini Lights Woodland Mushrooms,6.19,4,14140,United Kingdom,24.76
580737,12/6/2019,23082,Set 6 Paper Table Lantern Hearts,6.19,6,14140,United Kingdom,37.14
580737,12/6/2019,22142,Christmas Craft White Fairy,6.19,12,14140,United Kingdom,74.28
580737,12/6/2019,22086,Paper Chain Kit 50'S Christmas,6.19,6,14140,United Kingdom,37.14
580737,12/6/2019,22909,Set Of 20 Vintage Christmas Napkins,6.19,12,14140,United Kingdom,74.28
580737,12/6/2019,20972,Pink Cream Felt Craft Trinket Box,6.04,12,14140,United Kingdom,72.48
580737,12/6/2019,22150,3 Stripey Mice Feltcraft,6.04,6,14140,United Kingdom,36.24
580737,12/6/2019,20971,Pink Blue Felt Craft Trinket Box,6.19,12,14140,United Kingdom,74.28
580737,12/6/2019,22274,Feltcraft Doll Emily,6.19,6,14140,United Kingdom,37.14
580737,12/6/2019,22300,Coffee Mug Dog + Ball Design,6.19,6,14140,United Kingdom,37.14
580737,12/6/2019,22303,Coffee Mug Apples Design,6.19,6,14140,United Kingdom,37.14
580737,12/6/2019,22301,Coffee Mug Cat + Bird Design,6.19,6,14140,United Kingdom,37.14
580737,12/6/2019,22302,Coffee Mug Pears Design,6.19,6,14140,United Kingdom,37.14
580738,12/6/2019,21166,Cook With Wine Metal Sign,6.19,12,17666,United Kingdom,74.28
580738,12/6/2019,21169,You're Confusing Me Metal Sign,6.19,12,17666,United Kingdom,74.28
580738,12/6/2019,23329,Decorative Wicker Heart Large,6.19,60,17666,United Kingdom,371.4
580738,12/6/2019,23332,Ivory Wicker Heart Large,6.19,60,17666,United Kingdom,371.4
580738,12/6/2019,84661C,Pink Square Table Clock,6.19,48,17666,United Kingdom,297.12
580738,12/6/2019,84661A,White Square Table Clock,6.19,48,17666,United Kingdom,297.12
580739,12/6/2019,21896,Potting Shed Twine,6.19,2,17739,United Kingdom,12.38
580739,12/6/2019,23344,Jumbo Bag 50'S Christmas,6.19,3,17739,United Kingdom,18.57
580742,12/6/2019,22411,Jumbo Shopper Vintage Red Paisley,6.19,100,13694,United Kingdom,619
580742,12/6/2019,21930,Jumbo Storage Bag Skulls,6.19,100,13694,United Kingdom,619
580742,12/6/2019,23343,Jumbo Bag Vintage Christmas,6.19,200,13694,United Kingdom,1238
580742,12/6/2019,23344,Jumbo Bag 50'S Christmas,6.19,200,13694,United Kingdom,1238
580742,12/6/2019,23582,Vintage Doily Jumbo Bag Red,6.19,100,13694,United Kingdom,619
580744,12/6/2019,23552,Bicycle Puncture Repair Kit,6.19,72,13694,United Kingdom,445.68
580744,12/6/2019,23498,Classic Bicycle Clips,6.19,12,13694,United Kingdom,74.28
580744,12/6/2019,23598,Paper Bunting Vintage Party,6.19,80,13694,United Kingdom,495.2
580744,12/6/2019,21905,More Butter Metal Sign,6.19,72,13694,United Kingdom,445.68
580744,12/6/2019,22096,Pink Paisley Square Tissue Box,6.19,216,13694,United Kingdom,1337.04
580744,12/6/2019,22097,Swallow Square Tissue Box,6.19,216,13694,United Kingdom,1337.04
580744,12/6/2019,22100,Skulls Square Tissue Box,6.19,108,13694,United Kingdom,668.52
580744,12/6/2019,22209,Wood Stamp Set Happy Birthday,6.19,60,13694,United Kingdom,371.4
580744,12/6/2019,22210,Wood Stamp Set Best Wishes,6.19,60,13694,United Kingdom,371.4
580744,12/6/2019,22939,Adult Apron Apple Delight,6.19,50,13694,United Kingdom,309.5
580744,12/6/2019,22899,Children's Apron Dolly Girl,6.19,50,13694,United Kingdom,309.5
580744,12/6/2019,22990,Cotton Apron Pantry Design,6.19,50,13694,United Kingdom,309.5
580744,12/6/2019,47591D,Pink Fairy Cake Childrens Apron,6.19,50,13694,United Kingdom,309.5
580744,12/6/2019,20682,Red Retrospot Childrens Umbrella,6.19,60,13694,United Kingdom,371.4
580744,12/6/2019,21080,Set/20 Red Retrospot Paper Napkins,6.19,96,13694,United Kingdom,594.24
580744,12/6/2019,20718,Red Retrospot Shopper Bag,6.19,100,13694,United Kingdom,619
580744,12/6/2019,22134,Mini Ladle Love Heart Red,6.19,288,13694,United Kingdom,1782.72
580745,12/6/2019,23681,Lunch Bag Red Vintage Doily,6.19,100,13694,United Kingdom,619
580746,12/6/2019,21733,Red Hanging Heart T-Light Holder,7.24,6,12584,Italy,43.44
580746,12/6/2019,85123A,Cream Hanging Heart T-Light Holder,6.19,18,12584,Italy,111.42
580746,12/6/2019,22847,Bread Bin Diner Style Ivory,7.24,1,12584,Italy,7.24
580746,12/6/2019,22846,Bread Bin Diner Style Red,6.39,1,12584,Italy,6.39
580746,12/6/2019,22667,Recipe Box Retrospot,7.24,6,12584,Italy,43.44
580746,12/6/2019,48138,Doormat Union Flag,7.24,2,12584,Italy,14.48
580746,12/6/2019,22627,Mint Kitchen Scales,7.24,2,12584,Italy,14.48
580746,12/6/2019,22720,Set Of 3 Cake Tins Pantry Design,7.24,9,12584,Italy,65.16
580748,12/6/2019,21058,Party Invites Woodland,6.19,1,15748,United Kingdom,6.19
580748,12/6/2019,21063,Party Invites Jazz Hearts,6.19,1,15748,United Kingdom,6.19
580748,12/6/2019,22288,Hanging Metal Rabbit Decoration,6.19,2,15748,United Kingdom,12.38
580748,12/6/2019,23040,Paper Lantern 9 Point Snow Star,6.19,1,15748,United Kingdom,6.19
580750,12/6/2019,20749,Assorted Colour Mini Cases,7.24,2,12749,United Kingdom,14.48
580750,12/6/2019,21484,Chick Grey Hot Water Bottle,7.24,4,12749,United Kingdom,28.96
580750,12/6/2019,84030E,English Rose Hot Water Bottle,7.24,4,12749,United Kingdom,28.96
580750,12/6/2019,22171,3 Hook Photo Shelf Antique White,6.39,4,12749,United Kingdom,25.56
580750,12/6/2019,85066,Cream Sweetheart Mini Chest,6.19,2,12749,United Kingdom,12.38
580750,12/6/2019,23110,Parisienne Key Cabinet,6.19,6,12749,United Kingdom,37.14
580750,12/6/2019,23112,Parisienne Curio Cabinet,6.19,2,12749,United Kingdom,12.38
580750,12/6/2019,22720,Set Of 3 Cake Tins Pantry Design,6.19,6,12749,United Kingdom,37.14
580750,12/6/2019,22993,Set Of 4 Pantry Jelly Moulds,6.19,12,12749,United Kingdom,74.28
580750,12/6/2019,22965,3 Traditional Biscuit Cutters Set,6.19,6,12749,United Kingdom,37.14
580750,12/6/2019,23243,Set Of Tea Coffee Sugar Tins Pantry,6.19,4,12749,United Kingdom,24.76
580750,12/6/2019,23240,Set Of 4 Knick Knack Tins Doily,6.19,6,12749,United Kingdom,37.14
580750,12/6/2019,23359,Set Of 12 T-Lights Vintage Doily,6.19,12,12749,United Kingdom,74.28
580750,12/6/2019,48184,Doormat English Rose,6.19,2,12749,United Kingdom,12.38
580750,12/6/2019,23283,Doormat Vintage Leaf,6.19,2,12749,United Kingdom,12.38
580750,12/6/2019,48116,Doormat Multicolour Stripe,6.19,2,12749,United Kingdom,12.38
580750,12/6/2019,48173C,Doormat Black Flock,6.19,2,12749,United Kingdom,12.38
580750,12/6/2019,22138,Baking Set 9 Piece Retrospot,6.19,3,12749,United Kingdom,18.57
580750,12/6/2019,21843,Red Retrospot Cake Stand,6.19,4,12749,United Kingdom,24.76
580750,12/6/2019,22667,Recipe Box Retrospot,6.19,6,12749,United Kingdom,37.14
580750,12/6/2019,22558,Clothes Pegs Retrospot Pack 24,6.19,12,12749,United Kingdom,74.28
580750,12/6/2019,22628,Picnic Boxes Set Of 3 Retrospot,6.19,4,12749,United Kingdom,24.76
580750,12/6/2019,21983,Pack Of 12 Blue Paisley Tissues,6.19,24,12749,United Kingdom,148.56
580750,12/6/2019,22557,Plasters In Tin Vintage Paisley,6.19,12,12749,United Kingdom,74.28
580750,12/6/2019,23111,Parisienne Sewing Box,6.19,3,12749,United Kingdom,18.57
580750,12/6/2019,23118,Parisienne Jewellery Drawer,6.19,4,12749,United Kingdom,24.76
580750,12/6/2019,84510A,Set Of 4 English Rose Coasters,6.19,10,12749,United Kingdom,61.9
580750,12/6/2019,84509A,Set Of 4 English Rose Placemats,6.19,4,12749,United Kingdom,24.76
580750,12/6/2019,22617,Baking Set Spaceboy Design,6.19,3,12749,United Kingdom,18.57
580750,12/6/2019,21452,Toadstool Money Box,6.19,6,12749,United Kingdom,37.14
580750,12/6/2019,21249,Woodland Height Chart Stickers,6.19,6,12749,United Kingdom,37.14
580750,12/6/2019,22326,Round Snack Boxes Set Of4 Woodland,6.19,6,12749,United Kingdom,37.14
580750,12/6/2019,23244,Round Storage Tin Vintage Leaf,6.19,6,12749,United Kingdom,37.14
580750,12/6/2019,22728,Alarm Clock Bakelike Pink,6.19,4,12749,United Kingdom,24.76
580750,12/6/2019,22727,Alarm Clock Bakelike Red,6.19,4,12749,United Kingdom,24.76
580750,12/6/2019,22730,Alarm Clock Bakelike Ivory,6.19,4,12749,United Kingdom,24.76
580750,12/6/2019,22726,Alarm Clock Bakelike Green,6.19,4,12749,United Kingdom,24.76
580750,12/6/2019,23583,Lunch Bag Paisley Park,7.24,10,12749,United Kingdom,72.4
580750,12/6/2019,23208,Lunch Bag Vintage Leaf Design,6.19,10,12749,United Kingdom,61.9
580752,12/6/2019,20685,Doormat Red Retrospot,6.19,2,12478,Greece,12.38
580752,12/6/2019,22941,Christmas Lights 10 Reindeer,6.19,4,12478,Greece,24.76
580752,12/6/2019,22816,Card Motorbike Santa,6.19,12,12478,Greece,74.28
580752,12/6/2019,22966,Gingerbread Man Cookie Cutter,6.19,12,12478,Greece,74.28
580752,12/6/2019,22111,Scottie Dog Hot Water Bottle,6.19,3,12478,Greece,18.57
580752,12/6/2019,21481,Fawn Blue Hot Water Bottle,6.19,4,12478,Greece,24.76
580752,12/6/2019,21479,White Skull Hot Water Bottle,6.19,4,12478,Greece,24.76
580752,12/6/2019,22584,Pack Of 6 Panettone Gift Boxes,6.19,6,12478,Greece,37.14
580752,12/6/2019,22712,Card Dolly Girl,6.19,12,12478,Greece,74.28
580752,12/6/2019,22029,Spaceboy Birthday Card,6.04,12,12478,Greece,72.48
580752,12/6/2019,22037,Robot Birthday Card,7.24,12,12478,Greece,86.88
580752,12/6/2019,20983,12 Pencils Tall Tube Red Retrospot,7.24,12,12478,Greece,86.88
580752,12/6/2019,20982,12 Pencils Tall Tube Skulls,7.24,12,12478,Greece,86.88
580752,12/6/2019,22940,Feltcraft Christmas Fairy,7.24,4,12478,Greece,28.96
580752,12/6/2019,22750,Feltcraft Princess Lola Doll,7.24,4,12478,Greece,28.96
580752,12/6/2019,22623,Box Of Vintage Jigsaw Blocks,7.24,3,12478,Greece,21.72
580752,12/6/2019,21891,Traditional Wooden Skipping Rope,7.24,12,12478,Greece,86.88
580752,12/6/2019,22619,Set Of 6 Soldier Skittles,7.24,4,12478,Greece,28.96
580752,12/6/2019,22139,Retrospot Tea Set Ceramic 11 Pc,6.39,6,12478,Greece,38.34
580752,12/6/2019,22138,Baking Set 9 Piece Retrospot,7.24,6,12478,Greece,43.44
580752,12/6/2019,22327,Round Snack Boxes Set Of 4 Skulls,7.24,6,12478,Greece,43.44
580752,12/6/2019,20750,Red Retrospot Mini Cases,7.24,2,12478,Greece,14.48
580752,12/6/2019,22326,Round Snack Boxes Set Of4 Woodland,6.19,6,12478,Greece,37.14
580752,12/6/2019,23084,Rabbit Night Light,6.39,6,12478,Greece,38.34
580752,12/6/2019,23256,Childrens Cutlery Spaceboy,6.19,4,12478,Greece,24.76
580752,12/6/2019,22617,Baking Set Spaceboy Design,7.24,3,12478,Greece,21.72
580752,12/6/2019,23389,Spaceboy Mini Backpack,7.24,4,12478,Greece,28.96
580752,12/6/2019,23390,Dolly Girl Mini Backpack,6.19,4,12478,Greece,24.76
580752,12/6/2019,23108,Set Of 10 Led Dolly Lights,6.19,2,12478,Greece,12.38
580752,12/6/2019,23254,Childrens Cutlery Dolly Girl,6.19,4,12478,Greece,24.76
580752,12/6/2019,22899,Children's Apron Dolly Girl,7.24,6,12478,Greece,43.44
580752,12/6/2019,20725,Lunch Bag Red Retrospot,6.19,10,12478,Greece,61.9
580752,12/6/2019,20727,Lunch Bag Black Skull,6.19,10,12478,Greece,61.9
580752,12/6/2019,20728,Lunch Bag Cars Blue,6.19,10,12478,Greece,61.9
580752,12/6/2019,22382,Lunch Bag Spaceboy Design,7.24,10,12478,Greece,72.4
580753,12/6/2019,20750,Red Retrospot Mini Cases,7.24,4,12682,France,28.96
580753,12/6/2019,21931,Jumbo Storage Bag Suki,7.24,10,12682,France,72.4
580753,12/6/2019,22423,Regency Cakestand 3 Tier,7.24,1,12682,France,7.24
580753,12/6/2019,21242,Red Retrospot Plate,7.24,8,12682,France,57.92
580753,12/6/2019,21243,Pink Polkadot Plate,7.24,8,12682,France,57.92
580753,12/6/2019,21239,Pink Polkadot Cup,7.24,8,12682,France,57.92
580753,12/6/2019,21240,Blue Polkadot Cup,6.19,8,12682,France,49.52
580753,12/6/2019,23040,Paper Lantern 9 Point Snow Star,7.24,3,12682,France,21.72
580753,12/6/2019,22596,Christmas Star Wish List Chalkboard,6.19,24,12682,France,148.56
580753,12/6/2019,22456,Natural Slate Chalkboard Large,7.24,3,12682,France,21.72
580753,12/6/2019,48185,Doormat Fairy Cake,7.24,2,12682,France,14.48
580753,12/6/2019,21770,Open Closed Metal Sign,7.24,2,12682,France,14.48
580753,12/6/2019,21977,Pack Of 60 Pink Paisley Cake Cases,7.24,24,12682,France,173.76
580753,12/6/2019,21212,Pack Of 72 Retrospot Cake Cases,7.24,24,12682,France,173.76
580753,12/6/2019,84375,Set Of 20 Kids Cookie Cutters,7.24,12,12682,France,86.88
580753,12/6/2019,23163,Regency Sugar Tongs,7.24,8,12682,France,57.92
580753,12/6/2019,84378,Set Of 3 Heart Cookie Cutters,7.24,12,12682,France,86.88
580753,12/6/2019,23020,Glass Songbird Storage Jar,6.19,1,12682,France,6.19
580753,12/6/2019,22966,Gingerbread Man Cookie Cutter,7.24,12,12682,France,86.88
580753,12/6/2019,23084,Rabbit Night Light,7.24,24,12682,France,173.76
580753,12/6/2019,22556,Plasters In Tin Circus Parade,7.24,12,12682,France,86.88
580753,12/6/2019,22551,Plasters In Tin Spaceboy,6.19,24,12682,France,148.56
580753,12/6/2019,22555,Plasters In Tin Strongman,7.24,12,12682,France,86.88
580753,12/6/2019,47566,Party Bunting,7.24,8,12682,France,57.92
580753,12/6/2019,23192,Bundle Of 3 Alphabet Exercise Books,7.24,12,12682,France,86.88
580753,12/6/2019,22139,Retrospot Tea Set Ceramic 11 Pc,6.19,6,12682,France,37.14
580753,12/6/2019,22138,Baking Set 9 Piece Retrospot,6.19,6,12682,France,37.14
580753,12/6/2019,22467,Gumball Coat Rack,6.19,12,12682,France,74.28
580753,12/6/2019,85099B,Jumbo Bag Red Retrospot,7.24,10,12682,France,72.4
580754,12/6/2019,20675,Blue Polkadot Bowl,6.19,2,13754,United Kingdom,12.38
580754,12/6/2019,20719,Woodland Charlotte Bag,6.19,47,13754,United Kingdom,290.93
580754,12/6/2019,20723,Strawberry Charlotte Bag,7.24,64,13754,United Kingdom,463.36
580754,12/6/2019,20724,Red Retrospot Charlotte Bag,7.24,92,13754,United Kingdom,666.08
580754,12/6/2019,21212,Pack Of 72 Retrospot Cake Cases,7.24,33,13754,United Kingdom,238.92
580754,12/6/2019,21238,Red Retrospot Cup,7.24,3,13754,United Kingdom,21.72
580754,12/6/2019,21243,Pink Polkadot Plate,7.24,6,13754,United Kingdom,43.44
580754,12/6/2019,21244,Blue Polkadot Plate,7.24,2,13754,United Kingdom,14.48
580754,12/6/2019,21479,White Skull Hot Water Bottle,7.24,32,13754,United Kingdom,231.68
580754,12/6/2019,21481,Fawn Blue Hot Water Bottle,7.24,1,13754,United Kingdom,7.24
580754,12/6/2019,21484,Chick Grey Hot Water Bottle,7.24,7,13754,United Kingdom,50.68
580754,12/6/2019,21668,Red Stripe Ceramic Drawer Knob,7.24,4,13754,United Kingdom,28.96
580754,12/6/2019,21670,Blue Spot Ceramic Drawer Knob,7.24,6,13754,United Kingdom,43.44
580754,12/6/2019,21671,Red Spot Ceramic Drawer Knob,7.24,1,13754,United Kingdom,7.24
580754,12/6/2019,21672,White Spot Red Ceramic Drawer Knob,7.24,2,13754,United Kingdom,14.48
580754,12/6/2019,21673,White Spot Blue Ceramic Drawer Knob,7.24,8,13754,United Kingdom,57.92
580754,12/6/2019,22110,Bird House Hot Water Bottle,7.24,6,13754,United Kingdom,43.44
580754,12/6/2019,22111,Scottie Dog Hot Water Bottle,7.24,1,13754,United Kingdom,7.24
580754,12/6/2019,22112,Chocolate Hot Water Bottle,7.24,18,13754,United Kingdom,130.32
580754,12/6/2019,22112,Chocolate Hot Water Bottle,7.24,3,13754,United Kingdom,21.72
580754,12/6/2019,22197,Popcorn Holder,7.24,91,13754,United Kingdom,658.84
580754,12/6/2019,22355,Charlotte Bag Suki Design,7.24,184,13754,United Kingdom,1332.16
580754,12/6/2019,22356,Charlotte Bag Pink Polkadot,7.24,37,13754,United Kingdom,267.88
580754,12/6/2019,22423,Regency Cakestand 3 Tier,7.24,13,13754,United Kingdom,94.12
580754,12/6/2019,22423,Regency Cakestand 3 Tier,7.24,1,13754,United Kingdom,7.24
580754,12/6/2019,22426,Enamel Wash Bowl Cream,7.24,1,13754,United Kingdom,7.24
580754,12/6/2019,22725,Alarm Clock Bakelike Chocolate,7.24,5,13754,United Kingdom,36.2
580754,12/6/2019,22726,Alarm Clock Bakelike Green,7.24,18,13754,United Kingdom,130.32
580754,12/6/2019,22727,Alarm Clock Bakelike Red,7.24,12,13754,United Kingdom,86.88
580754,12/6/2019,22730,Alarm Clock Bakelike Ivory,7.24,1,13754,United Kingdom,7.24
580754,12/6/2019,22735,Ribbon Reel Socks And Mittens,7.24,1,13754,United Kingdom,7.24
580754,12/6/2019,22736,Ribbon Reel Making Snowmen,7.24,3,13754,United Kingdom,21.72
580754,12/6/2019,22736,Ribbon Reel Making Snowmen,7.24,1,13754,United Kingdom,7.24
580754,12/6/2019,22737,Ribbon Reel Christmas Present,7.24,2,13754,United Kingdom,14.48
580754,12/6/2019,22738,Ribbon Reel Snowy Village,7.24,2,13754,United Kingdom,14.48
580754,12/6/2019,22747,Poppy's Playhouse Bathroom,7.24,1,13754,United Kingdom,7.24
580754,12/6/2019,22748,Poppy's Playhouse Kitchen,7.24,1,13754,United Kingdom,7.24
580754,12/6/2019,22772,Pink Drawer Knob Acrylic Edwardian,7.24,1,13754,United Kingdom,7.24
580754,12/6/2019,22775,Purple Drawerknob Acrylic Edwardian,7.24,3,13754,United Kingdom,21.72
580754,12/6/2019,22805,Blue Drawer Knob Acrylic Edwardian,7.24,1,13754,United Kingdom,7.24
580754,12/6/2019,22834,Hand Warmer Babushka Design,7.24,2,13754,United Kingdom,14.48
580754,12/6/2019,22835,Hot Water Bottle I Am So Poorly,7.24,4,13754,United Kingdom,28.96
580754,12/6/2019,22895,Set Of 2 Tea Towels Apple And Pears,7.24,1,13754,United Kingdom,7.24
580754,12/6/2019,22896,Peg Bag Apples Design,7.24,2,13754,United Kingdom,14.48
580754,12/6/2019,22898,Childrens Apron Apples Design,7.24,6,13754,United Kingdom,43.44
580754,12/6/2019,22910,Paper Chain Kit Vintage Christmas,7.24,8,13754,United Kingdom,57.92
580754,12/6/2019,22943,Christmas Lights 10 Vintage Baubles,7.24,2,13754,United Kingdom,14.48
580754,12/6/2019,23084,Rabbit Night Light,7.24,43,13754,United Kingdom,311.32
580754,12/6/2019,23168,Classic Cafe Sugar Dispenser,7.24,1,13754,United Kingdom,7.24
580754,12/6/2019,23168,Classic Cafe Sugar Dispenser,7.24,1,13754,United Kingdom,7.24
580754,12/6/2019,23204,Charlotte Bag Apples Design,7.24,14,13754,United Kingdom,101.36
580754,12/6/2019,23205,Charlotte Bag Vintage Alphabet,7.24,14,13754,United Kingdom,101.36
580754,12/6/2019,23301,Gardeners Kneeling Pad Keep Calm,7.24,1,13754,United Kingdom,7.24
580754,12/6/2019,23355,Hot Water Bottle Keep Calm,7.24,41,13754,United Kingdom,296.84
580754,12/6/2019,23357,Hot Water Bottle Sex Bomb,7.24,2,13754,United Kingdom,14.48
580754,12/6/2019,23358,Hot Stuff Hot Water Bottle,7.24,2,13754,United Kingdom,14.48
580754,12/6/2019,35970,Zinc Folkart Sleigh Bells,7.24,17,13754,United Kingdom,123.08
580754,12/6/2019,47566,Party Bunting,7.24,4,13754,United Kingdom,28.96
580754,12/6/2019,82583,Hot Baths Metal Sign,7.24,7,13754,United Kingdom,50.68
580754,12/6/2019,84029E,Red Woolly Hottie White Heart,7.24,4,13754,United Kingdom,28.96
580754,12/6/2019,84029G,Knitted Union Flag Hot Water Bottle,7.24,20,13754,United Kingdom,144.8
580754,12/6/2019,84030E,English Rose Hot Water Bottle,7.24,3,13754,United Kingdom,21.72
580754,12/6/2019,84347,Rotating Silver Angels T-Light Hldr,7.24,28,13754,United Kingdom,202.72
580754,12/6/2019,84997C,Childrens Cutlery Polkadot Blue,7.24,3,13754,United Kingdom,21.72
580754,12/6/2019,85049G,Chocolate Box Ribbons,7.24,2,13754,United Kingdom,14.48
580754,12/6/2019,20727,Lunch Bag Black Skull,7.24,6,13754,United Kingdom,43.44
580754,12/6/2019,22382,Lunch Bag Spaceboy Design,7.24,1,13754,United Kingdom,7.24
580754,12/6/2019,22383,Lunch Bag Suki Design,7.24,9,13754,United Kingdom,65.16
580754,12/6/2019,23206,Lunch Bag Apple Design,7.24,9,13754,United Kingdom,65.16
580754,12/6/2019,23206,Lunch Bag Apple Design,7.24,1,13754,United Kingdom,7.24
580754,12/6/2019,23207,Lunch Bag Alphabet Design,7.24,1,13754,United Kingdom,7.24
580754,12/6/2019,23208,Lunch Bag Vintage Leaf Design,7.24,3,13754,United Kingdom,21.72
580755,12/6/2019,21191,Large White Honeycomb Paper Bell,6.19,30,14737,United Kingdom,185.7
580755,12/6/2019,21204,Daisies Honeycomb Garland,6.19,12,14737,United Kingdom,74.28
580756,12/6/2019,72800E,4 Ivory Dinner Candles Silver Flock,6.19,12,12723,France,74.28
580756,12/6/2019,23254,Childrens Cutlery Dolly Girl,6.19,4,12723,France,24.76
580756,12/6/2019,23255,Childrens Cutlery Circus Parade,6.19,4,12723,France,24.76
580756,12/6/2019,23256,Childrens Cutlery Spaceboy,6.19,4,12723,France,24.76
580757,12/6/2019,23535,Wall Art Bicycle Safety,6.19,4,13709,United Kingdom,24.76
580757,12/6/2019,23498,Classic Bicycle Clips,6.19,12,13709,United Kingdom,74.28
580757,12/6/2019,23552,Bicycle Puncture Repair Kit,6.19,12,13709,United Kingdom,74.28
580757,12/6/2019,22083,Paper Chain Kit Retrospot,6.04,6,13709,United Kingdom,36.24
580757,12/6/2019,23318,Box Of 6 Mini Vintage Crackers,6.19,12,13709,United Kingdom,74.28
580757,12/6/2019,23319,Box Of 6 Mini 50'S Crackers,6.19,18,13709,United Kingdom,111.42
580757,12/6/2019,21326,Aged Glass Silver T-Light Holder,6.19,12,13709,United Kingdom,74.28
580757,12/6/2019,21317,Glass Sphere Candle Stand Medium,6.19,4,13709,United Kingdom,24.76
580757,12/6/2019,21484,Chick Grey Hot Water Bottle,6.19,4,13709,United Kingdom,24.76
580757,12/6/2019,21485,Retrospot Heart Hot Water Bottle,6.19,3,13709,United Kingdom,18.57
580757,12/6/2019,22111,Scottie Dog Hot Water Bottle,6.19,3,13709,United Kingdom,18.57
580757,12/6/2019,22112,Chocolate Hot Water Bottle,6.19,3,13709,United Kingdom,18.57
580757,12/6/2019,22835,Hot Water Bottle I Am So Poorly,6.19,8,13709,United Kingdom,49.52
580757,12/6/2019,84029G,Knitted Union Flag Hot Water Bottle,6.19,4,13709,United Kingdom,24.76
580757,12/6/2019,84030E,English Rose Hot Water Bottle,6.19,4,13709,United Kingdom,24.76
580757,12/6/2019,23301,Gardeners Kneeling Pad Keep Calm,6.19,12,13709,United Kingdom,74.28
580757,12/6/2019,23147,Single Antique Rose Hook Ivory,6.19,12,13709,United Kingdom,74.28
580757,12/6/2019,21012,Antique All Glass Candlestick,6.19,6,13709,United Kingdom,37.14
580757,12/6/2019,20914,Set/5 Red Retrospot Lid Glass Bowls,6.19,6,13709,United Kingdom,37.14
580757,12/6/2019,84946,Antique Silver T-Light Glass,6.19,12,13709,United Kingdom,74.28
580757,12/6/2019,84947,Antique Silver Tea Glass Engraved,6.19,12,13709,United Kingdom,74.28
580757,12/6/2019,85104,Silver Glass T-Light Set,6.19,12,13709,United Kingdom,74.28
580757,12/6/2019,82494L,Wooden Frame Antique White,6.04,6,13709,United Kingdom,36.24
580757,12/6/2019,82482,Wooden Picture Frame White Finish,6.04,6,13709,United Kingdom,36.24
580757,12/6/2019,22910,Paper Chain Kit Vintage Christmas,6.19,6,13709,United Kingdom,37.14
580757,12/6/2019,23374,Red Spot Paper Gift Bag,6.19,10,13709,United Kingdom,61.9
580758,12/6/2019,23575,Snack Tray Paisley Park,6.19,8,13709,United Kingdom,49.52
580758,12/6/2019,23578,Snack Tray Red Gingham,6.19,8,13709,United Kingdom,49.52
580759,12/6/2019,22072,Red Retrospot Tea Cup And Saucer,6.19,12,17593,United Kingdom,74.28
580759,12/6/2019,21592,Retrospot Cigar Box Matches,6.19,24,17593,United Kingdom,148.56
580759,12/6/2019,22059,Ceramic Strawberry Design Mug,6.19,24,17593,United Kingdom,148.56
580759,12/6/2019,22076,6 Ribbons Empire,6.19,24,17593,United Kingdom,148.56
580759,12/6/2019,22119,Peace Wooden Block Letters,6.19,12,17593,United Kingdom,74.28
580759,12/6/2019,22215,Cake Stand White Two Tier Lace,6.19,6,17593,United Kingdom,37.14
580759,12/6/2019,22319,Hairclips Forties Fabric Assorted,6.19,36,17593,United Kingdom,222.84
580759,12/6/2019,22389,Paperweight Save The Planet,6.19,12,17593,United Kingdom,74.28
580759,12/6/2019,22405,Money Box Pocket Money Design,6.19,12,17593,United Kingdom,74.28
580759,12/6/2019,22394,Paperweight Kings Choice,6.19,12,17593,United Kingdom,74.28
580759,12/6/2019,22406,Money Box Kings Choice Design,6.19,12,17593,United Kingdom,74.28
580759,12/6/2019,22395,Paperweight Vintage Paisley,6.19,12,17593,United Kingdom,74.28
580759,12/6/2019,22465,Hanging Metal Star Lantern,6.19,24,17593,United Kingdom,148.56
580759,12/6/2019,22500,Set Of 2 Tins Jardin De Provence,6.19,6,17593,United Kingdom,37.14
580759,12/6/2019,22596,Christmas Star Wish List Chalkboard,6.19,24,17593,United Kingdom,148.56
580759,12/6/2019,22645,Ceramic Heart Fairy Cake Money Bank,6.19,36,17593,United Kingdom,222.84
580759,12/6/2019,22644,Ceramic Cherry Cake Money Bank,6.19,36,17593,United Kingdom,222.84
580759,12/6/2019,22785,Squarecushion Cover Pink Union Jack,6.19,12,17593,United Kingdom,74.28
580759,12/6/2019,22915,Assorted Bottle Top Magnets,6.19,24,17593,United Kingdom,148.56
580759,12/6/2019,23272,Tree T-Light Holder Willie Winkie,6.19,24,17593,United Kingdom,148.56
580759,12/6/2019,23320,Giant 50'S Christmas Cracker,6.19,24,17593,United Kingdom,148.56
580759,12/6/2019,84817,Danish Rose Decorative Plate,6.19,24,17593,United Kingdom,148.56
580759,12/6/2019,84819,Danish Rose Round Sewing Box,6.19,16,17593,United Kingdom,99.04
580759,12/6/2019,23575,Snack Tray Paisley Park,6.19,8,17593,United Kingdom,49.52
580759,12/6/2019,23576,Snack Tray Red Vintage Doily,6.19,8,17593,United Kingdom,49.52
580759,12/6/2019,23691,Wrap Keep Calm Birthday,6.19,25,17593,United Kingdom,154.75
580759,12/6/2019,17091J,Vanilla Incense In Tin,6.19,36,17593,United Kingdom,222.84
580759,12/6/2019,21619,4 Vanilla Botanical Candles,6.19,12,17593,United Kingdom,74.28
580759,12/6/2019,21620,Set Of 4 Rose Botanical Candles,6.19,12,17593,United Kingdom,74.28
580759,12/6/2019,22115,Metal Sign Empire Tea,6.19,12,17593,United Kingdom,74.28
580759,12/6/2019,21623,Vintage Union Jack Memoboard,6.19,2,17593,United Kingdom,12.38
580759,12/6/2019,16161P,Wrap English Rose,6.19,25,17593,United Kingdom,154.75
580759,12/6/2019,23092,Large Antique White Photo Frame,6.19,12,17593,United Kingdom,74.28
580759,12/6/2019,84970L,Single Heart Zinc T-Light Holder,6.19,12,17593,United Kingdom,74.28
580759,12/6/2019,84970S,Hanging Heart Zinc T-Light Holder,6.19,12,17593,United Kingdom,74.28
580759,12/6/2019,22986,Wrap Gingham Rose,6.19,25,17593,United Kingdom,154.75
580759,12/6/2019,23231,Wrap Vintage Doily,6.19,25,17593,United Kingdom,154.75
580759,12/6/2019,23545,Wrap Red Vintage Doily,6.19,25,17593,United Kingdom,154.75
580759,12/6/2019,23546,Wrap Paisley Park,6.19,25,17593,United Kingdom,154.75
580759,12/6/2019,23547,Wrap Flower Shop,6.19,25,17593,United Kingdom,154.75
580759,12/6/2019,23548,Wrap Magic Forest,6.19,25,17593,United Kingdom,154.75
580759,12/6/2019,22079,Ribbon Reel Hearts Design,6.19,10,17593,United Kingdom,61.9
580759,12/6/2019,22082,Ribbon Reel Stripes Design,6.19,10,17593,United Kingdom,61.9
580759,12/6/2019,22080,Ribbon Reel Polkadots,6.19,10,17593,United Kingdom,61.9
580759,12/6/2019,22077,6 Ribbons Rustic Charm,6.19,12,17593,United Kingdom,74.28
580759,12/6/2019,23355,Hot Water Bottle Keep Calm,7.24,4,17593,United Kingdom,28.96
580759,12/6/2019,23583,Lunch Bag Paisley Park,6.19,10,17593,United Kingdom,61.9
580759,12/6/2019,20725,Lunch Bag Red Retrospot,7.24,10,17593,United Kingdom,72.4
580760,12/6/2019,23204,Charlotte Bag Apples Design,6.19,10,12877,United Kingdom,61.9
580760,12/6/2019,22539,Mini Jigsaw Dolly Girl,7.24,48,12877,United Kingdom,347.52
580760,12/6/2019,22645,Ceramic Heart Fairy Cake Money Bank,6.39,36,12877,United Kingdom,230.04
580760,12/6/2019,22355,Charlotte Bag Suki Design,6.19,10,12877,United Kingdom,61.9
580760,12/6/2019,22661,Charlotte Bag Dolly Girl Design,6.19,10,12877,United Kingdom,61.9
580760,12/6/2019,20719,Woodland Charlotte Bag,6.19,10,12877,United Kingdom,61.9
580760,12/6/2019,20723,Strawberry Charlotte Bag,6.19,10,12877,United Kingdom,61.9
580760,12/6/2019,22941,Christmas Lights 10 Reindeer,6.19,4,12877,United Kingdom,24.76
580763,12/6/2019,71477,Coloured Glass Star T-Light Holder,6.19,96,16013,United Kingdom,594.24
580763,12/6/2019,79321,Chilli Lights,6.19,96,16013,United Kingdom,594.24
580765,12/6/2019,22667,Recipe Box Retrospot,6.19,24,14562,United Kingdom,148.56
580771,12/6/2019,22185,Slate Tile Natural Hanging,6.19,108,16015,United Kingdom,668.52
580771,12/6/2019,22419,Lipstick Pen Red,6.19,4,16015,United Kingdom,24.76
580771,12/6/2019,20975,12 Pencils Small Tube Red Retrospot,6.39,2,16015,United Kingdom,12.78
580771,12/6/2019,20982,12 Pencils Tall Tube Skulls,7.24,1,16015,United Kingdom,7.24
580771,12/6/2019,20981,12 Pencils Tall Tube Woodland,6.19,2,16015,United Kingdom,12.38
580771,12/6/2019,20973,12 Pencil Small Tube Woodland,6.19,4,16015,United Kingdom,24.76
580771,12/6/2019,22753,Small Yellow Babushka Notebook,6.19,2,16015,United Kingdom,12.38
580771,12/6/2019,22755,Small Purple Babushka Notebook,6.19,2,16015,United Kingdom,12.38
580771,12/6/2019,22754,Small Red Babushka Notebook,6.19,2,16015,United Kingdom,12.38
580771,12/6/2019,22757,Large Red Babushka Notebook,6.19,2,16015,United Kingdom,12.38
580771,12/6/2019,22756,Large Yellow Babushka Notebook,6.19,2,16015,United Kingdom,12.38
580771,12/6/2019,21810,Christmas Hanging Star With Bell,6.19,12,16015,United Kingdom,74.28
580771,12/6/2019,22577,Wooden Heart Christmas Scandinavian,6.19,12,16015,United Kingdom,74.28
580771,12/6/2019,22578,Wooden Star Christmas Scandinavian,6.19,12,16015,United Kingdom,74.28
580771,12/6/2019,21034,Rex Cash+Carry Jumbo Shopper,6.19,1,16015,United Kingdom,6.19
580771,12/6/2019,84813,Set Of 4 Diamond Napkin Rings,6.19,2,16015,United Kingdom,12.38
580771,12/6/2019,22199,Frying Pan Red Retrospot,6.19,2,16015,United Kingdom,12.38
580771,12/6/2019,22203,Milk Pan Red Retrospot,6.19,2,16015,United Kingdom,12.38
580771,12/6/2019,22119,Peace Wooden Block Letters,6.19,5,16015,United Kingdom,30.95
580771,12/6/2019,22596,Christmas Star Wish List Chalkboard,5.97,12,16015,United Kingdom,71.64
580771,12/6/2019,22068,Black Pirate Treasure Chest,6.19,4,16015,United Kingdom,24.76
580771,12/6/2019,22118,Joy Wooden Block Letters,6.19,5,16015,United Kingdom,30.95
580771,12/6/2019,22475,Skull Design Tv Dinner Tray,6.19,2,16015,United Kingdom,12.38
580771,12/6/2019,22472,Tv Dinner Tray Dolly Girl,6.19,2,16015,United Kingdom,12.38
580771,12/6/2019,22068,Black Pirate Treasure Chest,6.19,6,16015,United Kingdom,37.14
580771,12/6/2019,22640,Set Of 4 Napkin Charms 3 Keys,6.19,4,16015,United Kingdom,24.76
580771,12/6/2019,22638,Set Of 4 Napkin Charms Crowns,6.19,4,16015,United Kingdom,24.76
580771,12/6/2019,22465,Hanging Metal Star Lantern,6.19,6,16015,United Kingdom,37.14
580771,12/6/2019,23151,Zinc Sweetheart Soap Dish,6.19,4,16015,United Kingdom,24.76
580771,12/6/2019,22511,Retrospot Babushka Doorstop,6.19,2,16015,United Kingdom,12.38
580771,12/6/2019,22510,Gingham Babushka Doorstop,6.19,2,16015,United Kingdom,12.38
580771,12/6/2019,22513,Doorstop Football Design,6.19,3,16015,United Kingdom,18.57
580771,12/6/2019,22346,Party Pizza Dish Green Polkadot,6.19,6,16015,United Kingdom,37.14
580771,12/6/2019,22345,Party Pizza Dish Blue Polkadot,6.19,6,16015,United Kingdom,37.14
580771,12/6/2019,22343,Party Pizza Dish Red Retrospot,6.19,6,16015,United Kingdom,37.14
580771,12/6/2019,22344,Party Pizza Dish Pink Polkadot,6.19,6,16015,United Kingdom,37.14
580771,12/6/2019,21034,Rex Cash+Carry Jumbo Shopper,6.19,2,16015,United Kingdom,12.38
580771,12/6/2019,23208,Lunch Bag Vintage Leaf Design,6.19,2,16015,United Kingdom,12.38
580771,12/6/2019,20725,Lunch Bag Red Retrospot,6.19,1,16015,United Kingdom,6.19
580771,12/6/2019,20728,Lunch Bag Cars Blue,6.19,2,16015,United Kingdom,12.38
580771,12/6/2019,20727,Lunch Bag Black Skull,6.19,10,16015,United Kingdom,61.9
580772,12/6/2019,22839,3 Tier Cake Tin Green And Cream,6.19,1,15992,United Kingdom,6.19
580772,12/6/2019,21136,Painted Metal Pears Assorted,6.19,8,15992,United Kingdom,49.52
580772,12/6/2019,84879,Assorted Colour Bird Ornament,6.19,8,15992,United Kingdom,49.52
580774,12/6/2019,22423,Regency Cakestand 3 Tier,6.19,2,13994,United Kingdom,12.38
580774,12/6/2019,21754,Home Building Block Word,6.19,6,13994,United Kingdom,37.14
580774,12/6/2019,22698,Pink Regency Teacup And Saucer,6.19,6,13994,United Kingdom,37.14
580774,12/6/2019,22699,Roses Regency Teacup And Saucer,6.19,6,13994,United Kingdom,37.14
580774,12/6/2019,22697,Green Regency Teacup And Saucer,7.24,6,13994,United Kingdom,43.44
580775,12/6/2019,23208,Lunch Bag Vintage Leaf Design,7.24,20,16523,United Kingdom,144.8
580776,12/6/2019,21754,Home Building Block Word,7.24,2,14562,United Kingdom,14.48
580776,12/6/2019,21171,Bathroom Metal Sign,7.24,3,14562,United Kingdom,21.72
580776,12/6/2019,21481,Fawn Blue Hot Water Bottle,7.24,1,14562,United Kingdom,7.24
580776,12/6/2019,23280,Folding Butterfly Mirror Hot Pink,7.24,2,14562,United Kingdom,14.48
580776,12/6/2019,82486,3 Drawer Antique White Wood Cabinet,7.24,2,14562,United Kingdom,14.48
580776,12/6/2019,23319,Box Of 6 Mini 50'S Crackers,7.24,1,14562,United Kingdom,7.24
580776,12/6/2019,21181,Please One Person Metal Sign,7.24,5,14562,United Kingdom,36.2
580776,12/6/2019,23301,Gardeners Kneeling Pad Keep Calm,7.24,7,14562,United Kingdom,50.68
580776,12/6/2019,23300,Gardeners Kneeling Pad Cup Of Tea,7.24,3,14562,United Kingdom,21.72
580776,12/6/2019,23499,Set 12 Vintage Doily Chalk,7.24,1,14562,United Kingdom,7.24
580776,12/6/2019,23351,Roll Wrap 50'S Christmas,7.24,4,14562,United Kingdom,28.96
580776,12/6/2019,22835,Hot Water Bottle I Am So Poorly,7.24,4,14562,United Kingdom,28.96
580776,12/6/2019,22112,Chocolate Hot Water Bottle,7.24,3,14562,United Kingdom,21.72
580776,12/6/2019,22111,Scottie Dog Hot Water Bottle,7.24,7,14562,United Kingdom,50.68
580776,12/6/2019,23354,6 Gift Tags 50'S Christmas,7.24,4,14562,United Kingdom,28.96
580776,12/6/2019,22434,Balloon Pump With 10 Balloons,7.24,1,14562,United Kingdom,7.24
580776,12/6/2019,22436,12 Coloured Party Balloons,7.24,2,14562,United Kingdom,14.48
580776,12/6/2019,21430,Set/3 Red Gingham Rose Storage Box,7.24,2,14562,United Kingdom,14.48
580776,12/6/2019,71477,Coloured Glass Star T-Light Holder,7.24,4,14562,United Kingdom,28.96
580776,12/6/2019,22632,Hand Warmer Red Retrospot,7.24,4,14562,United Kingdom,28.96
580776,12/6/2019,22866,Hand Warmer Scotty Dog Design,7.24,1,14562,United Kingdom,7.24
580776,12/6/2019,23439,Hand Warmer Red Love Heart,7.24,4,14562,United Kingdom,28.96
580776,12/6/2019,22865,Hand Warmer Owl Design,7.24,4,14562,United Kingdom,28.96
580776,12/6/2019,22667,Recipe Box Retrospot,7.24,24,14562,United Kingdom,173.76
580776,12/6/2019,23344,Jumbo Bag 50'S Christmas,7.24,1,14562,United Kingdom,7.24
580777,12/6/2019,21285,Retrospot Candle Medium,7.24,12,14547,United Kingdom,86.88
580777,12/6/2019,21286,Retrospot Candle Large,7.24,12,14547,United Kingdom,86.88
580777,12/6/2019,21411,Gingham Heart Doorstop Red,7.24,8,14547,United Kingdom,57.92
580777,12/6/2019,22165,Diamante Heart Shaped Wall Mirror,7.24,6,14547,United Kingdom,43.44
580777,12/6/2019,22185,Slate Tile Natural Hanging,7.24,12,14547,United Kingdom,86.88
580777,12/6/2019,22215,Cake Stand White Two Tier Lace,7.24,6,14547,United Kingdom,43.44
580777,12/6/2019,22464,Hanging Metal Heart Lantern,7.24,12,14547,United Kingdom,86.88
580777,12/6/2019,23532,Wall Art Work Rest And Play,6.19,6,14547,United Kingdom,37.14
580777,12/6/2019,72799C,Pink Pillar Candle Silver Flock,6.19,12,14547,United Kingdom,74.28
580777,12/6/2019,23355,Hot Water Bottle Keep Calm,6.19,4,14547,United Kingdom,24.76
580777,12/6/2019,23313,Vintage Christmas Bunting,6.19,5,14547,United Kingdom,30.95
580778,12/6/2019,22752,Set 7 Babushka Nesting Boxes,6.19,12,16949,United Kingdom,74.28
580778,12/6/2019,22816,Card Motorbike Santa,6.19,12,16949,United Kingdom,74.28
580778,12/6/2019,22818,Card Christmas Village,6.19,12,16949,United Kingdom,74.28
580778,12/6/2019,22355,Charlotte Bag Suki Design,6.19,10,16949,United Kingdom,61.9
580778,12/6/2019,20719,Woodland Charlotte Bag,6.19,10,16949,United Kingdom,61.9
580778,12/6/2019,21285,Retrospot Candle Medium,6.19,12,16949,United Kingdom,74.28
580778,12/6/2019,16008,Small Folding Scissor(Pointed Edge),6.19,24,16949,United Kingdom,148.56
580808,12/6/2019,21705,Bag 500g Swirly Marbles,6.19,24,16133,United Kingdom,148.56
580808,12/6/2019,22076,6 Ribbons Empire,6.19,24,16133,United Kingdom,148.56
580808,12/6/2019,22185,Slate Tile Natural Hanging,6.19,24,16133,United Kingdom,148.56
580808,12/6/2019,22405,Money Box Pocket Money Design,6.19,12,16133,United Kingdom,74.28
580808,12/6/2019,22410,Money Box Housekeeping Design,6.19,12,16133,United Kingdom,74.28
580808,12/6/2019,22448,Pin Cushion Babushka Red,6.19,12,16133,United Kingdom,74.28
580808,12/6/2019,22481,Black Tea Towel Classic Design,6.19,36,16133,United Kingdom,222.84
580808,12/6/2019,22500,Set Of 2 Tins Jardin De Provence,6.19,6,16133,United Kingdom,37.14
580808,12/6/2019,22540,Mini Jigsaw Circus Parade,6.19,48,16133,United Kingdom,297.12
580808,12/6/2019,22545,Mini Jigsaw Bunnies,6.19,48,16133,United Kingdom,297.12
580808,12/6/2019,22546,Mini Jigsaw Purdey,6.19,48,16133,United Kingdom,297.12
580808,12/6/2019,22543,Mini Jigsaw Bake A Cake,6.19,48,16133,United Kingdom,297.12
580808,12/6/2019,22544,Mini Jigsaw Spaceboy,6.19,48,16133,United Kingdom,297.12
580808,12/6/2019,22695,Wicker Wreath Small,6.19,12,16133,United Kingdom,74.28
580808,12/6/2019,23320,Giant 50'S Christmas Cracker,6.19,12,16133,United Kingdom,74.28
580808,12/6/2019,84806A,Pink Candystuft Artificial Flower,6.19,24,16133,United Kingdom,148.56
580808,12/6/2019,22966,Gingerbread Man Cookie Cutter,6.19,12,16133,United Kingdom,74.28
580808,12/6/2019,23295,Set Of 12 Mini Loaf Baking Cases,6.19,8,16133,United Kingdom,49.52
580808,12/6/2019,23293,Set Of 12 Fairy Cake Baking Cases,6.19,8,16133,United Kingdom,49.52
580808,12/6/2019,23296,Set Of 6 Tea Time Baking Cases,6.19,8,16133,United Kingdom,49.52
580808,12/6/2019,23294,Set Of 6 Snack Loaf Baking Cases,6.19,8,16133,United Kingdom,49.52
580808,12/6/2019,23090,Vintage Glass T-Light Holder,6.19,144,16133,United Kingdom,891.36
580816,12/6/2019,21378,Small Tall Camphor Wood Toadstool,6.19,12,15157,United Kingdom,74.28
580816,12/6/2019,21379,Camphor Wood Portobello Mushroom,6.19,12,15157,United Kingdom,74.28
580816,12/6/2019,21377,Small Camphor Wood Field Mushroom,6.19,12,15157,United Kingdom,74.28
580816,12/6/2019,21415,Clam Shell Small,6.19,12,15157,United Kingdom,74.28
580816,12/6/2019,21417,Cockle Shell Dish,6.19,12,15157,United Kingdom,74.28
580816,12/6/2019,22215,Cake Stand White Two Tier Lace,6.19,6,15157,United Kingdom,37.14
580816,12/6/2019,22220,Cake Stand Lovebird 2 Tier White,6.19,6,15157,United Kingdom,37.14
580816,12/6/2019,22495,Set Of 2 Round Tins Camembert,6.19,24,15157,United Kingdom,148.56
580816,12/6/2019,22496,Set Of 2 Round Tins Dutch Cheese,6.19,24,15157,United Kingdom,148.56
580816,12/6/2019,22500,Set Of 2 Tins Jardin De Provence,6.19,12,15157,United Kingdom,74.28
580816,12/6/2019,22596,Christmas Star Wish List Chalkboard,6.19,12,15157,United Kingdom,74.28
580816,12/6/2019,22723,Set Of 6 Herb Tins Sketchbook,6.19,12,15157,United Kingdom,74.28
580816,12/6/2019,22799,Sweetheart Wire Fruit Bowl,6.19,12,15157,United Kingdom,74.28
580816,12/6/2019,22806,Set Of 6 T-Lights Wedding Cake,6.19,12,15157,United Kingdom,74.28
580816,12/6/2019,22811,Set Of 6 T-Lights Cacti,6.19,12,15157,United Kingdom,74.28
580816,12/6/2019,22807,Set Of 6 T-Lights Toadstools,6.19,12,15157,United Kingdom,74.28
580816,12/6/2019,22915,Assorted Bottle Top Magnets,6.19,24,15157,United Kingdom,148.56
580816,12/6/2019,23272,Tree T-Light Holder Willie Winkie,6.19,12,15157,United Kingdom,74.28
580816,12/6/2019,23320,Giant 50'S Christmas Cracker,6.19,12,15157,United Kingdom,74.28
580816,12/6/2019,23425,Storage Tin Home Sweet Home,6.19,12,15157,United Kingdom,74.28
580816,12/6/2019,84679,Classical Rose Table Lamp,6.19,4,15157,United Kingdom,24.76
580816,12/6/2019,84806A,Pink Candystuft Artificial Flower,6.19,24,15157,United Kingdom,148.56
580816,12/6/2019,84806B,White Candystuft Artificial Flower,6.19,24,15157,United Kingdom,148.56
580816,12/6/2019,84804B,Blue Delphinium Artificial Flower,6.19,12,15157,United Kingdom,74.28
580816,12/6/2019,84804A,Cream Delphinium Artificial Flower,6.19,12,15157,United Kingdom,74.28
580816,12/6/2019,84805B,Blue Climbing Hydranga Art Flower,6.19,12,15157,United Kingdom,74.28
580816,12/6/2019,84805A,Cream Climbing Hydranga Art Flower,6.19,12,15157,United Kingdom,74.28
580816,12/6/2019,21418,Starfish Soap Dish,6.19,12,15157,United Kingdom,74.28
580816,12/6/2019,22055,Mini Cake Stand Hanging Strawbery,6.19,16,15157,United Kingdom,99.04
580816,12/6/2019,22119,Peace Wooden Block Letters,6.19,12,15157,United Kingdom,74.28
580816,12/6/2019,22123,Ping Microwave Apron,6.19,12,15157,United Kingdom,74.28
580816,12/6/2019,22185,Slate Tile Natural Hanging,6.19,12,15157,United Kingdom,74.28
580816,12/6/2019,22216,T-Light Holder White Lace,6.19,24,15157,United Kingdom,148.56
580816,12/6/2019,22410,Money Box Housekeeping Design,6.19,12,15157,United Kingdom,74.28
580816,12/6/2019,22408,Money Box Confectionery Design,6.19,12,15157,United Kingdom,74.28
580816,12/6/2019,90195A,Purple Gemstone Bracelet,6.19,6,15157,United Kingdom,37.14
580819,12/6/2019,21373,Mirrored Wall Art Snowflakes,6.19,12,15318,United Kingdom,74.28
580819,12/6/2019,21365,Mirrored Wall Art Stars,6.19,12,15318,United Kingdom,74.28
580819,12/6/2019,21809,Christmas Hanging Tree With Bell,6.19,24,15318,United Kingdom,148.56
580819,12/6/2019,21810,Christmas Hanging Star With Bell,6.19,24,15318,United Kingdom,148.56
580819,12/6/2019,22577,Wooden Heart Christmas Scandinavian,6.19,12,15318,United Kingdom,74.28
580819,12/6/2019,22578,Wooden Star Christmas Scandinavian,6.04,12,15318,United Kingdom,72.48
580819,12/6/2019,22608,Pens Assorted Funky Jeweled,6.04,36,15318,United Kingdom,217.44
580819,12/6/2019,22610,Pens Assorted Funny Face,6.04,36,15318,United Kingdom,217.44
580819,12/6/2019,35953,Folkart Star Christmas Decorations,6.04,12,15318,United Kingdom,72.48
580819,12/6/2019,21705,Bag 500g Swirly Marbles,6.19,24,15318,United Kingdom,148.56
580819,12/6/2019,22059,Ceramic Strawberry Design Mug,6.19,24,15318,United Kingdom,148.56
580819,12/6/2019,22057,Ceramic Plate Strawberry Design,6.19,16,15318,United Kingdom,99.04
580819,12/6/2019,22063,Ceramic Bowl With Strawberry Design,6.19,18,15318,United Kingdom,111.42
580819,12/6/2019,22380,Toy Tidy Spaceboy,6.04,20,15318,United Kingdom,120.8
580819,12/6/2019,22408,Money Box Confectionery Design,6.19,12,15318,United Kingdom,74.28
580819,12/6/2019,22405,Money Box Pocket Money Design,6.19,12,15318,United Kingdom,74.28
580819,12/6/2019,22406,Money Box Kings Choice Design,7.24,12,15318,United Kingdom,86.88
580819,12/6/2019,22644,Ceramic Cherry Cake Money Bank,6.39,36,15318,United Kingdom,230.04
580819,12/6/2019,22744,Make Your Own Monsoon Card Kit,7.24,12,15318,United Kingdom,86.88
580819,12/6/2019,22743,Make Your Own Flowerpower Card Kit,6.19,12,15318,United Kingdom,74.28
580819,12/6/2019,22742,Make Your Own Playtime Card Kit,6.19,12,15318,United Kingdom,74.28
580819,12/6/2019,22752,Set 7 Babushka Nesting Boxes,7.24,12,15318,United Kingdom,86.88
580819,12/6/2019,22758,Large Purple Babushka Notebook,7.24,24,15318,United Kingdom,173.76
580819,12/6/2019,22757,Large Red Babushka Notebook,6.19,24,15318,United Kingdom,148.56
580819,12/6/2019,22756,Large Yellow Babushka Notebook,6.19,24,15318,United Kingdom,148.56
580819,12/6/2019,22753,Small Yellow Babushka Notebook,6.39,24,15318,United Kingdom,153.36
580819,12/6/2019,22754,Small Red Babushka Notebook,7.24,24,15318,United Kingdom,173.76
580819,12/6/2019,22755,Small Purple Babushka Notebook,6.19,24,15318,United Kingdom,148.56
580819,12/6/2019,22915,Assorted Bottle Top Magnets,7.24,24,15318,United Kingdom,173.76
580819,12/6/2019,23320,Giant 50'S Christmas Cracker,7.24,12,15318,United Kingdom,86.88
580819,12/6/2019,72819,Cupid Design Scented Candles,6.19,12,15318,United Kingdom,74.28
580819,12/6/2019,20996,Jazz Hearts Address Book,6.19,24,15318,United Kingdom,148.56
580819,12/6/2019,20992,Jazz Hearts Purse Notebook,7.24,24,15318,United Kingdom,173.76
580820,12/6/2019,22199,Frying Pan Red Retrospot,6.19,1,13685,United Kingdom,6.19
580820,12/6/2019,22476,Empire Union Jack Tv Dinner Tray,6.39,1,13685,United Kingdom,6.39
580822,12/6/2019,16169E,Wrap 50'S Christmas,6.19,25,17884,United Kingdom,154.75
580822,12/6/2019,21944,Kittens Design Flannel,6.19,12,17884,United Kingdom,74.28
580822,12/6/2019,23480,Mini Lights Woodland Mushrooms,6.19,3,17884,United Kingdom,18.57
580822,12/6/2019,22816,Card Motorbike Santa,6.19,12,17884,United Kingdom,74.28
580822,12/6/2019,22562,Monsters Stencil Craft,6.19,1,17884,United Kingdom,6.19
580822,12/6/2019,22563,Happy Stencil Craft,6.19,1,17884,United Kingdom,6.19
580822,12/6/2019,23365,Set 12 Colour Pencils Love London,6.19,1,17884,United Kingdom,6.19
580822,12/6/2019,20973,12 Pencil Small Tube Woodland,6.19,1,17884,United Kingdom,6.19
580822,12/6/2019,23378,Pack Of 12 50'S Christmas Tissues,6.19,4,17884,United Kingdom,24.76
580822,12/6/2019,22910,Paper Chain Kit Vintage Christmas,6.19,5,17884,United Kingdom,30.95
580822,12/6/2019,22195,Large Heart Measuring Spoons,6.19,1,17884,United Kingdom,6.19
580822,12/6/2019,22816,Card Motorbike Santa,6.19,12,17884,United Kingdom,74.28
580822,12/6/2019,22042,Christmas Card Singing Angel,6.19,12,17884,United Kingdom,74.28
580822,12/6/2019,22037,Robot Birthday Card,6.19,12,17884,United Kingdom,74.28
580822,12/6/2019,22042,Christmas Card Singing Angel,6.19,12,17884,United Kingdom,74.28
580822,12/6/2019,22027,Tea Party Birthday Card,6.19,12,17884,United Kingdom,74.28
580822,12/6/2019,16218,Cartoon Pencil Sharpeners,6.04,80,17884,United Kingdom,483.2
580822,12/6/2019,16216,Letter Shape Pencil Sharpener,6.19,80,17884,United Kingdom,495.2
580822,12/6/2019,23084,Rabbit Night Light,6.19,1,17884,United Kingdom,6.19
580822,12/6/2019,21191,Large White Honeycomb Paper Bell,6.19,4,17884,United Kingdom,24.76
580822,12/6/2019,21189,White Honeycomb Paper Garland,6.04,4,17884,United Kingdom,24.16
580822,12/6/2019,22474,Spaceboy Tv Dinner Tray,6.04,1,17884,United Kingdom,6.04
580822,12/6/2019,21262,White Goose Feather Christmas Tree,6.04,2,17884,United Kingdom,12.08
580822,12/6/2019,20727,Lunch Bag Black Skull,6.19,1,17884,United Kingdom,6.19
580830,12/6/2019,23144,Zinc T-Light Holder Stars Small,6.04,24,14825,United Kingdom,144.96
580830,12/6/2019,84970S,Hanging Heart Zinc T-Light Holder,6.04,24,14825,United Kingdom,144.96
580830,12/6/2019,21340,Classic Metal Birdcage Plant Holder,6.04,1,14825,United Kingdom,6.04
580830,12/6/2019,23493,Vintage Doily Travel Sewing Kit,6.04,10,14825,United Kingdom,60.4
580830,12/6/2019,84879,Assorted Colour Bird Ornament,6.19,8,14825,United Kingdom,49.52
580830,12/6/2019,23503,Playing Cards Keep Calm & Carry On,6.19,12,14825,United Kingdom,74.28
580831,12/6/2019,21285,Retrospot Candle Medium,6.04,12,14418,United Kingdom,72.48
580831,12/6/2019,21286,Retrospot Candle Large,6.19,12,14418,United Kingdom,74.28
580831,12/6/2019,21284,Retrospot Candle Small,6.19,12,14418,United Kingdom,74.28
580831,12/6/2019,22203,Milk Pan Red Retrospot,6.19,6,14418,United Kingdom,37.14
580831,12/6/2019,22199,Frying Pan Red Retrospot,6.19,6,14418,United Kingdom,37.14
580831,12/6/2019,22312,Office Mug Warmer Polkadot,6.19,24,14418,United Kingdom,148.56
580831,12/6/2019,22471,Tv Dinner Tray Air Hostess,6.19,8,14418,United Kingdom,49.52
580831,12/6/2019,22915,Assorted Bottle Top Magnets,6.19,24,14418,United Kingdom,148.56
580831,12/6/2019,22955,36 Foil Star Cake Cases,6.19,24,14418,United Kingdom,148.56
580831,12/6/2019,22956,36 Foil Heart Cake Cases,6.19,24,14418,United Kingdom,148.56
580831,12/6/2019,23425,Storage Tin Home Sweet Home,6.19,12,14418,United Kingdom,74.28
580831,12/6/2019,21260,First Aid Tin,6.13,6,14418,United Kingdom,36.78
580831,12/6/2019,21787,Rain Poncho Retrospot,6.19,24,14418,United Kingdom,148.56
580831,12/6/2019,21786,Polkadot Rain Hat,6.19,24,14418,United Kingdom,148.56
580831,12/6/2019,21788,Kids Rain Mac Blue,6.19,24,14418,United Kingdom,148.56
580831,12/6/2019,21666,Ridged Glass T-Light Holder,6.19,12,14418,United Kingdom,74.28
580831,12/6/2019,23036,T-Light Holder Silver Petit Four,6.19,12,14418,United Kingdom,74.28
580831,12/6/2019,22025,Ring Of Roses Birthday Card,6.19,12,14418,United Kingdom,74.28
580831,12/6/2019,21506,Fancy Font Birthday Card,6.19,12,14418,United Kingdom,74.28
580831,12/6/2019,22023,Empire Birthday Card,6.19,12,14418,United Kingdom,74.28
580831,12/6/2019,22928,Yellow Giant Garden Thermometer,6.19,2,14418,United Kingdom,12.38
580831,12/6/2019,23284,Doormat Keep Calm And Come In,6.19,2,14418,United Kingdom,12.38
580831,12/6/2019,48138,Doormat Union Flag,6.19,2,14418,United Kingdom,12.38
580831,12/6/2019,22961,Jam Making Set Printed,6.19,12,14418,United Kingdom,74.28
580831,12/6/2019,22467,Gumball Coat Rack,6.19,6,14418,United Kingdom,37.14
580831,12/6/2019,22457,Natural Slate Heart Chalkboard,6.19,6,14418,United Kingdom,37.14
580831,12/6/2019,23085,Antique Silver Bauble Lamp,6.19,2,14418,United Kingdom,12.38
580831,12/6/2019,22468,Babushka Lights String Of 10,6.19,2,14418,United Kingdom,12.38
580831,12/6/2019,22367,Childrens Apron Spaceboy Design,6.19,8,14418,United Kingdom,49.52
580831,12/6/2019,21156,Retrospot Childrens Apron,6.19,8,14418,United Kingdom,49.52
580831,12/6/2019,47593B,Scottie Dogs Baby Bib,6.19,48,14418,United Kingdom,297.12
580831,12/6/2019,22326,Round Snack Boxes Set Of4 Woodland,6.19,6,14418,United Kingdom,37.14
580831,12/6/2019,22629,Spaceboy Lunch Box,6.19,12,14418,United Kingdom,74.28
580831,12/6/2019,22631,Circus Parade Lunch Box,6.19,12,14418,United Kingdom,74.28
580831,12/6/2019,22900,Set 2 Tea Towels I Love London,6.19,12,14418,United Kingdom,74.28
580831,12/6/2019,23021,Glass Bonne Jam Jar,6.19,4,14418,United Kingdom,24.76
580831,12/6/2019,21401,Blue Pudding Spoon,6.19,24,14418,United Kingdom,148.56
580831,12/6/2019,23287,Red Vintage Spot Beaker,6.19,8,14418,United Kingdom,49.52
580831,12/6/2019,22197,Popcorn Holder,6.19,24,14418,United Kingdom,148.56
580831,12/6/2019,22095,Lads Only Tissue Box,6.19,36,14418,United Kingdom,222.84
580831,12/6/2019,23498,Classic Bicycle Clips,6.19,12,14418,United Kingdom,74.28
580831,12/6/2019,23552,Bicycle Puncture Repair Kit,6.19,6,14418,United Kingdom,37.14
580831,12/6/2019,22619,Set Of 6 Soldier Skittles,6.19,4,14418,United Kingdom,24.76
580831,12/6/2019,23569,Tradtional Alphabet Stamp Set,6.19,4,14418,United Kingdom,24.76
580831,12/6/2019,23309,Set Of 60 I Love London Cake Cases,6.19,24,14418,United Kingdom,148.56
580831,12/6/2019,23084,Rabbit Night Light,6.19,12,14418,United Kingdom,74.28
580831,12/6/2019,16016,Large Chinese Style Scissor,6.19,10,14418,United Kingdom,61.9
580831,12/6/2019,22456,Natural Slate Chalkboard Large,6.19,3,14418,United Kingdom,18.57
580831,12/6/2019,21212,Pack Of 72 Retrospot Cake Cases,6.19,24,14418,United Kingdom,148.56
580831,12/6/2019,23429,Red Retro Kitchen Wall Clock,6.19,2,14418,United Kingdom,12.38
580831,12/6/2019,23578,Snack Tray Red Gingham,6.19,8,14418,United Kingdom,49.52
580831,12/6/2019,23579,Snack Tray I Love London,6.19,8,14418,United Kingdom,49.52
580831,12/6/2019,22727,Alarm Clock Bakelike Red,6.19,4,14418,United Kingdom,24.76
580831,12/6/2019,22710,Wrap I Love London,6.19,25,14418,United Kingdom,154.75
580831,12/6/2019,23238,Set Of 4 Knick Knack Tins London,6.19,6,14418,United Kingdom,37.14
580831,12/6/2019,22704,Wrap Red Apples,6.19,25,14418,United Kingdom,154.75
580831,12/6/2019,23501,Key Ring Baseball Boot Union Jack,7.24,20,14418,United Kingdom,144.8
580831,12/6/2019,21137,Black Record Cover Frame,7.24,4,14418,United Kingdom,28.96
580831,12/6/2019,22193,Red Diner Wall Clock,7.24,2,14418,United Kingdom,14.48
580831,12/6/2019,22396,Magnets Pack Of 4 Retro Photo,7.24,12,14418,United Kingdom,86.88
580831,12/6/2019,22319,Hairclips Forties Fabric Assorted,7.24,36,14418,United Kingdom,260.64
580833,12/6/2019,22593,Christmas Gingham Star,7.24,1,16764,United Kingdom,7.24
580833,12/6/2019,23148,Miniature Antique Rose Hook Ivory,7.24,3,16764,United Kingdom,21.72
580833,12/6/2019,22621,Traditional Knitting Nancy,7.24,1,16764,United Kingdom,7.24
580833,12/6/2019,23210,White Rocking Horse Hand Painted,7.24,2,16764,United Kingdom,14.48
580833,12/6/2019,23211,Red Rocking Horse Hand Painted,7.24,2,16764,United Kingdom,14.48
580833,12/6/2019,23212,Heart Wreath Decoration With Bell,7.24,2,16764,United Kingdom,14.48
580833,12/6/2019,21818,Glitter Heart Decoration,7.24,6,16764,United Kingdom,43.44
580833,12/6/2019,21819,Glitter Christmas Star,7.24,1,16764,United Kingdom,7.24
580833,12/6/2019,22804,Pink Hanging Heart T-Light Holder,7.24,3,16764,United Kingdom,21.72
580833,12/6/2019,21733,Red Hanging Heart T-Light Holder,7.24,3,16764,United Kingdom,21.72
580833,12/6/2019,84836,Zinc Metal Heart Decoration,7.24,2,16764,United Kingdom,14.48
580833,12/6/2019,23390,Dolly Girl Mini Backpack,7.24,1,16764,United Kingdom,7.24
580833,12/6/2019,85123A,Cream Hanging Heart T-Light Holder,7.24,9,16764,United Kingdom,65.16
580833,12/6/2019,22326,Round Snack Boxes Set Of4 Woodland,7.24,1,16764,United Kingdom,7.24
580833,12/6/2019,21822,Glitter Christmas Tree With Bells,7.24,6,16764,United Kingdom,43.44
580833,12/6/2019,22630,Dolly Girl Lunch Box,7.24,2,16764,United Kingdom,14.48
580833,12/6/2019,22139,Retrospot Tea Set Ceramic 11 Pc,7.24,1,16764,United Kingdom,7.24
580833,12/6/2019,20914,Set/5 Red Retrospot Lid Glass Bowls,7.24,3,16764,United Kingdom,21.72
580833,12/6/2019,22138,Baking Set 9 Piece Retrospot,7.24,1,16764,United Kingdom,7.24
580833,12/6/2019,85032A,Romantic Images Gift Wrap Set,7.24,2,16764,United Kingdom,14.48
580833,12/6/2019,84347,Rotating Silver Angels T-Light Hldr,7.24,4,16764,United Kingdom,28.96
580833,12/6/2019,22617,Baking Set Spaceboy Design,7.24,1,16764,United Kingdom,7.24
580833,12/6/2019,23109,Pack Of Six Led Tea Lights,7.24,6,16764,United Kingdom,43.44
580833,12/6/2019,22654,Deluxe Sewing Kit,7.24,1,16764,United Kingdom,7.24
580833,12/6/2019,23494,Vintage Doily Deluxe Sewing Kit,7.24,2,16764,United Kingdom,14.48
580833,12/6/2019,22413,Metal Sign Take It Or Leave It,7.24,1,16764,United Kingdom,7.24
580833,12/6/2019,21164,Home Sweet Home Metal Sign,7.24,1,16764,United Kingdom,7.24
580833,12/6/2019,21914,Blue Harmonica In Box,7.24,1,16764,United Kingdom,7.24
580833,12/6/2019,21889,Wooden Box Of Dominoes,7.24,1,16764,United Kingdom,7.24
580833,12/6/2019,23493,Vintage Doily Travel Sewing Kit,7.24,1,16764,United Kingdom,7.24
580833,12/6/2019,23345,Dolly Girl Beaker,7.24,2,16764,United Kingdom,14.48
580833,12/6/2019,82494L,Wooden Frame Antique White,7.24,2,16764,United Kingdom,14.48
580833,12/6/2019,82482,Wooden Picture Frame White Finish,7.24,1,16764,United Kingdom,7.24
580833,12/6/2019,22596,Christmas Star Wish List Chalkboard,7.24,2,16764,United Kingdom,14.48
580833,12/6/2019,21931,Jumbo Storage Bag Suki,7.24,2,16764,United Kingdom,14.48
580833,12/6/2019,22470,Heart Of Wicker Large,7.24,1,16764,United Kingdom,7.24
580833,12/6/2019,22469,Heart Of Wicker Small,7.24,3,16764,United Kingdom,21.72
580833,12/6/2019,23321,Small White Heart Of Wicker,7.24,3,16764,United Kingdom,21.72
580833,12/6/2019,23344,Jumbo Bag 50'S Christmas,7.24,1,16764,United Kingdom,7.24
580833,12/6/2019,20725,Lunch Bag Red Retrospot,7.24,1,16764,United Kingdom,7.24
580833,12/6/2019,23583,Lunch Bag Paisley Park,7.24,1,16764,United Kingdom,7.24
580833,12/6/2019,20726,Lunch Bag Woodland,7.24,1,16764,United Kingdom,7.24
580833,12/6/2019,22384,Lunch Bag Pink Polkadot,7.24,1,16764,United Kingdom,7.24
580833,12/6/2019,23209,Lunch Bag Vintage Doily,7.24,2,16764,United Kingdom,14.48
580833,12/6/2019,22383,Lunch Bag Suki Design,7.24,2,16764,United Kingdom,14.48
580848,12/6/2019,21874,Gin And Tonic Mug,7.24,1,18005,United Kingdom,7.24
580848,12/6/2019,23333,Ivory Wicker Heart Medium,7.24,1,18005,United Kingdom,7.24
580848,12/6/2019,21812,Garland With Hearts And Bells,7.24,1,18005,United Kingdom,7.24
580848,12/6/2019,22571,Rocking Horse Red Christmas,7.24,1,18005,United Kingdom,7.24
580848,12/6/2019,22942,Christmas Lights 10 Santas,6.39,1,18005,United Kingdom,6.39
580848,12/6/2019,22114,Hot Water Bottle Tea And Sympathy,7.24,1,18005,United Kingdom,7.24
580848,12/6/2019,22900,Set 2 Tea Towels I Love London,7.24,1,18005,United Kingdom,7.24
580848,12/6/2019,23389,Spaceboy Mini Backpack,7.24,1,18005,United Kingdom,7.24
580848,12/6/2019,22560,Traditional Modelling Clay,7.24,1,18005,United Kingdom,7.24
580848,12/6/2019,22544,Mini Jigsaw Spaceboy,7.24,2,18005,United Kingdom,14.48
580848,12/6/2019,21790,Vintage Snap Cards,7.24,1,18005,United Kingdom,7.24
580848,12/6/2019,23369,Set 36 Colour Pencils Love London,6.39,1,18005,United Kingdom,6.39
580848,12/6/2019,23569,Tradtional Alphabet Stamp Set,6.19,1,18005,United Kingdom,6.19
580848,12/6/2019,22409,Money Box Biscuits Design,6.39,1,18005,United Kingdom,6.39
580848,12/6/2019,22619,Set Of 6 Soldier Skittles,7.24,1,18005,United Kingdom,7.24
580848,12/6/2019,72799E,Ivory Pillar Candle Silver Flock,7.24,1,18005,United Kingdom,7.24
580848,12/6/2019,82567,Airline Lounge Metal Sign,7.24,1,18005,United Kingdom,7.24
580848,12/6/2019,23082,Set 6 Paper Table Lantern Hearts,7.24,1,18005,United Kingdom,7.24
580848,12/6/2019,23553,Landmark Frame Camden Town,7.24,1,18005,United Kingdom,7.24
580848,12/6/2019,23570,Traditional Pick Up Sticks Game,7.24,1,18005,United Kingdom,7.24
580848,12/6/2019,21914,Blue Harmonica In Box,7.24,1,18005,United Kingdom,7.24
580848,12/6/2019,23569,Tradtional Alphabet Stamp Set,7.24,1,18005,United Kingdom,7.24
580848,12/6/2019,22617,Baking Set Spaceboy Design,7.24,1,18005,United Kingdom,7.24
580848,12/6/2019,23214,Jingle Bell Heart Antique Gold,6.19,1,18005,United Kingdom,6.19
580848,12/6/2019,23103,Jingle Bell Heart Decoration,6.19,1,18005,United Kingdom,6.19
580848,12/6/2019,23210,White Rocking Horse Hand Painted,6.19,1,18005,United Kingdom,6.19
580848,12/6/2019,22571,Rocking Horse Red Christmas,6.19,1,18005,United Kingdom,6.19
580848,12/6/2019,21813,Garland With Stars And Bells,6.19,1,18005,United Kingdom,6.19
580848,12/6/2019,21812,Garland With Hearts And Bells,6.19,1,18005,United Kingdom,6.19
580848,12/6/2019,23058,Christmas Hanging Snowflake,6.19,4,18005,United Kingdom,24.76
580848,12/6/2019,23333,Ivory Wicker Heart Medium,6.19,3,18005,United Kingdom,18.57
580848,12/6/2019,72800E,4 Ivory Dinner Candles Silver Flock,6.19,1,18005,United Kingdom,6.19
580848,12/6/2019,21790,Vintage Snap Cards,6.19,1,18005,United Kingdom,6.19
580848,12/6/2019,22619,Set Of 6 Soldier Skittles,6.19,1,18005,United Kingdom,6.19
580848,12/6/2019,22138,Baking Set 9 Piece Retrospot,6.19,1,18005,United Kingdom,6.19
580848,12/6/2019,22621,Traditional Knitting Nancy,6.19,2,18005,United Kingdom,12.38
580848,12/6/2019,22139,Retrospot Tea Set Ceramic 11 Pc,6.19,1,18005,United Kingdom,6.19
580852,12/6/2019,23366,Set 12 Colouring Pencils Doily,6.04,24,16790,United Kingdom,144.96
580852,12/6/2019,20975,12 Pencils Small Tube Red Retrospot,6.04,24,16790,United Kingdom,144.96
580852,12/6/2019,21051,Ribbons Purse,6.19,6,16790,United Kingdom,37.14
580852,12/6/2019,21932,Scandinavian Paisley Picnic Bag,6.19,10,16790,United Kingdom,61.9
580852,12/6/2019,21933,Pink Vintage Paisley Picnic Bag,6.19,10,16790,United Kingdom,61.9
580852,12/6/2019,21922,Union Stripe With Fringe Hammock,6.19,2,16790,United Kingdom,12.38
580852,12/6/2019,23581,Jumbo Bag Paisley Park,6.04,10,16790,United Kingdom,60.4
580852,12/6/2019,23583,Lunch Bag Paisley Park,6.19,10,16790,United Kingdom,61.9
580852,12/6/2019,20725,Lunch Bag Red Retrospot,6.04,10,16790,United Kingdom,60.4
580852,12/6/2019,23209,Lunch Bag Vintage Doily,6.04,10,16790,United Kingdom,60.4
580852,12/6/2019,23681,Lunch Bag Red Vintage Doily,6.04,10,16790,United Kingdom,60.4
580865,12/6/2019,22645,Ceramic Heart Fairy Cake Money Bank,6.19,1,17914,United Kingdom,6.19
580865,12/6/2019,22647,Ceramic Love Heart Money Bank,6.19,3,17914,United Kingdom,18.57
580865,12/6/2019,22634,Childs Breakfast Set Spaceboy,6.19,1,17914,United Kingdom,6.19
580865,12/6/2019,22635,Childs Breakfast Set Dolly Girl,6.19,1,17914,United Kingdom,6.19
580865,12/6/2019,22470,Heart Of Wicker Large,6.19,1,17914,United Kingdom,6.19
580865,12/6/2019,23355,Hot Water Bottle Keep Calm,6.19,1,17914,United Kingdom,6.19
580865,12/6/2019,23439,Hand Warmer Red Love Heart,6.13,1,17914,United Kingdom,6.13
580865,12/6/2019,90083,Crystal Czech Cross Phone Charm,6.13,12,17914,United Kingdom,73.56
580865,12/6/2019,90089,Pink Crystal Skull Phone Charm,6.19,12,17914,United Kingdom,74.28
580865,12/6/2019,22297,Heart Ivory Trellis Small,6.19,1,17914,United Kingdom,6.19
580865,12/6/2019,22227,Hanging Heart Mirror Decoration,6.19,1,17914,United Kingdom,6.19
580865,12/6/2019,23481,Pearlised Ivory Heart Small,6.19,1,17914,United Kingdom,6.19
580865,12/6/2019,23068,Aluminium Stamped Heart,6.19,5,17914,United Kingdom,30.95
580865,12/6/2019,23351,Roll Wrap 50'S Christmas,6.19,2,17914,United Kingdom,12.38
580865,12/6/2019,23320,Giant 50'S Christmas Cracker,6.19,5,17914,United Kingdom,30.95
580865,12/6/2019,23547,Wrap Flower Shop,6.19,25,17914,United Kingdom,154.75
580865,12/6/2019,23232,Wrap Vintage Leaf Design,6.19,50,17914,United Kingdom,309.5
580865,12/6/2019,23230,Wrap Alphabet Design,6.19,25,17914,United Kingdom,154.75
580865,12/6/2019,90089,Pink Crystal Skull Phone Charm,6.19,12,17914,United Kingdom,74.28
580865,12/6/2019,90093,Clear Crystal Star Phone Charm,6.19,12,17914,United Kingdom,74.28
580865,12/6/2019,22306,Silver Mug Bone China Tree Of Life,6.04,2,17914,United Kingdom,12.08
580865,12/6/2019,23320,Giant 50'S Christmas Cracker,6.19,4,17914,United Kingdom,24.76
580865,12/6/2019,23388,Woodland Mini Backpack,6.19,1,17914,United Kingdom,6.19
580865,12/6/2019,22434,Balloon Pump With 10 Balloons,6.19,1,17914,United Kingdom,6.19
580865,12/6/2019,17003,Brocade Ring Purse,6.19,36,17914,United Kingdom,222.84
580865,12/6/2019,22816,Card Motorbike Santa,6.19,24,17914,United Kingdom,148.56
580865,12/6/2019,22713,Card I Love London,6.19,12,17914,United Kingdom,74.28
580865,12/6/2019,23238,Set Of 4 Knick Knack Tins London,6.19,1,17914,United Kingdom,6.19
580865,12/6/2019,22489,Pack Of 12 Traditional Crayons,6.19,2,17914,United Kingdom,12.38
580865,12/6/2019,21914,Blue Harmonica In Box,6.19,2,17914,United Kingdom,12.38
580865,12/6/2019,23389,Spaceboy Mini Backpack,6.19,1,17914,United Kingdom,6.19
580865,12/6/2019,23390,Dolly Girl Mini Backpack,7.24,1,17914,United Kingdom,7.24
580865,12/6/2019,22113,Grey Heart Hot Water Bottle,7.24,1,17914,United Kingdom,7.24
580865,12/6/2019,23504,Playing Cards Jubilee Union Jack,6.39,1,17914,United Kingdom,6.39
580865,12/6/2019,22906,12 Message Cards With Envelopes,7.24,2,17914,United Kingdom,14.48
580865,12/6/2019,21381,Mini Wooden Happy Birthday Garland,7.24,1,17914,United Kingdom,7.24
580865,12/6/2019,22557,Plasters In Tin Vintage Paisley,7.24,1,17914,United Kingdom,7.24
580865,12/6/2019,23503,Playing Cards Keep Calm & Carry On,6.39,1,17914,United Kingdom,6.39
580865,12/6/2019,23505,Playing Cards I Love London,7.24,1,17914,United Kingdom,7.24
580865,12/6/2019,21588,Retrospot Giant Tube Matches,7.24,1,17914,United Kingdom,7.24
580865,12/6/2019,84051,Ass Colour Glowing Tiaras,6.04,1,17914,United Kingdom,6.04
580865,12/6/2019,84199,Glow In Dark Dolphins,6.19,2,17914,United Kingdom,12.38
580865,12/6/2019,22780,Light Garland Butterfiles Pink,6.04,1,17914,United Kingdom,6.04
580865,12/6/2019,22650,Ceramic Pirate Chest Money Bank,6.19,1,17914,United Kingdom,6.19
580865,12/6/2019,22644,Ceramic Cherry Cake Money Bank,6.19,1,17914,United Kingdom,6.19
580865,12/6/2019,22645,Ceramic Heart Fairy Cake Money Bank,6.19,1,17914,United Kingdom,6.19
580865,12/6/2019,21065,Boom Box Speaker Girls,6.19,1,17914,United Kingdom,6.19
580865,12/6/2019,21064,Boom Box Speaker Boys,6.19,1,17914,United Kingdom,6.19
580865,12/6/2019,22744,Make Your Own Monsoon Card Kit,6.19,4,17914,United Kingdom,24.76
580865,12/6/2019,85136A,Yellow Shark Helicopter,6.19,1,17914,United Kingdom,6.19
580865,12/6/2019,21891,Traditional Wooden Skipping Rope,6.19,1,17914,United Kingdom,6.19
580865,12/6/2019,22069,Brown Pirate Treasure Chest,6.19,1,17914,United Kingdom,6.19
580865,12/6/2019,22556,Plasters In Tin Circus Parade,6.19,1,17914,United Kingdom,6.19
580865,12/6/2019,85135C,Red Dragonfly Helicopter,6.19,1,17914,United Kingdom,6.19
580865,12/6/2019,22550,Holiday Fun Ludo,6.19,1,17914,United Kingdom,6.19
580865,12/6/2019,21913,Vintage Seaside Jigsaw Puzzles,6.19,1,17914,United Kingdom,6.19
580865,12/6/2019,21985,Pack Of 12 Hearts Design Tissues,6.19,12,17914,United Kingdom,74.28
580865,12/6/2019,23379,Pack Of 12 Red Apple Tissues,6.19,12,17914,United Kingdom,74.28
580865,12/6/2019,23356,Love Hot Water Bottle,6.19,1,17914,United Kingdom,6.19
580865,12/6/2019,23439,Hand Warmer Red Love Heart,6.19,1,17914,United Kingdom,6.19
580865,12/6/2019,22457,Natural Slate Heart Chalkboard,6.19,1,17914,United Kingdom,6.19
580865,12/6/2019,84077,World War 2 Gliders Asstd Designs,6.19,96,17914,United Kingdom,594.24
580865,12/6/2019,22435,Set Of 9 Heart Shaped Balloons,6.19,1,17914,United Kingdom,6.19
580865,12/6/2019,22555,Plasters In Tin Strongman,6.19,1,17914,United Kingdom,6.19
580865,12/6/2019,85227,Set Of 6 3d Kit Cards For Kids,6.19,1,17914,United Kingdom,6.19
580865,12/6/2019,21731,Red Toadstool Led Night Light,6.19,1,17914,United Kingdom,6.19
580865,12/6/2019,22906,12 Message Cards With Envelopes,6.19,4,17914,United Kingdom,24.76
580865,12/6/2019,22621,Traditional Knitting Nancy,6.19,1,17914,United Kingdom,6.19
580865,12/6/2019,21891,Traditional Wooden Skipping Rope,6.19,1,17914,United Kingdom,6.19
580865,12/6/2019,21890,S/6 Wooden Skittles In Cotton Bag,6.04,1,17914,United Kingdom,6.04
580865,12/6/2019,21892,Traditional Wooden Catch Cup Game,6.19,1,17914,United Kingdom,6.19
580865,12/6/2019,84051,Ass Colour Glowing Tiaras,6.19,2,17914,United Kingdom,12.38
580865,12/6/2019,22983,Card Billboard Font,6.19,12,17914,United Kingdom,74.28
580865,12/6/2019,22779,Wooden Owls Light Garland,6.19,1,17914,United Kingdom,6.19
580865,12/6/2019,23499,Set 12 Vintage Doily Chalk,6.19,2,17914,United Kingdom,12.38
580865,12/6/2019,22440,Balloon Water Bomb Pack Of 35,6.19,10,17914,United Kingdom,61.9
580865,12/6/2019,85227,Set Of 6 3d Kit Cards For Kids,6.39,1,17914,United Kingdom,6.39
580865,12/6/2019,23084,Rabbit Night Light,7.24,1,17914,United Kingdom,7.24
580865,12/6/2019,23077,Doughnut Lip Gloss,7.24,20,17914,United Kingdom,144.8
580865,12/6/2019,23201,Jumbo Bag Alphabet,6.39,1,17914,United Kingdom,6.39
580872,12/6/2019,22587,Feltcraft Hairband Red And Blue,6.19,1,18283,United Kingdom,6.19
580872,12/6/2019,23377,Pack Of 12 Dolly Girl Tissues,6.19,2,18283,United Kingdom,12.38
580872,12/6/2019,21981,Pack Of 12 Woodland Tissues,6.19,2,18283,United Kingdom,12.38
580872,12/6/2019,22614,Pack Of 12 Spaceboy Tissues,6.19,2,18283,United Kingdom,12.38
580872,12/6/2019,23378,Pack Of 12 50'S Christmas Tissues,6.19,2,18283,United Kingdom,12.38
580872,12/6/2019,21980,Pack Of 12 Red Retrospot Tissues,6.19,2,18283,United Kingdom,12.38
580872,12/6/2019,23379,Pack Of 12 Red Apple Tissues,6.19,2,18283,United Kingdom,12.38
580872,12/6/2019,21982,Pack Of 12 Suki Tissues,6.19,2,18283,United Kingdom,12.38
580872,12/6/2019,22616,Pack Of 12 London Tissues,6.19,2,18283,United Kingdom,12.38
580872,12/6/2019,21986,Pack Of 12 Pink Polkadot Tissues,6.19,2,18283,United Kingdom,12.38
580872,12/6/2019,23376,Pack Of 12 Vintage Christmas Tissue,6.19,2,18283,United Kingdom,12.38
580872,12/6/2019,23381,Pack Of 12 Vintage Leaf Tissues,6.19,2,18283,United Kingdom,12.38
580872,12/6/2019,21985,Pack Of 12 Hearts Design Tissues,6.19,2,18283,United Kingdom,12.38
580872,12/6/2019,21967,Pack Of 12 Skull Tissues,6.19,2,18283,United Kingdom,12.38
580872,12/6/2019,23551,Pack Of 12 Paisley Park Tissues,6.19,2,18283,United Kingdom,12.38
580872,12/6/2019,90099,Necklace+Bracelet Set Blue Hibiscus,6.19,1,18283,United Kingdom,6.19
580872,12/6/2019,22355,Charlotte Bag Suki Design,6.19,3,18283,United Kingdom,18.57
580872,12/6/2019,22661,Charlotte Bag Dolly Girl Design,6.19,3,18283,United Kingdom,18.57
580872,12/6/2019,20723,Strawberry Charlotte Bag,6.19,3,18283,United Kingdom,18.57
580872,12/6/2019,20724,Red Retrospot Charlotte Bag,6.19,3,18283,United Kingdom,18.57
580872,12/6/2019,22356,Charlotte Bag Pink Polkadot,6.19,3,18283,United Kingdom,18.57
580872,12/6/2019,23204,Charlotte Bag Apples Design,6.19,3,18283,United Kingdom,18.57
580872,12/6/2019,20718,Red Retrospot Shopper Bag,6.19,1,18283,United Kingdom,6.19
580872,12/6/2019,20717,Strawberry Shopper Bag,6.19,1,18283,United Kingdom,6.19
580872,12/6/2019,21930,Jumbo Storage Bag Skulls,6.19,3,18283,United Kingdom,18.57
580872,12/6/2019,21931,Jumbo Storage Bag Suki,6.04,3,18283,United Kingdom,18.12
580872,12/6/2019,23199,Jumbo Bag Apples,6.19,3,18283,United Kingdom,18.57
580872,12/6/2019,23200,Jumbo Bag Pears,6.19,3,18283,United Kingdom,18.57
580872,12/6/2019,23203,Jumbo Bag Vintage Doily,6.19,3,18283,United Kingdom,18.57
580872,12/6/2019,23582,Vintage Doily Jumbo Bag Red,6.19,3,18283,United Kingdom,18.57
580872,12/6/2019,20712,Jumbo Bag Woodland Animals,6.19,3,18283,United Kingdom,18.57
580872,12/6/2019,22386,Jumbo Bag Pink Polkadot,6.19,3,18283,United Kingdom,18.57
580872,12/6/2019,23581,Jumbo Bag Paisley Park,6.19,3,18283,United Kingdom,18.57
580872,12/6/2019,22385,Jumbo Bag Spaceboy Design,6.19,3,18283,United Kingdom,18.57
580872,12/6/2019,23202,Jumbo Bag Vintage Leaf,6.19,3,18283,United Kingdom,18.57
580872,12/6/2019,85099F,Jumbo Bag Strawberry,6.19,3,18283,United Kingdom,18.57
580872,12/6/2019,23343,Jumbo Bag Vintage Christmas,6.19,10,18283,United Kingdom,61.9
580872,12/6/2019,23344,Jumbo Bag 50'S Christmas,6.19,10,18283,United Kingdom,61.9
580872,12/6/2019,23208,Lunch Bag Vintage Leaf Design,6.19,3,18283,United Kingdom,18.57
580872,12/6/2019,22382,Lunch Bag Spaceboy Design,6.19,3,18283,United Kingdom,18.57
580872,12/6/2019,22383,Lunch Bag Suki Design,6.19,3,18283,United Kingdom,18.57
580872,12/6/2019,23583,Lunch Bag Paisley Park,6.19,3,18283,United Kingdom,18.57
580872,12/6/2019,22384,Lunch Bag Pink Polkadot,6.19,3,18283,United Kingdom,18.57
580872,12/6/2019,22662,Lunch Bag Dolly Girl Design,6.19,3,18283,United Kingdom,18.57
580872,12/6/2019,20725,Lunch Bag Red Retrospot,6.19,3,18283,United Kingdom,18.57
580872,12/6/2019,23206,Lunch Bag Apple Design,6.19,3,18283,United Kingdom,18.57
580872,12/6/2019,23209,Lunch Bag Vintage Doily,6.19,3,18283,United Kingdom,18.57
580872,12/6/2019,23681,Lunch Bag Red Vintage Doily,6.19,3,18283,United Kingdom,18.57
580872,12/6/2019,20727,Lunch Bag Black Skull,6.19,3,18283,United Kingdom,18.57
580872,12/6/2019,20726,Lunch Bag Woodland,6.19,3,18283,United Kingdom,18.57
580873,12/6/2019,48187,Doormat New England,6.19,20,15061,United Kingdom,123.8
580873,12/6/2019,23382,Box Of 6 Christmas Cake Decorations,7.24,240,15061,United Kingdom,1737.6
580873,12/6/2019,23293,Set Of 12 Fairy Cake Baking Cases,7.24,256,15061,United Kingdom,1853.44
580873,12/6/2019,22993,Set Of 4 Pantry Jelly Moulds,7.24,144,15061,United Kingdom,1042.56
580873,12/6/2019,22960,Jam Making Set With Jars,7.24,36,15061,United Kingdom,260.64
580873,12/6/2019,22952,60 Cake Cases Vintage Christmas,7.24,144,15061,United Kingdom,1042.56
580873,12/6/2019,22941,Christmas Lights 10 Reindeer,7.24,42,15061,United Kingdom,304.08
580873,12/6/2019,22659,Lunch Box I Love London,7.24,24,15061,United Kingdom,173.76
580873,12/6/2019,22630,Dolly Girl Lunch Box,7.24,36,15061,United Kingdom,260.64
580873,12/6/2019,22629,Spaceboy Lunch Box,6.39,64,15061,United Kingdom,408.96
580873,12/6/2019,22558,Clothes Pegs Retrospot Pack 24,7.24,144,15061,United Kingdom,1042.56
580873,12/6/2019,22467,Gumball Coat Rack,7.24,18,15061,United Kingdom,130.32
580873,12/6/2019,22423,Regency Cakestand 3 Tier,7.24,128,15061,United Kingdom,926.72
580873,12/6/2019,22328,Round Snack Boxes Set Of 4 Fruits,7.24,24,15061,United Kingdom,173.76
580873,12/6/2019,16237,Sleeping Cat Erasers,7.24,90,15061,United Kingdom,651.6
580874,12/6/2019,23552,Bicycle Puncture Repair Kit,7.24,18,14735,United Kingdom,130.32
580874,12/6/2019,23498,Classic Bicycle Clips,6.39,24,14735,United Kingdom,153.36
580874,12/6/2019,22727,Alarm Clock Bakelike Red,6.19,16,14735,United Kingdom,99.04
580874,12/6/2019,22726,Alarm Clock Bakelike Green,6.19,8,14735,United Kingdom,49.52
580874,12/6/2019,22728,Alarm Clock Bakelike Pink,6.19,8,14735,United Kingdom,49.52
580874,12/6/2019,22730,Alarm Clock Bakelike Ivory,6.19,16,14735,United Kingdom,99.04
580874,12/6/2019,22725,Alarm Clock Bakelike Chocolate,6.19,8,14735,United Kingdom,49.52
580874,12/6/2019,22192,Blue Diner Wall Clock,6.19,2,14735,United Kingdom,12.38
580874,12/6/2019,22191,Ivory Diner Wall Clock,6.19,2,14735,United Kingdom,12.38
580874,12/6/2019,23428,Ivory Retro Kitchen Wall Clock,6.19,6,14735,United Kingdom,37.14
580874,12/6/2019,23188,Vintage 2 Metre Folding Ruler,6.04,12,14735,United Kingdom,72.48
580874,12/6/2019,71459,Hanging Jam Jar T-Light Holders,6.19,48,14735,United Kingdom,297.12
580874,12/6/2019,22942,Christmas Lights 10 Santas,6.19,12,14735,United Kingdom,74.28
580874,12/6/2019,23305,Set 4 Picnic Cutlery Blueberry,6.19,12,14735,United Kingdom,74.28
580874,12/6/2019,23304,Set 4 Picnic Cutlery Cherry,6.19,12,14735,United Kingdom,74.28
580874,12/6/2019,23209,Lunch Bag Vintage Doily,6.19,30,14735,United Kingdom,185.7
580875,12/6/2019,21109,Large Cake Towel Chocolate Spots,6.19,24,17744,United Kingdom,148.56
580875,12/6/2019,21111,Swiss Roll Towel Chocolate Spots,6.19,24,17744,United Kingdom,148.56
580875,12/6/2019,21408,Spotty Pink Duck Doorstop,6.19,8,17744,United Kingdom,49.52
580875,12/6/2019,21564,Pink Heart Shape Love Bucket,6.19,24,17744,United Kingdom,148.56
580875,12/6/2019,21462,Nursery A B C Painted Letters,6.19,8,17744,United Kingdom,49.52
580875,12/6/2019,21705,Bag 500g Swirly Marbles,6.19,48,17744,United Kingdom,297.12
580875,12/6/2019,22057,Ceramic Plate Strawberry Design,6.19,16,17744,United Kingdom,99.04
580875,12/6/2019,22059,Ceramic Strawberry Design Mug,6.19,24,17744,United Kingdom,148.56
580875,12/6/2019,22055,Mini Cake Stand Hanging Strawbery,6.19,16,17744,United Kingdom,99.04
580875,12/6/2019,22061,Large Cake Stand Hanging Strawbery,6.19,8,17744,United Kingdom,49.52
580875,12/6/2019,22063,Ceramic Bowl With Strawberry Design,6.19,18,17744,United Kingdom,111.42
580875,12/6/2019,22067,Choc Truffle Gold Trinket Pot,7.24,36,17744,United Kingdom,260.64
580875,12/6/2019,22064,Pink Doughnut Trinket Pot,7.24,48,17744,United Kingdom,347.52
580875,12/6/2019,22118,Joy Wooden Block Letters,7.24,18,17744,United Kingdom,130.32
580875,12/6/2019,22124,Set Of 2 Tea Towels Ping Microwave,7.24,12,17744,United Kingdom,86.88
580875,12/6/2019,22107,Pizza Plate In Box,7.24,16,17744,United Kingdom,115.84
580875,12/6/2019,22119,Peace Wooden Block Letters,7.24,12,17744,United Kingdom,86.88
580875,12/6/2019,22108,Ping! Microwave Plate,7.24,16,17744,United Kingdom,115.84
580875,12/6/2019,22123,Ping Microwave Apron,7.24,12,17744,United Kingdom,86.88
580875,12/6/2019,22190,Local Cafe Mug,7.24,72,17744,United Kingdom,521.28
580875,12/6/2019,22314,Office Mug Warmer Choc+Blue,7.24,12,17744,United Kingdom,86.88
580875,12/6/2019,22407,Money Box First Aid Design,7.24,12,17744,United Kingdom,86.88
580875,12/6/2019,22405,Money Box Pocket Money Design,7.24,12,17744,United Kingdom,86.88
580875,12/6/2019,22408,Money Box Confectionery Design,7.24,12,17744,United Kingdom,86.88
580875,12/6/2019,22422,Toothpaste Tube Pen,7.24,150,17744,United Kingdom,1086
580875,12/6/2019,22438,Balloon Art Make Your Own Flowers,7.24,50,17744,United Kingdom,362
580875,12/6/2019,22495,Set Of 2 Round Tins Camembert,6.39,12,17744,United Kingdom,76.68
580875,12/6/2019,22496,Set Of 2 Round Tins Dutch Cheese,6.39,12,17744,United Kingdom,76.68
580875,12/6/2019,22500,Set Of 2 Tins Jardin De Provence,7.24,6,17744,United Kingdom,43.44
580875,12/6/2019,22511,Retrospot Babushka Doorstop,7.24,8,17744,United Kingdom,57.92
580875,12/6/2019,22512,Doorstop Racing Car Design,7.24,8,17744,United Kingdom,57.92
580875,12/6/2019,22513,Doorstop Football Design,6.19,8,17744,United Kingdom,49.52
580875,12/6/2019,22646,Ceramic Strawberry Cake Money Bank,7.24,36,17744,United Kingdom,260.64
580875,12/6/2019,22644,Ceramic Cherry Cake Money Bank,7.24,36,17744,United Kingdom,260.64
580875,12/6/2019,22754,Small Red Babushka Notebook,7.24,24,17744,United Kingdom,173.76
580875,12/6/2019,22756,Large Yellow Babushka Notebook,7.24,12,17744,United Kingdom,86.88
580875,12/6/2019,22758,Large Purple Babushka Notebook,7.24,12,17744,United Kingdom,86.88
580875,12/6/2019,22806,Set Of 6 T-Lights Wedding Cake,7.24,12,17744,United Kingdom,86.88
580875,12/6/2019,22811,Set Of 6 T-Lights Cacti,6.19,12,17744,United Kingdom,74.28
580875,12/6/2019,22807,Set Of 6 T-Lights Toadstools,7.24,12,17744,United Kingdom,86.88
580875,12/6/2019,22915,Assorted Bottle Top Magnets,6.39,96,17744,United Kingdom,613.44
580875,12/6/2019,23180,Mum's Kitchen Clock,6.39,12,17744,United Kingdom,76.68
580875,12/6/2019,23302,Kneeling Mat Housework Design,7.24,24,17744,United Kingdom,173.76
580875,12/6/2019,23533,Wall Art Garden Haven,7.24,6,17744,United Kingdom,43.44
580875,12/6/2019,35004G,Set Of 3 Gold Flying Ducks,7.24,12,17744,United Kingdom,86.88
580875,12/6/2019,84817,Danish Rose Decorative Plate,6.19,24,17744,United Kingdom,148.56
580875,12/6/2019,85173,Set/6 Frog Prince T-Light Candles,6.19,12,17744,United Kingdom,74.28
580875,12/6/2019,20932,Pink Pot Plant Candle,6.19,24,17744,United Kingdom,148.56
580875,12/6/2019,21563,Red Heart Shape Love Bucket,6.19,24,17744,United Kingdom,148.56
580876,12/6/2019,22701,Pink Dog Bowl,6.19,1,14071,United Kingdom,6.19
580876,12/6/2019,22703,Pink Cat Bowl,6.19,1,14071,United Kingdom,6.19
580876,12/6/2019,84926D,La Palmiera Tile Coaster,6.19,4,14071,United Kingdom,24.76
580876,12/6/2019,84926E,Flowers Tile Coaster,6.19,4,14071,United Kingdom,24.76
580876,12/6/2019,23416,Chambre Hook,6.19,1,14071,United Kingdom,6.19
580876,12/6/2019,23417,Bathroom Hook,6.19,1,14071,United Kingdom,6.19
580876,12/6/2019,23415,Home Sweet Home Hook,6.19,1,14071,United Kingdom,6.19
580876,12/6/2019,22394,Paperweight Kings Choice,6.19,1,14071,United Kingdom,6.19
580876,12/6/2019,22391,Paperweight Home Sweet Home,6.19,1,14071,United Kingdom,6.19
580876,12/6/2019,22393,Paperweight Vintage Collage,6.19,1,14071,United Kingdom,6.19
580876,12/6/2019,22395,Paperweight Vintage Paisley,6.39,1,14071,United Kingdom,6.39
580876,12/6/2019,22389,Paperweight Save The Planet,7.24,1,14071,United Kingdom,7.24
580876,12/6/2019,23182,Toilet Sign Occupied Or Vacant,7.24,2,14071,United Kingdom,14.48
580876,12/6/2019,84821,Danish Rose Deluxe Coaster,6.39,4,14071,United Kingdom,25.56
580876,12/6/2019,22632,Hand Warmer Red Retrospot,7.24,1,14071,United Kingdom,7.24
580876,12/6/2019,84380,Set Of 3 Butterfly Cookie Cutters,7.24,1,14071,United Kingdom,7.24
580876,12/6/2019,84510E,Set Of 4 Green Carousel Coasters,7.24,3,14071,United Kingdom,21.72
580876,12/6/2019,84927F,Psychedelic Tile Hook,6.19,2,14071,United Kingdom,12.38
580876,12/6/2019,23355,Hot Water Bottle Keep Calm,6.19,1,14071,United Kingdom,6.19
580876,12/6/2019,84032B,Charlie + Lola Red Hot Water Bottle,6.19,3,14071,United Kingdom,18.57
580876,12/6/2019,84032A,Charlie+Lola Pink Hot Water Bottle,6.19,3,14071,United Kingdom,18.57
580876,12/6/2019,22068,Black Pirate Treasure Chest,6.19,2,14071,United Kingdom,12.38
580876,12/6/2019,23284,Doormat Keep Calm And Come In,6.19,2,14071,United Kingdom,12.38
580876,12/6/2019,21452,Toadstool Money Box,6.19,3,14071,United Kingdom,18.57
580876,12/6/2019,21411,Gingham Heart Doorstop Red,6.19,1,14071,United Kingdom,6.19
580876,12/6/2019,22512,Doorstop Racing Car Design,6.19,2,14071,United Kingdom,12.38
580876,12/6/2019,22511,Retrospot Babushka Doorstop,6.19,1,14071,United Kingdom,6.19
580876,12/6/2019,22510,Gingham Babushka Doorstop,6.19,2,14071,United Kingdom,12.38
580876,12/6/2019,22438,Balloon Art Make Your Own Flowers,6.19,5,14071,United Kingdom,30.95
580876,12/6/2019,23389,Spaceboy Mini Backpack,6.19,1,14071,United Kingdom,6.19
580876,12/6/2019,23390,Dolly Girl Mini Backpack,6.19,1,14071,United Kingdom,6.19
580876,12/6/2019,22380,Toy Tidy Spaceboy,6.19,2,14071,United Kingdom,12.38
580876,12/6/2019,22185,Slate Tile Natural Hanging,6.19,2,14071,United Kingdom,12.38
580876,12/6/2019,23544,Wall Art Mid Century Modern,6.19,1,14071,United Kingdom,6.19
580876,12/6/2019,22197,Popcorn Holder,6.19,5,14071,United Kingdom,30.95
580876,12/6/2019,72799C,Pink Pillar Candle Silver Flock,6.19,2,14071,United Kingdom,12.38
580876,12/6/2019,72799E,Ivory Pillar Candle Silver Flock,6.19,2,14071,United Kingdom,12.38
580876,12/6/2019,79149B,Silicon Star Bulb Blue,6.19,1,14071,United Kingdom,6.19
580876,12/6/2019,72800B,4 Purple Flock Dinner Candles,6.19,1,14071,United Kingdom,6.19
580876,12/6/2019,72800C,4 Pink Dinner Candle Silver Flock,6.19,1,14071,United Kingdom,6.19
580876,12/6/2019,72800E,4 Ivory Dinner Candles Silver Flock,6.19,1,14071,United Kingdom,6.19
580876,12/6/2019,85071C,"Charlie+Lola""Extremely Busy"" Sign",6.19,1,14071,United Kingdom,6.19
580876,12/6/2019,85071B,Red Charlie+Lola Personal Doorsign,6.19,2,14071,United Kingdom,12.38
580876,12/6/2019,85071D,Charlie+Lola My Room Door Sign,6.19,1,14071,United Kingdom,6.19
580876,12/6/2019,85071A,Blue Charlie+Lola Personal Doorsign,6.19,2,14071,United Kingdom,12.38
580876,12/6/2019,22314,Office Mug Warmer Choc+Blue,6.19,1,14071,United Kingdom,6.19
580876,12/6/2019,22313,Office Mug Warmer Pink,6.19,1,14071,United Kingdom,6.19
580876,12/6/2019,22055,Mini Cake Stand Hanging Strawbery,6.19,2,14071,United Kingdom,12.38
580876,12/6/2019,22667,Recipe Box Retrospot,6.19,1,14071,United Kingdom,6.19
580876,12/6/2019,22119,Peace Wooden Block Letters,6.19,2,14071,United Kingdom,12.38
580876,12/6/2019,22118,Joy Wooden Block Letters,6.19,2,14071,United Kingdom,12.38
580876,12/6/2019,22695,Wicker Wreath Small,6.19,2,14071,United Kingdom,12.38
580876,12/6/2019,22758,Large Purple Babushka Notebook,6.19,1,14071,United Kingdom,6.19
580876,12/6/2019,22756,Large Yellow Babushka Notebook,6.19,1,14071,United Kingdom,6.19
580876,12/6/2019,22757,Large Red Babushka Notebook,6.19,1,14071,United Kingdom,6.19
580876,12/6/2019,22754,Small Red Babushka Notebook,6.19,1,14071,United Kingdom,6.19
580876,12/6/2019,22753,Small Yellow Babushka Notebook,6.19,1,14071,United Kingdom,6.19
580876,12/6/2019,22755,Small Purple Babushka Notebook,6.19,1,14071,United Kingdom,6.19
580876,12/6/2019,22509,Sewing Box Retrospot Design,6.19,1,14071,United Kingdom,6.19
580876,12/6/2019,22057,Ceramic Plate Strawberry Design,6.19,8,14071,United Kingdom,49.52
580876,12/6/2019,22215,Cake Stand White Two Tier Lace,6.19,2,14071,United Kingdom,12.38
580876,12/6/2019,22385,Jumbo Bag Spaceboy Design,6.19,2,14071,United Kingdom,12.38
580876,12/6/2019,22382,Lunch Bag Spaceboy Design,6.19,2,14071,United Kingdom,12.38
580876,12/6/2019,22383,Lunch Bag Suki Design,6.19,2,14071,United Kingdom,12.38
580877,12/6/2019,21670,Blue Spot Ceramic Drawer Knob,6.19,3,17250,United Kingdom,18.57
580877,12/6/2019,22771,Clear Drawer Knob Acrylic Edwardian,6.19,1,17250,United Kingdom,6.19
580877,12/6/2019,23031,Drawer Knob Crackle Glaze Pink,6.19,1,17250,United Kingdom,6.19
580877,12/6/2019,23035,Drawer Knob Ceramic Ivory,6.02,1,17250,United Kingdom,6.02
580877,12/6/2019,23029,Drawer Knob Crackle Glaze Green,6.19,2,17250,United Kingdom,12.38
580877,12/6/2019,21673,White Spot Blue Ceramic Drawer Knob,6.19,3,17250,United Kingdom,18.57
580877,12/6/2019,23247,Biscuit Tin 50'S Christmas,6.19,1,17250,United Kingdom,6.19
580877,12/6/2019,22562,Monsters Stencil Craft,6.19,7,17250,United Kingdom,43.33
580877,12/6/2019,22563,Happy Stencil Craft,6.19,3,17250,United Kingdom,18.57
580877,12/6/2019,22423,Regency Cakestand 3 Tier,6.04,2,17250,United Kingdom,12.08
580877,12/6/2019,23493,Vintage Doily Travel Sewing Kit,6.04,1,17250,United Kingdom,6.04
580877,12/6/2019,84347,Rotating Silver Angels T-Light Hldr,6.19,1,17250,United Kingdom,6.19
580877,12/6/2019,23419,Home Sweet Home Bottle,6.19,1,17250,United Kingdom,6.19
580877,12/6/2019,23418,Lavender Toilette Bottle,6.19,1,17250,United Kingdom,6.19
580877,12/6/2019,23371,Set 36 Colour Pencils Spaceboy,6.19,7,17250,United Kingdom,43.33
580877,12/6/2019,20973,12 Pencil Small Tube Woodland,6.04,3,17250,United Kingdom,18.12
580877,12/6/2019,21810,Christmas Hanging Star With Bell,6.04,1,17250,United Kingdom,6.04
580877,12/6/2019,22583,Pack Of 6 Handbag Gift Boxes,6.04,1,17250,United Kingdom,6.04
580877,12/6/2019,21059,Party Invites Dinosaurs,6.04,3,17250,United Kingdom,18.12
580877,12/6/2019,21756,Bath Building Block Word,6.04,1,17250,United Kingdom,6.04
580877,12/6/2019,84347,Rotating Silver Angels T-Light Hldr,6.19,1,17250,United Kingdom,6.19
580877,12/6/2019,21914,Blue Harmonica In Box,6.19,1,17250,United Kingdom,6.19
580877,12/6/2019,22796,Photo Frame 3 Classic Hanging,6.19,2,17250,United Kingdom,12.38
580877,12/6/2019,21466,Red Flower Crochet Food Cover,6.19,1,17250,United Kingdom,6.19
580877,12/6/2019,23490,T-Light Holder Hanging Love Bird,6.19,12,17250,United Kingdom,74.28
580877,12/6/2019,22038,Botanical Lavender Gift Wrap,6.19,25,17250,United Kingdom,154.75
580877,12/6/2019,21621,Vintage Union Jack Bunting,6.19,4,17250,United Kingdom,24.76
580877,12/6/2019,22835,Hot Water Bottle I Am So Poorly,6.19,1,17250,United Kingdom,6.19
580877,12/6/2019,20763,Daisy Sketchbook,6.19,1,17250,United Kingdom,6.19
580877,12/6/2019,23210,White Rocking Horse Hand Painted,6.19,1,17250,United Kingdom,6.19
580877,12/6/2019,22578,Wooden Star Christmas Scandinavian,7.24,2,17250,United Kingdom,14.48
580877,12/6/2019,23275,Set Of 3 Hanging Owls Ollie Beak,7.24,1,17250,United Kingdom,7.24
580877,12/6/2019,23240,Set Of 4 Knick Knack Tins Doily,7.24,1,17250,United Kingdom,7.24
580877,12/6/2019,20973,12 Pencil Small Tube Woodland,7.24,1,17250,United Kingdom,7.24
580878,12/6/2019,23547,Wrap Flower Shop,7.24,25,14113,United Kingdom,181
580878,12/6/2019,23232,Wrap Vintage Leaf Design,7.24,25,14113,United Kingdom,181
580878,12/6/2019,22705,Wrap Green Pears,7.24,25,14113,United Kingdom,181
580878,12/6/2019,22560,Traditional Modelling Clay,7.24,24,14113,United Kingdom,173.76
580878,12/6/2019,84380,Set Of 3 Butterfly Cookie Cutters,7.24,12,14113,United Kingdom,86.88
580878,12/6/2019,23237,Set Of 4 Knick Knack Tins Leaf,7.24,6,14113,United Kingdom,43.44
580878,12/6/2019,23565,Egg Cup Milkmaid Helga,7.24,12,14113,United Kingdom,86.88
580878,12/6/2019,23564,Egg Cup Milkmaid Ingrid,7.24,12,14113,United Kingdom,86.88
580878,12/6/2019,23580,Snack Tray Happy Forest,7.24,8,14113,United Kingdom,57.92
580878,12/6/2019,22111,Scottie Dog Hot Water Bottle,7.24,72,14113,United Kingdom,521.28
580878,12/6/2019,23206,Lunch Bag Apple Design,7.24,10,14113,United Kingdom,72.4
580879,12/6/2019,20975,12 Pencils Small Tube Red Retrospot,7.24,1,17346,United Kingdom,7.24
580879,12/6/2019,23497,Classic Chrome Bicycle Bell,7.24,2,17346,United Kingdom,14.48
580879,12/6/2019,23498,Classic Bicycle Clips,7.24,2,17346,United Kingdom,14.48
580879,12/6/2019,20718,Red Retrospot Shopper Bag,7.24,2,17346,United Kingdom,14.48
580879,12/6/2019,20717,Strawberry Shopper Bag,7.24,2,17346,United Kingdom,14.48
580879,12/6/2019,20724,Red Retrospot Charlotte Bag,7.24,2,17346,United Kingdom,14.48
580879,12/6/2019,84879,Assorted Colour Bird Ornament,7.24,8,17346,United Kingdom,57.92
580879,12/6/2019,22863,Soap Dish Brocante,7.24,1,17346,United Kingdom,7.24
580879,12/6/2019,21484,Chick Grey Hot Water Bottle,7.24,1,17346,United Kingdom,7.24
580879,12/6/2019,22835,Hot Water Bottle I Am So Poorly,7.24,1,17346,United Kingdom,7.24
580879,12/6/2019,22114,Hot Water Bottle Tea And Sympathy,7.24,2,17346,United Kingdom,14.48
580879,12/6/2019,22988,Soldiers Egg Cup,7.24,2,17346,United Kingdom,14.48
580879,12/6/2019,22976,Circus Parade Childrens Egg Cup,6.39,1,17346,United Kingdom,6.39
580879,12/6/2019,21212,Pack Of 72 Retrospot Cake Cases,7.24,1,17346,United Kingdom,7.24
580879,12/6/2019,22631,Circus Parade Lunch Box,6.39,1,17346,United Kingdom,6.39
580879,12/6/2019,84519A,Tomato Charlie+Lola Coaster Set,7.24,1,17346,United Kingdom,7.24
580879,12/6/2019,84519B,Carrot Charlie+Lola Coaster Set,7.24,1,17346,United Kingdom,7.24
580879,12/6/2019,21485,Retrospot Heart Hot Water Bottle,7.24,1,17346,United Kingdom,7.24
580879,12/6/2019,22112,Chocolate Hot Water Bottle,7.24,1,17346,United Kingdom,7.24
580879,12/6/2019,22178,Victorian Glass Hanging T-Light,7.24,6,17346,United Kingdom,43.44
580879,12/6/2019,22111,Scottie Dog Hot Water Bottle,7.24,2,17346,United Kingdom,14.48
580879,12/6/2019,85104,Silver Glass T-Light Set,7.24,2,17346,United Kingdom,14.48
580879,12/6/2019,22629,Spaceboy Lunch Box,7.24,1,17346,United Kingdom,7.24
580879,12/6/2019,21115,Rose Caravan Doorstop,7.24,1,17346,United Kingdom,7.24
580879,12/6/2019,21411,Gingham Heart Doorstop Red,7.24,1,17346,United Kingdom,7.24
580879,12/6/2019,20713,Jumbo Bag Owls,7.24,2,17346,United Kingdom,14.48
580879,12/6/2019,85099F,Jumbo Bag Strawberry,7.24,2,17346,United Kingdom,14.48
580879,12/6/2019,21928,Jumbo Bag Scandinavian Blue Paisley,7.24,2,17346,United Kingdom,14.48
580879,12/6/2019,85099B,Jumbo Bag Red Retrospot,7.24,10,17346,United Kingdom,72.4
580879,12/6/2019,23581,Jumbo Bag Paisley Park,7.24,3,17346,United Kingdom,21.72
580879,12/6/2019,23208,Lunch Bag Vintage Leaf Design,7.24,1,17346,United Kingdom,7.24
580880,12/6/2019,23084,Rabbit Night Light,7.24,24,14121,United Kingdom,173.76
580880,12/6/2019,20705,Mrs Robot Soft Toy,7.24,8,14121,United Kingdom,57.92
580880,12/6/2019,20704,Mr Robot Soft Toy,7.24,16,14121,United Kingdom,115.84
580880,12/6/2019,21705,Bag 500g Swirly Marbles,7.24,72,14121,United Kingdom,521.28
580880,12/6/2019,21563,Red Heart Shape Love Bucket,7.24,24,14121,United Kingdom,173.76
